episode_id,player,agent,result,day,hour,step,money,delta_money,hands,hires_today,unlocked,n_unlocked,plants,animals,weeds,structures,seeds_wheat,shed_wheat,town_shops,cum_sell_revenue,sell_rev_prev_day,ops_water_prev,ops_feed_prev,ops_care_prev,ops_harvest_prev,ops_plant_prev,ops_move_prev,ops_pass_prev,crop_WHEAT,crop_CARROT,crop_TOMATO,crop_STRAWBERRY,crop_MELON,animal_GOOSE,animal_COW,animal_SHEEP,sell_qty_prev_WHEAT,sell_qty_prev_MELON,sell_qty_prev_STRAWBERRY,sell_qty_prev_MILK,sell_qty_prev_WOOL,sell_qty_prev_EGG,sell_qty_prev_FERTILIZER
90444865,0,Mohit Rao,win,0,0,0,3000.0,0.0,0,0,NW,1,0,0,0,0,0,0,0,0.0,0.0,0,0,0,0,0,0,0,0,0,0,0,0,0,0,0,0,0,0,0,0,0,0
90444865,0,Mohit Rao,win,1,0,24,105.0,-2895.0,0,0,NW,1,19,4,0,6,0,0,0,0.0,0.0,19,2,2,0,19,33,46,7,0,0,0,12,0,2,2,0,0,0,0,0,0,0
90444865,0,Mohit Rao,win,2,0,48,14.0,-91.0,0,0,NW,1,19,4,0,6,0,6,0,198.0,198.0,0,4,4,0,0,9,6,7,0,0,0,12,0,2,2,0,0,0,0,0,0,2
90444865,0,Mohit Rao,win,3,0,72,175.0,161.0,0,0,NW,1,19,4,0,6,0,5,1,456.0,258.0,19,2,4,0,0,33,48,7,0,0,0,12,0,2,2,2,0,0,0,0,0,2
90444865,0,Mohit Rao,win,4,0,96,30.0,-145.0,0,0,NW,1,19,5,0,6,0,5,1,844.0,388.0,7,4,4,0,0,31,85,7,0,0,0,12,0,3,2,0,0,0,0,0,0,4
90444865,0,Mohit Rao,win,5,0,120,300.0,270.0,0,0,NW,1,19,5,0,6,0,35,1,1577.0,733.0,28,5,5,7,7,52,29,7,0,0,0,12,0,3,2,5,0,0,0,0,0,6
90444865,0,Mohit Rao,win,6,0,144,946.0,646.0,0,0,NW,1,19,6,0,6,0,6,2,2556.0,979.0,0,4,5,0,0,14,18,7,0,0,0,12,0,4,2,25,0,0,0,0,0,3
90444865,0,Mohit Rao,win,7,0,168,1014.0,68.0,0,0,NW,1,19,6,0,6,0,13,2,3104.0,548.0,19,6,6,2,0,38,36,7,0,0,0,12,0,4,2,3,0,0,0,0,0,5
90444865,0,Mohit Rao,win,8,0,192,592.0,-422.0,0,0,"NE,NW",2,26,10,0,12,0,11,2,6530.0,3426.0,26,7,8,0,7,54,36,7,0,0,7,12,0,6,4,6,0,0,0,12,0,5
90444865,0,Mohit Rao,win,9,0,216,2615.0,2023.0,0,0,"NE,NW",2,30,10,0,12,0,43,3,10713.0,3043.0,31,10,10,9,11,90,49,7,0,0,11,12,0,6,4,0,0,0,12,0,0,7
90444865,0,Mohit Rao,win,10,0,240,2210.0,-405.0,0,0,"NE,NW",2,38,12,0,12,0,21,3,14235.0,4662.0,27,8,10,1,8,88,108,7,0,0,19,12,0,8,4,14,0,0,12,8,0,0
90444865,0,Mohit Rao,win,11,0,264,10960.0,8750.0,0,0,"NE,NW",2,28,12,0,12,0,23,3,30769.0,16534.0,22,12,12,12,0,115,18,7,0,0,19,2,0,8,4,5,54,0,6,8,0,0
90444865,0,Mohit Rao,win,12,0,288,11743.0,783.0,0,0,"NE,NW,SW",3,58,14,0,14,0,25,4,40728.0,9959.0,56,12,14,4,32,120,63,7,0,0,39,12,0,8,6,35,42,0,6,0,0,9
90444865,0,Mohit Rao,win,13,0,312,17536.0,5793.0,0,0,"NE,NW,SW",3,61,14,0,14,0,53,4,50482.0,7046.0,20,14,14,11,10,66,35,7,0,0,42,12,0,8,6,6,6,0,15,8,0,12
90444865,0,Mohit Rao,win,14,0,336,18668.0,1132.0,0,0,"NE,NW,SW",3,61,14,0,14,0,25,4,51680.0,3906.0,51,14,14,1,0,104,27,7,0,0,42,12,0,8,6,14,0,0,3,8,0,11
90444865,0,Mohit Rao,win,15,0,360,23043.0,4375.0,0,0,"NE,NW,SW",3,61,14,0,14,0,39,5,58806.0,7126.0,14,14,14,3,0,69,16,7,0,0,42,12,0,8,6,6,0,0,9,18,0,9
90444865,0,Mohit Rao,win,16,0,384,25310.0,2267.0,0,0,"NE,NW,SW",3,61,14,0,14,0,25,5,63015.0,3111.0,59,14,14,7,0,133,58,7,0,0,42,12,0,8,6,0,0,0,12,0,0,6
90444865,0,Mohit Rao,win,17,0,408,31275.0,5965.0,0,0,"NE,NW,SW",3,61,14,0,14,0,53,5,72266.0,9740.0,28,14,14,11,7,93,14,7,0,0,42,12,0,8,6,6,0,0,33,8,0,11
90444865,0,Mohit Rao,win,18,0,432,36943.0,5668.0,0,0,"NE,NW,SW",3,61,14,0,14,0,25,6,82562.0,5843.0,47,14,14,13,0,129,26,7,0,0,42,12,0,8,6,14,0,6,9,8,0,2
90444865,0,Mohit Rao,win,19,0,456,45543.0,8600.0,0,0,"NE,NW,SW",3,61,14,0,14,0,11,6,92396.0,13036.0,36,14,14,10,0,137,68,7,0,0,42,12,0,8,6,0,0,8,33,22,0,6
90444865,0,Mohit Rao,win,20,0,480,54378.0,8835.0,0,0,"NE,NW,SW",3,61,14,0,14,0,25,6,108818.0,16950.0,47,14,14,22,0,139,32,7,0,0,42,12,0,8,6,6,0,14,21,40,0,5
90444865,0,Mohit Rao,win,21,0,504,57655.0,3277.0,0,0,"NE,NW,SW",3,61,14,0,14,0,59,7,115495.0,6509.0,56,14,14,13,7,159,25,7,0,0,42,12,0,8,6,6,0,22,3,4,0,0
90444865,0,Mohit Rao,win,22,0,528,78208.0,20553.0,0,0,"NE,NW,SW",3,56,14,0,14,0,19,7,140991.0,26411.0,21,14,14,32,0,176,20,7,0,0,42,7,0,8,6,30,60,47,23,17,0,6
90444865,0,Mohit Rao,win,23,0,552,80555.0,2347.0,0,0,"NE,NW,SW",3,57,14,0,14,0,25,7,147902.0,6416.0,55,14,14,25,7,176,6,14,0,0,42,1,0,8,6,20,0,8,6,11,0,0
90444865,0,Mohit Rao,win,24,0,576,95222.0,14667.0,0,0,"NE,NW,SW",3,57,14,0,14,0,11,8,164230.0,15832.0,22,14,14,39,5,177,34,19,0,0,38,0,0,8,6,0,36,47,21,8,0,1
90444865,0,Mohit Rao,win,25,0,600,105117.0,9895.0,0,0,"NE,NW,SW",3,56,14,2,14,0,49,8,175737.0,11174.0,57,14,14,19,11,163,14,23,0,0,33,0,0,8,6,6,12,37,31,8,0,0
90444865,0,Mohit Rao,win,26,0,624,112082.0,6965.0,0,0,"NE,NW,SW",3,51,14,1,14,0,25,8,185314.0,11486.0,23,14,14,32,5,165,21,28,0,0,23,0,0,8,6,16,6,35,21,16,0,0
90444865,0,Mohit Rao,win,27,0,648,112724.0,642.0,0,0,"NE,NW,SW",3,60,14,1,14,1,53,8,188194.0,2880.0,60,14,14,11,17,155,36,37,0,0,23,0,0,8,6,6,0,32,6,4,0,0
90444865,0,Mohit Rao,win,28,0,672,120601.0,7877.0,0,0,"NE,NW,SW",3,52,14,1,14,1,37,8,198280.0,10086.0,31,14,14,32,5,139,45,37,0,0,15,0,0,8,6,22,0,11,30,4,0,27
90444865,0,Mohit Rao,win,29,0,696,130446.0,9845.0,0,0,"NE,NW,SW",3,8,14,2,14,1,49,8,208185.0,9238.0,33,14,14,38,0,167,15,8,0,0,0,0,0,8,6,48,0,33,9,16,0,17
90444865,0,Mohit Rao,win,29,23,719,141713.0,11267.0,5,5,"NE,NW,SW",3,0,14,1,14,1,0,8,219381.0,9238.0,33,14,14,38,0,167,15,0,0,0,0,0,0,8,6,48,0,33,9,16,0,17
90444865,1,Keito,loss,0,0,0,3000.0,0.0,0,0,NW,1,0,0,0,0,0,0,0,0.0,0.0,0,0,0,0,0,0,0,0,0,0,0,0,0,0,0,0,0,0,0,0,0,0
90444865,1,Keito,loss,1,0,24,105.0,-2895.0,0,0,NW,1,19,4,0,6,0,0,0,0.0,0.0,19,2,2,0,19,33,46,7,0,0,0,12,0,2,2,0,0,0,0,0,0,0
90444865,1,Keito,loss,2,0,48,14.0,-91.0,0,0,NW,1,19,4,0,6,0,6,0,198.0,198.0,0,4,4,0,0,9,6,7,0,0,0,12,0,2,2,0,0,0,0,0,0,2
90444865,1,Keito,loss,3,0,72,175.0,161.0,0,0,NW,1,19,4,0,6,0,5,1,1417.0,1219.0,19,2,4,0,0,33,48,7,0,0,0,12,0,2,2,33,0,0,0,0,0,2
90444865,1,Keito,loss,4,0,96,61.0,-114.0,0,0,NW,1,19,5,0,6,0,4,1,2115.0,698.0,7,4,4,0,0,31,85,7,0,0,0,12,0,3,2,10,0,0,0,0,0,4
90444865,1,Keito,loss,5,0,120,297.0,236.0,0,0,NW,1,19,5,0,6,0,35,1,2947.0,832.0,28,5,5,7,7,52,29,7,0,0,0,12,0,3,2,8,0,0,0,0,0,6
90444865,1,Keito,loss,6,0,144,943.0,646.0,0,0,NW,1,19,6,0,6,0,6,2,3926.0,979.0,0,4,5,0,0,14,18,7,0,0,0,12,0,4,2,25,0,0,0,0,0,3
90444865,1,Keito,loss,7,0,168,1009.0,66.0,0,0,NW,1,19,6,0,6,0,13,2,4691.0,765.0,19,6,6,2,0,38,36,7,0,0,0,12,0,4,2,10,0,0,0,0,0,5
90444865,1,Keito,loss,8,0,192,587.0,-422.0,0,0,"NE,NW",2,26,10,1,12,0,11,2,9569.0,4878.0,26,7,8,0,7,54,36,7,0,0,7,12,0,6,4,50,0,0,0,12,0,5
90444865,1,Keito,loss,9,0,216,2645.0,2058.0,0,0,"NE,NW",2,30,10,1,12,0,42,3,13752.0,3043.0,31,10,10,9,11,90,49,7,0,0,11,12,0,6,4,0,0,0,12,0,0,7
90444865,1,Keito,loss,10,0,240,2240.0,-405.0,0,0,"NE,NW",2,37,12,0,12,0,20,3,16326.0,3714.0,27,8,10,1,7,88,108,7,0,0,18,12,0,8,4,14,0,0,12,4,0,0
90444865,1,Keito,loss,11,0,264,10971.0,8731.0,0,0,"NE,NW",2,27,12,0,12,0,22,3,33312.0,16986.0,22,12,12,12,0,115,18,7,0,0,18,2,0,8,4,44,54,0,6,4,0,0
90444865,1,Keito,loss,12,0,288,11670.0,699.0,0,0,"NE,NW,SW",3,57,14,0,14,0,24,4,44860.0,11548.0,56,12,14,4,32,120,63,7,0,0,38,12,0,8,6,77,42,0,6,0,0,9
90444865,1,Keito,loss,13,0,312,17455.0,5785.0,0,0,"NE,NW,SW",3,60,14,0,14,0,52,4,55394.0,7826.0,20,14,14,11,10,66,35,7,0,0,41,12,0,8,6,26,6,0,15,8,0,12
90444865,1,Keito,loss,14,0,336,18587.0,1132.0,0,0,"NE,NW,SW",3,60,14,0,14,0,24,4,56592.0,3906.0,51,14,14,1,0,104,27,7,0,0,41,12,0,8,6,14,0,0,3,8,0,11
90444865,1,Keito,loss,15,0,360,22962.0,4375.0,0,0,"NE,NW,SW",3,60,14,0,14,0,38,5,65324.0,8732.0,14,14,14,3,0,69,16,7,0,0,41,12,0,8,6,46,0,0,9,18,0,9
90444865,1,Keito,loss,16,0,384,24265.0,1303.0,0,0,"NE,NW,SW",3,60,14,0,14,0,24,5,68569.0,3111.0,59,14,14,7,0,133,58,7,0,0,41,12,0,8,6,0,0,0,12,0,0,6
90444865,1,Keito,loss,17,0,408,29234.0,4969.0,0,0,"NE,NW,SW",3,60,14,0,14,0,52,5,77669.0,8625.0,28,14,14,11,7,93,14,7,0,0,41,12,0,8,6,25,0,0,33,0,0,11
90444865,1,Keito,loss,18,0,432,36794.0,7560.0,0,0,"NE,NW,SW",3,60,14,0,14,0,24,6,86029.0,3907.0,47,14,14,13,0,129,26,7,0,0,41,12,0,8,6,14,0,6,9,0,0,2
90444865,1,Keito,loss,19,0,456,44426.0,7632.0,0,0,"NE,NW,SW",3,60,14,0,14,0,10,6,94899.0,13036.0,36,14,14,10,0,137,68,7,0,0,41,12,0,8,6,0,0,8,33,22,0,6
90444865,1,Keito,loss,20,0,480,53246.0,8820.0,0,0,"NE,NW,SW",3,60,14,0,14,0,24,6,114127.0,18792.0,47,14,14,22,0,139,32,7,0,0,41,12,0,8,6,67,0,14,21,36,0,5
90444865,1,Keito,loss,21,0,504,57487.0,4241.0,0,0,"NE,NW,SW",3,60,14,0,14,0,58,7,121603.0,7308.0,56,14,14,13,7,159,25,7,0,0,41,12,0,8,6,23,0,22,3,4,0,0
90444865,1,Keito,loss,22,0,528,76562.0,19075.0,0,0,"NE,NW,SW",3,55,14,0,14,0,18,7,146707.0,26019.0,21,14,14,32,0,176,20,7,0,0,41,7,0,8,6,30,60,47,21,17,0,6
90444865,1,Keito,loss,23,0,552,78901.0,2339.0,0,0,"NE,NW,SW",3,56,14,0,14,0,24,7,153732.0,6530.0,55,14,14,25,7,176,6,14,0,0,41,1,0,8,6,42,0,8,6,7,0,0
90444865,1,Keito,loss,24,0,576,93462.0,14561.0,0,0,"NE,NW,SW",3,56,14,0,14,0,10,8,170732.0,16504.0,22,14,14,39,5,177,34,19,0,0,37,0,0,8,6,0,42,47,24,8,0,1
90444865,1,Keito,loss,25,0,600,101015.0,7553.0,0,0,"NE,NW,SW",3,55,14,2,14,0,40,8,182719.0,11654.0,57,14,14,19,11,163,14,23,0,0,32,0,0,8,6,32,6,37,27,8,0,0
90444865,1,Keito,loss,26,0,624,107980.0,6965.0,0,0,"NE,NW,SW",3,51,14,0,14,0,16,8,193260.0,12450.0,23,14,14,32,5,165,21,28,0,0,23,0,0,8,6,16,6,35,21,20,0,0
90444865,1,Keito,loss,27,0,648,108620.0,640.0,0,0,"NE,NW,SW",3,61,14,0,14,0,44,8,197306.0,4046.0,60,14,14,11,17,155,36,38,0,0,23,0,0,8,6,28,0,32,6,4,0,0
90444865,1,Keito,loss,28,0,672,116558.0,7938.0,0,0,"NE,NW,SW",3,53,14,0,14,0,28,8,207392.0,10086.0,31,14,14,32,5,139,45,38,0,0,15,0,0,8,6,22,0,11,30,4,0,27
90444865,1,Keito,loss,29,0,696,126298.0,9740.0,0,0,"NE,NW,SW",3,8,14,2,14,0,42,8,217297.0,9238.0,33,14,14,38,0,167,15,8,0,0,0,0,0,8,6,48,0,33,9,16,0,17
90444865,1,Keito,loss,29,23,719,137225.0,10927.0,5,5,"NE,NW,SW",3,0,14,0,14,0,0,8,228092.0,9238.0,33,14,14,38,0,167,15,0,0,0,0,0,0,8,6,48,0,33,9,16,0,17
90450223,0,wen chong yu,loss,0,0,0,3000.0,0.0,0,0,NW,1,0,0,0,0,0,0,0,0.0,0.0,0,0,0,0,0,0,0,0,0,0,0,0,0,0,0,0,0,0,0,0,0,0
90450223,0,wen chong yu,loss,1,0,24,105.0,-2895.0,0,0,NW,1,19,4,0,6,0,0,0,0.0,0.0,19,2,2,0,19,33,46,7,0,0,0,12,0,2,2,0,0,0,0,0,0,0
90450223,0,wen chong yu,loss,2,0,48,14.0,-91.0,0,0,NW,1,19,4,0,6,0,6,0,198.0,198.0,0,4,4,0,0,9,6,7,0,0,0,12,0,2,2,0,0,0,0,0,0,2
90450223,0,wen chong yu,loss,3,0,72,175.0,161.0,0,0,NW,1,19,4,0,6,0,5,1,1417.0,1219.0,19,2,4,0,0,33,48,7,0,0,0,12,0,2,2,33,0,0,0,0,0,2
90450223,0,wen chong yu,loss,4,0,96,62.0,-113.0,0,0,NW,1,19,5,0,6,0,4,1,2125.0,708.0,7,4,4,0,0,31,85,7,0,0,0,12,0,3,2,10,0,0,0,0,0,4
90450223,0,wen chong yu,loss,5,0,120,296.0,234.0,0,0,NW,1,19,5,0,6,0,35,1,2957.0,832.0,28,5,5,7,7,52,29,7,0,0,0,12,0,3,2,8,0,0,0,0,0,6
90450223,0,wen chong yu,loss,6,0,144,968.0,672.0,0,0,NW,1,19,6,0,6,0,6,2,3986.0,1029.0,0,4,5,0,0,14,18,7,0,0,0,12,0,4,2,25,0,0,0,0,0,3
90450223,0,wen chong yu,loss,7,0,168,1011.0,43.0,0,0,NW,1,19,6,0,6,0,13,2,4761.0,775.0,19,6,6,2,0,38,36,7,0,0,0,12,0,4,2,10,0,0,0,0,0,5
90450223,0,wen chong yu,loss,8,0,192,295.0,-716.0,0,0,"NE,NW",2,26,10,0,12,0,11,2,9245.0,4484.0,26,7,8,0,7,54,36,7,0,0,7,12,0,6,4,50,0,0,0,12,0,5
90450223,0,wen chong yu,loss,9,0,216,2327.0,2032.0,0,0,"NE,NW",2,30,10,0,12,0,34,3,12906.0,2779.0,31,10,10,9,11,90,49,7,0,0,11,12,0,6,4,0,0,0,12,0,0,7
90450223,0,wen chong yu,loss,10,0,240,1761.0,-566.0,0,0,"NE,NW",2,38,12,0,12,0,12,3,15818.0,3794.0,27,8,10,1,8,88,108,7,0,0,19,12,0,8,4,14,0,0,12,8,0,0
90450223,0,wen chong yu,loss,11,0,264,10131.0,8370.0,0,0,"NE,NW",2,28,12,0,12,0,14,3,32946.0,17128.0,22,12,12,12,0,115,18,7,0,0,19,2,0,8,4,44,54,0,6,8,0,0
90450223,0,wen chong yu,loss,12,0,288,10604.0,473.0,0,0,"NE,NW,SW",3,58,14,0,14,0,16,4,44048.0,11102.0,56,12,14,4,32,120,63,7,0,0,39,12,0,8,6,77,42,0,6,0,0,9
90450223,0,wen chong yu,loss,13,0,312,14883.0,4279.0,0,0,"NE,NW,SW",3,61,14,0,14,0,44,4,51764.0,5884.0,20,14,14,11,10,66,35,7,0,0,42,12,0,8,6,26,6,0,15,8,0,12
90450223,0,wen chong yu,loss,14,0,336,16027.0,1144.0,0,0,"NE,NW,SW",3,61,14,0,14,0,16,4,52976.0,3044.0,51,14,14,1,0,104,27,7,0,0,42,12,0,8,6,14,0,0,3,8,0,11
90450223,0,wen chong yu,loss,15,0,360,18377.0,2350.0,0,0,"NE,NW,SW",3,61,14,0,14,0,30,5,58598.0,5622.0,14,14,14,3,0,69,16,7,0,0,42,12,0,8,6,46,0,0,9,18,0,9
90450223,0,wen chong yu,loss,16,0,384,19126.0,749.0,0,0,"NE,NW,SW",3,61,14,0,14,0,16,5,60670.0,1938.0,59,14,14,7,0,133,58,7,0,0,42,12,0,8,6,0,0,0,12,0,0,6
90450223,0,wen chong yu,loss,17,0,408,21061.0,1935.0,0,0,"NE,NW,SW",3,61,14,0,14,0,44,5,64887.0,4174.0,28,14,14,11,7,93,14,7,0,0,42,12,0,8,6,25,0,0,33,0,0,11
90450223,0,wen chong yu,loss,18,0,432,24300.0,3239.0,0,0,"NE,NW,SW",3,61,14,0,14,0,16,6,67761.0,2705.0,47,14,14,13,0,129,26,7,0,0,42,12,0,8,6,14,0,6,9,0,0,2
90450223,0,wen chong yu,loss,19,0,456,27213.0,2913.0,0,0,"NE,NW,SW",3,61,14,0,14,0,2,6,71184.0,2885.0,36,14,14,10,0,137,68,7,0,0,42,12,0,8,6,0,0,8,33,22,0,6
90450223,0,wen chong yu,loss,20,0,480,30234.0,3021.0,0,0,"NE,NW,SW",3,61,14,0,14,0,16,6,78366.0,6758.0,47,14,14,22,0,139,32,7,0,0,42,12,0,8,6,67,0,14,21,36,0,5
90450223,0,wen chong yu,loss,21,0,504,33315.0,3081.0,0,0,"NE,NW,SW",3,61,14,0,14,0,50,7,84682.0,6166.0,56,14,14,13,7,159,25,7,0,0,42,12,0,8,6,23,0,22,3,4,0,0
90450223,0,wen chong yu,loss,22,0,528,48888.0,15573.0,0,0,"NE,NW,SW",3,56,14,0,14,0,10,7,104063.0,20773.0,21,14,14,32,0,176,20,7,0,0,42,7,0,8,6,30,60,47,21,25,0,6
90450223,0,wen chong yu,loss,23,0,552,49701.0,813.0,0,0,"NE,NW,SW",3,57,14,0,14,0,16,7,109200.0,4633.0,55,14,14,25,7,176,6,14,0,0,42,1,0,8,6,42,0,8,6,7,0,0
90450223,0,wen chong yu,loss,24,0,576,60348.0,10647.0,0,0,"NE,NW,SW",3,57,14,0,14,0,2,8,120809.0,11680.0,22,14,14,39,5,177,34,19,0,0,38,0,0,8,6,0,36,47,21,16,0,1
90450223,0,wen chong yu,loss,25,0,600,62915.0,2567.0,0,0,"NE,NW,SW",3,56,14,2,14,0,40,8,125688.0,4412.0,57,14,14,19,11,163,14,23,0,0,33,0,0,8,6,32,6,37,27,8,0,0
90450223,0,wen chong yu,loss,26,0,624,66146.0,3231.0,0,0,"NE,NW,SW",3,51,14,0,14,0,16,8,129659.0,4937.0,23,14,14,32,5,165,21,28,0,0,23,0,0,8,6,16,6,35,21,16,0,0
90450223,0,wen chong yu,loss,27,0,648,64975.0,-1171.0,0,0,"NE,NW,SW",3,61,14,0,14,0,44,8,132371.0,2712.0,60,14,14,11,17,155,36,38,0,0,23,0,0,8,6,28,0,32,6,4,0,0
90450223,0,wen chong yu,loss,28,0,672,69653.0,4678.0,0,0,"NE,NW,SW",3,53,14,0,14,0,28,8,137679.0,5308.0,31,14,14,32,5,139,45,38,0,0,15,0,0,8,6,22,0,11,30,4,0,27
90450223,0,wen chong yu,loss,29,0,696,77264.0,7611.0,0,0,"NE,NW,SW",3,8,14,2,14,0,42,8,145340.0,6990.0,33,14,14,38,0,167,15,8,0,0,0,0,0,8,6,48,0,33,9,16,0,17
90450223,0,wen chong yu,loss,29,23,719,84139.0,6875.0,5,5,"NE,NW,SW",3,0,14,1,14,0,0,8,151861.0,6990.0,33,14,14,38,0,167,15,0,0,0,0,0,0,8,6,48,0,33,9,16,0,17
90450223,1,Mohit Rao,win,0,0,0,3000.0,0.0,0,0,NW,1,0,0,0,0,0,0,0,0.0,0.0,0,0,0,0,0,0,0,0,0,0,0,0,0,0,0,0,0,0,0,0,0,0
90450223,1,Mohit Rao,win,1,0,24,105.0,-2895.0,0,0,NW,1,19,4,0,6,0,0,0,0.0,0.0,19,2,2,0,19,33,46,7,0,0,0,12,0,2,2,0,0,0,0,0,0,0
90450223,1,Mohit Rao,win,2,0,48,14.0,-91.0,0,0,NW,1,19,4,0,6,0,6,0,198.0,198.0,0,4,4,0,0,9,6,7,0,0,0,12,0,2,2,0,0,0,0,0,0,2
90450223,1,Mohit Rao,win,3,0,72,175.0,161.0,0,0,NW,1,19,4,0,6,0,5,1,456.0,258.0,19,2,4,0,0,33,48,7,0,0,0,12,0,2,2,2,0,0,0,0,0,2
90450223,1,Mohit Rao,win,4,0,96,30.0,-145.0,0,0,NW,1,19,5,0,6,0,5,1,844.0,388.0,7,4,4,0,0,31,85,7,0,0,0,12,0,3,2,0,0,0,0,0,0,4
90450223,1,Mohit Rao,win,5,0,120,300.0,270.0,0,0,NW,1,19,5,0,6,0,35,1,1577.0,733.0,28,5,5,7,7,52,29,7,0,0,0,12,0,3,2,5,0,0,0,0,0,6
90450223,1,Mohit Rao,win,6,0,144,972.0,672.0,0,0,NW,1,19,6,0,6,0,6,2,2606.0,1029.0,0,4,5,0,0,14,18,7,0,0,0,12,0,4,2,25,0,0,0,0,0,3
90450223,1,Mohit Rao,win,7,0,168,1020.0,48.0,0,0,NW,1,19,6,0,6,0,13,2,3157.0,551.0,19,6,6,2,0,38,36,7,0,0,0,12,0,4,2,3,0,0,0,0,0,5
90450223,1,Mohit Rao,win,8,0,192,304.0,-716.0,0,0,"NE,NW",2,26,10,0,12,0,11,2,6145.0,2988.0,26,7,8,0,7,54,36,7,0,0,7,12,0,6,4,6,0,0,0,12,0,5
90450223,1,Mohit Rao,win,9,0,216,2336.0,2032.0,0,0,"NE,NW",2,30,10,0,12,0,34,3,9806.0,2779.0,31,10,10,9,11,90,49,7,0,0,11,12,0,6,4,0,0,0,12,0,0,7
90450223,1,Mohit Rao,win,10,0,240,1770.0,-566.0,0,0,"NE,NW",2,38,12,0,12,0,12,3,12718.0,3794.0,27,8,10,1,8,88,108,7,0,0,19,12,0,8,4,14,0,0,12,8,0,0
90450223,1,Mohit Rao,win,11,0,264,10162.0,8392.0,0,0,"NE,NW",2,28,12,0,12,0,14,3,28442.0,15724.0,22,12,12,12,0,115,18,7,0,0,19,2,0,8,4,5,54,0,6,8,0,0
90450223,1,Mohit Rao,win,12,0,288,10731.0,569.0,0,0,"NE,NW,SW",3,58,14,0,14,0,16,4,37948.0,9506.0,56,12,14,4,32,120,63,7,0,0,39,12,0,8,6,35,42,0,6,0,0,9
90450223,1,Mohit Rao,win,13,0,312,15066.0,4335.0,0,0,"NE,NW,SW",3,61,14,0,14,0,44,4,44864.0,5084.0,20,14,14,11,10,66,35,7,0,0,42,12,0,8,6,6,6,0,15,8,0,12
90450223,1,Mohit Rao,win,14,0,336,16210.0,1144.0,0,0,"NE,NW,SW",3,61,14,0,14,0,16,4,46076.0,3044.0,51,14,14,1,0,104,27,7,0,0,42,12,0,8,6,14,0,0,3,8,0,11
90450223,1,Mohit Rao,win,15,0,360,18560.0,2350.0,0,0,"NE,NW,SW",3,61,14,0,14,0,30,5,50052.0,3976.0,14,14,14,3,0,69,16,7,0,0,42,12,0,8,6,6,0,0,9,18,0,9
90450223,1,Mohit Rao,win,16,0,384,19782.0,1222.0,0,0,"NE,NW,SW",3,61,14,0,14,0,16,5,52552.0,1938.0,59,14,14,7,0,133,58,7,0,0,42,12,0,8,6,0,0,0,12,0,0,6
90450223,1,Mohit Rao,win,17,0,408,22245.0,2463.0,0,0,"NE,NW,SW",3,61,14,0,14,0,44,5,56361.0,4194.0,28,14,14,11,7,93,14,7,0,0,42,12,0,8,6,6,0,0,33,8,0,11
90450223,1,Mohit Rao,win,18,0,432,25642.0,3397.0,0,0,"NE,NW,SW",3,61,14,0,14,0,16,6,59939.0,3409.0,47,14,14,13,0,129,26,7,0,0,42,12,0,8,6,14,0,6,9,8,0,2
90450223,1,Mohit Rao,win,19,0,456,28912.0,3270.0,0,0,"NE,NW,SW",3,61,14,0,14,0,2,6,63650.0,2885.0,36,14,14,10,0,137,68,7,0,0,42,12,0,8,6,0,0,8,33,22,0,6
90450223,1,Mohit Rao,win,20,0,480,32423.0,3511.0,0,0,"NE,NW,SW",3,61,14,0,14,0,16,6,68022.0,4236.0,47,14,14,22,0,139,32,7,0,0,42,12,0,8,6,6,0,14,21,40,0,5
90450223,1,Mohit Rao,win,21,0,504,35115.0,2692.0,0,0,"NE,NW,SW",3,61,14,0,14,0,50,7,73522.0,5350.0,56,14,14,13,7,159,25,7,0,0,42,12,0,8,6,6,0,22,3,4,0,0
90450223,1,Mohit Rao,win,22,0,528,51397.0,16282.0,0,0,"NE,NW,SW",3,56,14,0,14,0,10,7,92039.0,19909.0,21,14,14,32,0,176,20,7,0,0,42,7,0,8,6,30,60,47,21,17,0,6
90450223,1,Mohit Rao,win,23,0,552,51913.0,516.0,0,0,"NE,NW,SW",3,57,14,0,14,0,16,7,96426.0,3883.0,55,14,14,25,7,176,6,14,0,0,42,1,0,8,6,20,0,8,6,11,0,0
90450223,1,Mohit Rao,win,24,0,576,61424.0,9511.0,0,0,"NE,NW,SW",3,57,14,0,14,0,2,8,106887.0,10532.0,22,14,14,39,5,177,34,19,0,0,38,0,0,8,6,0,36,47,21,8,0,1
90450223,1,Mohit Rao,win,25,0,600,64040.0,2616.0,0,0,"NE,NW,SW",3,56,14,2,14,0,40,8,110614.0,3260.0,57,14,14,19,11,163,14,23,0,0,33,0,0,8,6,6,12,37,31,8,0,0
90450223,1,Mohit Rao,win,26,0,624,67276.0,3236.0,0,0,"NE,NW,SW",3,51,14,0,14,0,16,8,114585.0,4937.0,23,14,14,32,5,165,21,28,0,0,23,0,0,8,6,16,6,35,21,16,0,0
90450223,1,Mohit Rao,win,27,0,648,66149.0,-1127.0,0,0,"NE,NW,SW",3,61,14,0,14,0,44,8,116131.0,1546.0,60,14,14,11,17,155,36,38,0,0,23,0,0,8,6,6,0,32,6,4,0,0
90450223,1,Mohit Rao,win,28,0,672,70793.0,4644.0,0,0,"NE,NW,SW",3,53,14,0,14,0,28,8,121439.0,5308.0,31,14,14,32,5,139,45,38,0,0,15,0,0,8,6,22,0,11,30,4,0,27
90450223,1,Mohit Rao,win,29,0,696,78406.0,7613.0,0,0,"NE,NW,SW",3,8,14,1,14,0,42,8,129100.0,6990.0,33,14,14,38,0,167,15,8,0,0,0,0,0,8,6,48,0,33,9,16,0,17
90450223,1,Mohit Rao,win,29,23,719,85215.0,6809.0,5,5,"NE,NW,SW",3,0,14,0,14,0,0,8,135671.0,6990.0,33,14,14,38,0,167,15,0,0,0,0,0,0,8,6,48,0,33,9,16,0,17
90451020,0,Parakh Sharma,loss,0,0,0,3000.0,0.0,0,0,NW,1,0,0,0,0,0,0,0,0.0,0.0,0,0,0,0,0,0,0,0,0,0,0,0,0,0,0,0,0,0,0,0,0,0
90451020,0,Parakh Sharma,loss,1,0,24,105.0,-2895.0,0,0,NW,1,19,4,0,6,0,0,0,0.0,0.0,19,2,2,0,19,33,46,7,0,0,0,12,0,2,2,0,0,0,0,0,0,0
90451020,0,Parakh Sharma,loss,2,0,48,14.0,-91.0,0,0,NW,1,19,4,0,6,0,6,0,198.0,198.0,0,4,4,0,0,9,6,7,0,0,0,12,0,2,2,0,0,0,0,0,0,2
90451020,0,Parakh Sharma,loss,3,0,72,175.0,161.0,0,0,NW,1,19,4,0,6,0,5,1,1417.0,1219.0,19,2,4,0,0,33,48,7,0,0,0,12,0,2,2,33,0,0,0,0,0,2
90451020,0,Parakh Sharma,loss,4,0,96,62.0,-113.0,0,0,NW,1,19,5,0,6,0,4,1,2125.0,708.0,7,4,4,0,0,31,85,7,0,0,0,12,0,3,2,10,0,0,0,0,0,4
90451020,0,Parakh Sharma,loss,5,0,120,298.0,236.0,0,0,NW,1,19,5,0,6,0,35,1,2957.0,832.0,28,5,5,7,7,52,29,7,0,0,0,12,0,3,2,8,0,0,0,0,0,6
90451020,0,Parakh Sharma,loss,6,0,144,970.0,672.0,0,0,NW,1,19,6,0,6,0,6,2,3986.0,1029.0,0,4,5,0,0,14,18,7,0,0,0,12,0,4,2,25,0,0,0,0,0,3
90451020,0,Parakh Sharma,loss,7,0,168,1016.0,46.0,0,0,NW,1,19,6,0,6,0,13,2,4761.0,775.0,19,6,6,2,0,38,36,7,0,0,0,12,0,4,2,10,0,0,0,0,0,5
90451020,0,Parakh Sharma,loss,8,0,192,356.0,-660.0,0,0,"NE,NW",2,27,10,0,12,0,11,2,9485.0,4724.0,27,7,8,0,8,58,30,7,0,0,8,12,0,6,4,50,0,0,0,12,0,5
90451020,0,Parakh Sharma,loss,9,0,216,2353.0,1997.0,0,0,"NE,NW",2,31,10,0,12,0,35,3,13146.0,2779.0,31,10,10,9,11,90,49,7,0,0,12,12,0,6,4,0,0,0,12,0,0,7
90451020,0,Parakh Sharma,loss,10,0,240,2091.0,-262.0,0,0,"NE,NW",2,38,12,0,12,0,14,3,16344.0,4080.0,27,8,10,1,7,76,101,7,0,0,19,12,0,8,4,13,0,0,12,8,0,0
90451020,0,Parakh Sharma,loss,11,0,264,10736.0,8645.0,0,0,"NE,NW",2,28,12,0,12,0,16,3,28208.0,11864.0,22,12,12,12,0,115,17,7,0,0,19,2,0,8,4,44,30,0,6,8,0,0
90451020,0,Parakh Sharma,loss,12,0,288,11342.0,606.0,0,0,"NE,NW,SW",3,58,14,0,14,0,18,4,39571.0,11363.0,56,12,14,4,32,120,63,7,0,0,39,12,0,8,6,77,42,0,6,0,0,9
90451020,0,Parakh Sharma,loss,13,0,312,16656.0,5314.0,0,0,"NE,NW,SW",3,61,14,0,14,0,46,4,47459.0,7218.0,20,14,14,11,10,66,35,7,0,0,42,12,0,8,6,26,6,0,15,8,0,12
90451020,0,Parakh Sharma,loss,14,0,336,17791.0,1135.0,0,0,"NE,NW,SW",3,61,14,0,14,0,18,4,48657.0,1868.0,51,14,14,1,0,104,27,7,0,0,42,12,0,8,6,14,0,0,3,0,0,11
90451020,0,Parakh Sharma,loss,15,0,360,21825.0,4034.0,0,0,"NE,NW,SW",3,61,14,0,14,0,32,5,56980.0,8323.0,14,14,14,3,0,69,16,7,0,0,42,12,0,8,6,46,0,0,9,18,0,9
90451020,0,Parakh Sharma,loss,16,0,384,23955.0,2130.0,0,0,"NE,NW,SW",3,61,14,0,14,0,18,5,61867.0,3805.0,59,14,14,7,0,133,58,7,0,0,42,12,0,8,6,0,0,0,12,4,0,6
90451020,0,Parakh Sharma,loss,17,0,408,30132.0,6177.0,0,0,"NE,NW,SW",3,61,14,0,14,0,46,5,72475.0,11210.0,29,14,14,12,7,89,13,7,0,0,42,12,0,8,6,25,0,0,33,16,0,11
90451020,0,Parakh Sharma,loss,18,0,432,36922.0,6790.0,0,0,"NE,NW,SW",3,61,14,0,14,0,18,6,82171.0,9312.0,46,14,14,13,0,128,27,7,0,0,42,12,0,8,6,14,0,8,33,4,0,2
90451020,0,Parakh Sharma,loss,19,0,456,41712.0,4790.0,0,0,"NE,NW,SW",3,61,14,0,14,0,32,6,91277.0,9018.0,36,14,14,10,0,132,54,7,0,0,42,12,0,8,6,27,0,12,21,10,0,5
90451020,0,Parakh Sharma,loss,20,0,480,49237.0,7525.0,0,0,"NE,NW,SW",3,61,14,0,14,0,18,6,102320.0,10420.0,47,14,14,23,0,139,31,7,0,0,42,12,0,8,6,0,0,10,12,28,0,0
90451020,0,Parakh Sharma,loss,21,0,504,52260.0,3023.0,0,0,"NE,NW,SW",3,61,14,0,14,0,52,7,108555.0,7622.0,56,14,14,12,7,160,23,7,0,0,42,12,0,8,6,23,0,22,12,4,0,0
90451020,0,Parakh Sharma,loss,22,0,528,71421.0,19161.0,0,0,"NE,NW,SW",3,56,14,0,14,0,12,7,131391.0,22556.0,21,14,14,32,0,177,20,7,0,0,42,7,0,8,6,30,36,47,18,24,0,14
90451020,0,Parakh Sharma,loss,23,0,552,71945.0,524.0,0,0,"NE,NW,SW",3,57,14,0,14,0,18,7,136003.0,4510.0,57,14,14,23,7,172,7,14,0,0,42,1,0,8,6,43,0,4,6,4,0,0
90451020,0,Parakh Sharma,loss,24,0,576,82513.0,10568.0,0,0,"NE,NW,SW",3,56,14,0,14,0,4,8,147707.0,11322.0,21,14,14,38,5,157,38,19,0,0,37,0,0,8,6,0,36,39,18,20,0,0
90451020,0,Parakh Sharma,loss,25,0,600,84964.0,2451.0,0,0,"NE,NW,SW",3,55,14,2,14,0,42,8,155893.0,7246.0,56,14,14,20,12,164,11,24,0,0,31,0,0,8,6,37,6,51,21,4,0,0
90451020,0,Parakh Sharma,loss,26,0,624,91080.0,6116.0,0,0,"NE,NW,SW",3,56,14,0,14,0,16,8,162980.0,8009.0,22,14,14,34,6,178,33,30,0,0,26,0,0,8,6,12,0,14,33,8,0,0
90451020,0,Parakh Sharma,loss,27,0,648,90432.0,-648.0,0,0,"NE,NW,SW",3,58,14,0,14,0,34,8,168009.0,5008.0,58,14,14,13,12,177,16,35,0,0,23,0,0,8,6,25,0,56,6,8,0,0
90451020,0,Parakh Sharma,loss,28,0,672,97058.0,6626.0,0,0,"NE,NW,SW",3,52,14,0,14,0,26,8,176575.0,8086.0,35,14,14,32,8,142,49,38,0,0,14,0,0,8,6,32,0,13,9,12,0,25
90451020,0,Parakh Sharma,loss,29,0,696,105167.0,8109.0,0,0,"NE,NW,SW",3,9,14,0,14,0,55,8,184896.0,8663.0,30,14,14,37,0,169,14,9,0,0,0,0,0,8,6,35,0,33,12,16,0,15
90451020,0,Parakh Sharma,loss,29,23,719,116273.0,11106.0,6,6,"NE,NW,SW",3,0,14,0,14,0,0,8,196572.0,8663.0,30,14,14,37,0,169,14,0,0,0,0,0,0,8,6,35,0,33,12,16,0,15
90451020,1,Mohit Rao,win,0,0,0,3000.0,0.0,0,0,NW,1,0,0,0,0,0,0,0,0.0,0.0,0,0,0,0,0,0,0,0,0,0,0,0,0,0,0,0,0,0,0,0,0,0
90451020,1,Mohit Rao,win,1,0,24,105.0,-2895.0,0,0,NW,1,19,4,0,6,0,0,0,0.0,0.0,19,2,2,0,19,33,46,7,0,0,0,12,0,2,2,0,0,0,0,0,0,0
90451020,1,Mohit Rao,win,2,0,48,14.0,-91.0,0,0,NW,1,19,4,0,6,0,6,0,198.0,198.0,0,4,4,0,0,9,6,7,0,0,0,12,0,2,2,0,0,0,0,0,0,2
90451020,1,Mohit Rao,win,3,0,72,175.0,161.0,0,0,NW,1,19,4,0,6,0,5,1,456.0,258.0,19,2,4,0,0,33,48,7,0,0,0,12,0,2,2,2,0,0,0,0,0,2
90451020,1,Mohit Rao,win,4,0,96,30.0,-145.0,0,0,NW,1,19,5,0,6,0,5,1,844.0,388.0,7,4,4,0,0,31,85,7,0,0,0,12,0,3,2,0,0,0,0,0,0,4
90451020,1,Mohit Rao,win,5,0,120,299.0,269.0,0,0,NW,1,19,5,0,6,0,35,1,1577.0,733.0,28,5,5,7,7,52,29,7,0,0,0,12,0,3,2,5,0,0,0,0,0,6
90451020,1,Mohit Rao,win,6,0,144,971.0,672.0,0,0,NW,1,19,6,0,6,0,6,2,2606.0,1029.0,0,4,5,0,0,14,18,7,0,0,0,12,0,4,2,25,0,0,0,0,0,3
90451020,1,Mohit Rao,win,7,0,168,1017.0,46.0,0,0,NW,1,19,6,0,6,0,13,2,3157.0,551.0,19,6,6,2,0,38,36,7,0,0,0,12,0,4,2,3,0,0,0,0,0,5
90451020,1,Mohit Rao,win,8,0,192,457.0,-560.0,0,0,"NE,NW",2,26,10,0,12,0,11,2,6385.0,3228.0,26,7,8,0,7,54,36,7,0,0,7,12,0,6,4,6,0,0,0,12,0,5
90451020,1,Mohit Rao,win,9,0,216,2349.0,1892.0,0,0,"NE,NW",2,30,10,0,12,0,38,3,10046.0,2779.0,31,10,10,9,11,90,49,7,0,0,11,12,0,6,4,0,0,0,12,0,0,7
90451020,1,Mohit Rao,win,10,0,240,1919.0,-430.0,0,0,"NE,NW",2,38,12,0,12,0,16,3,13278.0,4114.0,27,8,10,1,8,88,108,7,0,0,19,12,0,8,4,14,0,0,12,8,0,0
90451020,1,Mohit Rao,win,11,0,264,10542.0,8623.0,0,0,"NE,NW",2,28,12,0,12,0,18,3,29582.0,16304.0,22,12,12,12,0,115,18,7,0,0,19,2,0,8,4,5,54,0,6,8,0,0
90451020,1,Mohit Rao,win,12,0,288,11235.0,693.0,0,0,"NE,NW,SW",3,58,14,0,14,0,20,4,39349.0,9767.0,56,12,14,4,32,120,63,7,0,0,39,12,0,8,6,35,42,0,6,0,0,9
90451020,1,Mohit Rao,win,13,0,312,16545.0,5310.0,0,0,"NE,NW,SW",3,61,14,0,14,0,48,4,48337.0,6438.0,20,14,14,11,10,66,35,7,0,0,42,12,0,8,6,6,6,0,15,8,0,12
90451020,1,Mohit Rao,win,14,0,336,17680.0,1135.0,0,0,"NE,NW,SW",3,61,14,0,14,0,20,4,49535.0,3748.0,51,14,14,1,0,104,27,7,0,0,42,12,0,8,6,14,0,0,3,8,0,11
90451020,1,Mohit Rao,win,15,0,360,21714.0,4034.0,0,0,"NE,NW,SW",3,61,14,0,14,0,34,5,56248.0,6713.0,14,14,14,3,0,69,16,7,0,0,42,12,0,8,6,6,0,0,9,18,0,9
90451020,1,Mohit Rao,win,16,0,384,23841.0,2127.0,0,0,"NE,NW,SW",3,61,14,0,14,0,20,5,60183.0,2853.0,59,14,14,7,0,133,58,7,0,0,42,12,0,8,6,0,0,0,12,0,0,6
90451020,1,Mohit Rao,win,17,0,408,29070.0,5229.0,0,0,"NE,NW,SW",3,61,14,0,14,0,48,5,68074.0,8493.0,28,14,14,11,7,93,14,7,0,0,42,12,0,8,6,6,0,0,33,8,0,11
90451020,1,Mohit Rao,win,18,0,432,34317.0,5247.0,0,0,"NE,NW,SW",3,61,14,0,14,0,20,6,77758.0,5456.0,47,14,14,13,0,129,26,7,0,0,42,12,0,8,6,14,0,6,9,8,0,2
90451020,1,Mohit Rao,win,19,0,456,41599.0,7282.0,0,0,"NE,NW,SW",3,61,14,0,14,0,6,6,86230.0,11408.0,36,14,14,10,0,137,68,7,0,0,42,12,0,8,6,0,0,8,33,22,0,6
90451020,1,Mohit Rao,win,20,0,480,49553.0,7954.0,0,0,"NE,NW,SW",3,61,14,0,14,0,20,6,101504.0,15858.0,47,14,14,22,0,139,32,7,0,0,42,12,0,8,6,6,0,14,21,40,0,5
90451020,1,Mohit Rao,win,21,0,504,52150.0,2597.0,0,0,"NE,NW,SW",3,61,14,0,14,0,54,7,107373.0,5735.0,56,14,14,13,7,159,25,7,0,0,42,12,0,8,6,6,0,22,3,4,0,0
90451020,1,Mohit Rao,win,22,0,528,70164.0,18014.0,0,0,"NE,NW,SW",3,56,14,0,14,0,14,7,129782.0,23263.0,21,14,14,32,0,176,20,7,0,0,42,7,0,8,6,30,60,47,23,17,0,6
90451020,1,Mohit Rao,win,23,0,552,71907.0,1743.0,0,0,"NE,NW,SW",3,57,14,0,14,0,20,7,136128.0,5698.0,55,14,14,25,7,176,6,14,0,0,42,1,0,8,6,20,0,8,6,11,0,0
90451020,1,Mohit Rao,win,24,0,576,81991.0,10084.0,0,0,"NE,NW,SW",3,57,14,1,14,0,6,8,146963.0,10432.0,22,14,14,39,5,177,34,19,0,0,38,0,0,8,6,0,36,47,21,8,0,1
90451020,1,Mohit Rao,win,25,0,600,85484.0,3493.0,0,0,"NE,NW,SW",3,56,14,3,14,0,44,8,155172.0,7920.0,57,14,14,19,11,163,14,23,0,0,33,0,0,8,6,6,12,37,31,8,0,0
90451020,1,Mohit Rao,win,26,0,624,89946.0,4462.0,0,0,"NE,NW,SW",3,50,14,1,14,1,20,8,162079.0,8715.0,23,14,14,32,5,165,21,27,0,0,23,0,0,8,6,16,6,35,21,16,0,0
90451020,1,Mohit Rao,win,27,0,648,89871.0,-75.0,0,0,"NE,NW,SW",3,60,14,1,14,1,48,8,164717.0,2638.0,60,14,14,11,17,155,36,37,0,0,23,0,0,8,6,6,0,32,6,4,0,0
90451020,1,Mohit Rao,win,28,0,672,97469.0,7598.0,0,0,"NE,NW,SW",3,52,14,2,14,1,32,8,174411.0,9694.0,31,14,14,32,5,139,45,37,0,0,15,0,0,8,6,22,0,11,30,4,0,27
90451020,1,Mohit Rao,win,29,0,696,106923.0,9454.0,0,0,"NE,NW,SW",3,8,14,3,14,1,43,8,184007.0,8925.0,33,14,14,38,0,167,15,8,0,0,0,0,0,8,6,48,0,33,9,16,0,17
90451020,1,Mohit Rao,win,29,23,719,117102.0,10179.0,5,5,"NE,NW,SW",3,0,14,2,14,1,0,8,194094.0,8925.0,33,14,14,38,0,167,15,0,0,0,0,0,0,8,6,48,0,33,9,16,0,17
90464050,0,Konstantin03,loss,0,0,0,3000.0,0.0,0,0,NW,1,0,0,0,0,0,0,0,0.0,0.0,0,0,0,0,0,0,0,0,0,0,0,0,0,0,0,0,0,0,0,0,0,0
90464050,0,Konstantin03,loss,1,0,24,105.0,-2895.0,0,0,NW,1,19,4,0,6,0,0,0,0.0,0.0,19,2,2,0,19,33,46,7,0,0,0,12,0,2,2,0,0,0,0,0,0,0
90464050,0,Konstantin03,loss,2,0,48,14.0,-91.0,0,0,NW,1,19,4,0,6,0,6,0,258.0,258.0,0,4,4,0,0,9,6,7,0,0,0,12,0,2,2,2,0,0,0,0,0,2
90464050,0,Konstantin03,loss,3,0,72,206.0,192.0,0,0,NW,1,19,4,0,6,0,4,1,1477.0,1219.0,19,2,4,0,0,33,48,7,0,0,0,12,0,2,2,33,0,0,0,0,0,2
90464050,0,Konstantin03,loss,4,0,96,61.0,-145.0,0,0,NW,1,19,5,0,6,0,4,1,2175.0,698.0,7,4,4,0,0,31,85,7,0,0,0,12,0,3,2,10,0,0,0,0,0,4
90464050,0,Konstantin03,loss,5,0,120,328.0,267.0,0,0,NW,1,19,5,0,6,0,34,1,3040.0,865.0,28,5,5,7,7,52,29,7,0,0,0,12,0,3,2,9,0,0,0,0,0,6
90464050,0,Konstantin03,loss,6,0,144,974.0,646.0,0,0,NW,1,19,6,0,6,0,5,2,4019.0,979.0,0,4,5,0,0,14,18,7,0,0,0,12,0,4,2,25,0,0,0,0,0,3
90464050,0,Konstantin03,loss,7,0,168,1041.0,67.0,0,0,NW,1,19,6,0,6,0,12,2,4784.0,765.0,19,6,6,2,0,38,36,7,0,0,0,12,0,4,2,10,0,0,0,0,0,5
90464050,0,Konstantin03,loss,8,0,192,209.0,-832.0,0,0,"NE,NW",2,26,10,0,12,0,10,2,9218.0,4434.0,26,7,8,0,7,54,36,7,0,0,7,12,0,6,4,50,0,0,0,12,0,5
90464050,0,Konstantin03,loss,9,0,216,1578.0,1369.0,0,0,"NE,NW",2,29,10,0,12,0,33,3,11187.0,1969.0,30,10,10,9,10,88,53,7,0,0,10,12,0,6,4,0,0,0,6,0,0,7
90464050,0,Konstantin03,loss,10,0,240,2353.0,775.0,0,0,"NE,NW",2,38,12,0,12,0,10,3,13782.0,2595.0,28,8,10,1,9,85,89,7,0,0,19,12,0,8,4,15,0,0,6,4,0,0
90464050,0,Konstantin03,loss,11,0,264,10869.0,8516.0,0,0,"NE,NW",2,28,12,0,12,0,12,3,24110.0,10328.0,21,12,12,12,0,115,18,7,0,0,19,2,0,8,4,44,30,0,3,4,0,0
90464050,0,Konstantin03,loss,12,0,288,11630.0,761.0,0,0,"NE,NW,SW",3,58,14,0,14,0,14,4,34212.0,10102.0,57,12,14,4,32,121,61,7,0,0,39,12,0,8,6,77,36,0,3,0,0,9
90464050,0,Konstantin03,loss,13,0,312,16764.0,5134.0,0,0,"NE,NW,SW",3,61,14,0,14,0,42,4,40872.0,4465.0,19,14,14,11,10,66,36,7,0,0,42,12,0,8,6,26,3,0,9,0,0,12
90464050,0,Konstantin03,loss,14,0,336,18171.0,1407.0,0,0,"NE,NW,SW",3,61,14,0,14,0,14,4,42342.0,3665.0,50,14,14,1,0,104,28,7,0,0,42,12,0,8,6,14,2,0,3,8,0,11
90464050,0,Konstantin03,loss,15,0,360,21648.0,3477.0,0,0,"NE,NW,SW",3,61,14,0,14,0,28,5,48611.0,6269.0,13,14,14,3,0,69,17,7,0,0,42,12,0,8,6,46,1,0,9,12,0,9
90464050,0,Konstantin03,loss,16,0,384,23500.0,1852.0,0,0,"NE,NW,SW",3,61,14,0,14,0,14,5,50966.0,1869.0,58,14,14,7,0,133,59,7,0,0,42,12,0,8,6,0,0,0,6,0,0,6
90464050,0,Konstantin03,loss,17,0,408,28994.0,5494.0,0,0,"NE,NW,SW",3,61,14,0,14,0,42,5,58158.0,6997.0,27,14,14,11,7,91,17,7,0,0,42,12,0,8,6,25,0,0,21,4,0,11
90464050,0,Konstantin03,loss,18,0,432,32387.0,3393.0,0,0,"NE,NW,SW",3,61,14,0,14,0,14,6,61674.0,1877.0,47,14,14,13,0,121,17,7,0,0,42,12,0,8,6,14,0,2,3,0,0,2
90464050,0,Konstantin03,loss,19,0,456,38996.0,6609.0,0,0,"NE,NW,SW",3,61,14,0,14,0,28,6,70893.0,10607.0,37,14,14,9,0,135,66,7,0,0,42,12,0,8,6,27,0,12,30,0,0,6
90464050,0,Konstantin03,loss,20,0,480,44123.0,5127.0,0,0,"NE,NW,SW",3,61,14,0,14,0,14,6,76198.0,4397.0,46,14,14,24,0,140,31,7,0,0,42,12,0,8,6,0,0,12,6,32,0,5
90464050,0,Konstantin03,loss,21,0,504,50314.0,6191.0,0,0,"NE,NW,SW",3,61,14,0,14,0,48,7,85570.0,11020.0,52,14,14,11,7,153,40,7,0,0,42,12,0,8,6,23,0,28,15,0,0,11
90464050,0,Konstantin03,loss,22,0,528,63072.0,12758.0,0,0,"NE,NW,SW",3,55,14,0,14,0,8,7,98129.0,12133.0,27,14,14,32,0,155,17,7,0,0,42,6,0,8,6,30,9,33,6,16,0,4
90464050,0,Konstantin03,loss,23,0,552,67284.0,4212.0,0,0,"NE,NW,SW",3,57,14,0,14,0,14,7,105587.0,8076.0,53,14,14,17,6,150,18,13,0,0,42,2,0,8,6,47,27,6,6,8,0,0
90464050,0,Konstantin03,loss,24,0,576,76266.0,8982.0,0,0,"NE,NW,SW",3,58,14,0,14,0,14,8,118385.0,11815.0,25,14,14,26,6,183,36,19,0,0,39,0,0,8,6,53,30,22,21,8,0,0
90464050,0,Konstantin03,loss,25,0,600,82898.0,6632.0,0,0,"NE,NW,SW",3,56,14,2,14,0,30,8,127325.0,8942.0,53,14,14,25,10,161,17,22,0,0,34,0,0,8,6,30,6,33,12,0,0,0
90464050,0,Konstantin03,loss,26,0,624,94197.0,11299.0,0,0,"NE,NW,SW",3,53,14,1,14,0,13,8,138689.0,11580.0,22,14,14,29,5,178,19,27,0,0,26,0,0,8,6,11,0,51,12,16,0,0
90464050,0,Konstantin03,loss,27,0,648,94914.0,717.0,0,0,"NE,NW,SW",3,57,14,0,14,1,38,8,142323.0,4399.0,57,14,14,13,13,167,18,34,0,0,23,0,0,8,6,30,0,38,9,4,0,0
90464050,0,Konstantin03,loss,28,0,672,99929.0,5015.0,0,0,"NE,NW,SW",3,54,14,0,14,0,34,8,148276.0,5741.0,39,14,14,30,10,164,31,38,0,0,16,0,0,8,6,10,0,15,12,8,0,25
90464050,0,Konstantin03,loss,29,0,696,107117.0,7188.0,0,0,"NE,NW,SW",3,14,14,0,14,0,44,8,156188.0,8124.0,27,14,14,34,0,150,14,14,0,0,0,0,0,8,6,52,0,34,12,12,0,15
90464050,0,Konstantin03,loss,29,23,719,119292.0,12175.0,7,7,"NE,NW,SW",3,0,14,0,14,0,0,8,168264.0,8124.0,27,14,14,34,0,150,14,0,0,0,0,0,0,8,6,52,0,34,12,12,0,15
90464050,1,Mohit Rao,win,0,0,0,3000.0,0.0,0,0,NW,1,0,0,0,0,0,0,0,0.0,0.0,0,0,0,0,0,0,0,0,0,0,0,0,0,0,0,0,0,0,0,0,0,0
90464050,1,Mohit Rao,win,1,0,24,105.0,-2895.0,0,0,NW,1,19,4,0,6,0,0,0,0.0,0.0,19,2,2,0,19,33,46,7,0,0,0,12,0,2,2,0,0,0,0,0,0,0
90464050,1,Mohit Rao,win,2,0,48,14.0,-91.0,0,0,NW,1,19,4,0,6,0,6,0,198.0,198.0,0,4,4,0,0,9,6,7,0,0,0,12,0,2,2,0,0,0,0,0,0,2
90464050,1,Mohit Rao,win,3,0,72,175.0,161.0,0,0,NW,1,19,4,0,6,0,5,1,456.0,258.0,19,2,4,0,0,33,48,7,0,0,0,12,0,2,2,2,0,0,0,0,0,2
90464050,1,Mohit Rao,win,4,0,96,30.0,-145.0,0,0,NW,1,19,5,0,6,0,5,1,844.0,388.0,7,4,4,0,0,31,85,7,0,0,0,12,0,3,2,0,0,0,0,0,0,4
90464050,1,Mohit Rao,win,5,0,120,301.0,271.0,0,0,NW,1,19,5,0,6,0,35,1,1577.0,733.0,28,5,5,7,7,52,29,7,0,0,0,12,0,3,2,5,0,0,0,0,0,6
90464050,1,Mohit Rao,win,6,0,144,947.0,646.0,0,0,NW,1,19,6,0,6,0,6,2,2556.0,979.0,0,4,5,0,0,14,18,7,0,0,0,12,0,4,2,25,0,0,0,0,0,3
90464050,1,Mohit Rao,win,7,0,168,1020.0,73.0,0,0,NW,1,19,6,0,6,0,13,2,3104.0,548.0,19,6,6,2,0,38,36,7,0,0,0,12,0,4,2,3,0,0,0,0,0,5
90464050,1,Mohit Rao,win,8,0,192,419.0,-601.0,0,0,"NE,NW",2,26,10,0,12,0,11,2,6086.0,2982.0,26,7,8,0,7,54,36,7,0,0,7,12,0,6,4,6,0,0,0,12,0,5
90464050,1,Mohit Rao,win,9,0,216,2926.0,2507.0,0,0,"NE,NW",2,30,10,0,12,0,38,3,10785.0,3355.0,31,10,10,9,11,90,49,7,0,0,11,12,0,6,4,0,0,0,12,0,0,7
90464050,1,Mohit Rao,win,10,0,240,2347.0,-579.0,0,0,"NE,NW",2,38,12,0,12,0,16,3,14131.0,4690.0,27,8,10,1,8,88,108,7,0,0,19,12,0,8,4,14,0,0,12,8,0,0
90464050,1,Mohit Rao,win,11,0,264,11079.0,8732.0,0,0,"NE,NW",2,28,12,0,12,0,18,3,30762.0,16631.0,22,12,12,12,0,115,18,7,0,0,19,2,0,8,4,5,54,0,6,8,0,0
90464050,1,Mohit Rao,win,12,0,288,11922.0,843.0,0,0,"NE,NW,SW",3,58,14,0,14,0,20,4,40916.0,10154.0,56,12,14,4,32,120,63,7,0,0,39,12,0,8,6,35,42,0,6,0,0,9
90464050,1,Mohit Rao,win,13,0,312,17600.0,5678.0,0,0,"NE,NW,SW",3,61,14,0,14,0,48,4,50082.0,6971.0,20,14,14,11,10,66,35,7,0,0,42,12,0,8,6,6,6,0,15,8,0,12
90464050,1,Mohit Rao,win,14,0,336,18736.0,1136.0,0,0,"NE,NW,SW",3,61,14,0,14,0,20,4,51280.0,3393.0,51,14,14,1,0,104,27,7,0,0,42,12,0,8,6,14,0,0,3,8,0,11
90464050,1,Mohit Rao,win,15,0,360,22279.0,3543.0,0,0,"NE,NW,SW",3,61,14,0,14,0,34,5,56603.0,5323.0,14,14,14,3,0,69,16,7,0,0,42,12,0,8,6,6,0,0,9,18,0,9
90464050,1,Mohit Rao,win,16,0,384,24138.0,1859.0,0,0,"NE,NW,SW",3,61,14,0,14,0,20,5,60428.0,3339.0,59,14,14,7,0,133,58,7,0,0,42,12,0,8,6,0,0,0,12,0,0,6
90464050,1,Mohit Rao,win,17,0,408,30052.0,5914.0,0,0,"NE,NW,SW",3,61,14,0,14,0,48,5,69930.0,9307.0,28,14,14,11,7,93,14,7,0,0,42,12,0,8,6,6,0,0,33,8,0,11
90464050,1,Mohit Rao,win,18,0,432,34784.0,4732.0,0,0,"NE,NW,SW",3,61,14,0,14,0,20,6,76440.0,4749.0,47,14,14,13,0,129,26,7,0,0,42,12,0,8,6,14,0,6,9,8,0,2
90464050,1,Mohit Rao,win,19,0,456,42275.0,7491.0,0,0,"NE,NW,SW",3,61,14,0,14,0,6,6,85627.0,10573.0,36,14,14,10,0,137,68,7,0,0,42,12,0,8,6,0,0,8,33,22,0,6
90464050,1,Mohit Rao,win,20,0,480,47393.0,5118.0,0,0,"NE,NW,SW",3,61,14,0,14,0,20,6,94376.0,8425.0,47,14,14,22,0,139,32,7,0,0,42,12,0,8,6,6,0,14,21,40,0,5
90464050,1,Mohit Rao,win,21,0,504,50988.0,3595.0,0,0,"NE,NW,SW",3,61,14,0,14,0,54,7,100524.0,5986.0,56,14,14,13,7,159,25,7,0,0,42,12,0,8,6,6,0,22,3,4,0,0
90464050,1,Mohit Rao,win,22,0,528,70053.0,19065.0,0,0,"NE,NW,SW",3,56,14,0,14,0,14,7,126452.0,26852.0,21,14,14,32,0,176,20,7,0,0,42,7,0,8,6,30,60,47,23,17,0,6
90464050,1,Mohit Rao,win,23,0,552,71497.0,1444.0,0,0,"NE,NW,SW",3,57,14,0,14,0,20,7,131496.0,4564.0,55,14,14,25,7,176,6,14,0,0,42,1,0,8,6,20,0,8,6,11,0,0
90464050,1,Mohit Rao,win,24,0,576,85152.0,13655.0,0,0,"NE,NW,SW",3,57,14,0,14,0,6,8,146571.0,15288.0,22,14,14,39,5,177,34,19,0,0,38,0,0,8,6,0,36,47,21,8,0,1
90464050,1,Mohit Rao,win,25,0,600,93948.0,8796.0,0,0,"NE,NW,SW",3,56,14,2,14,0,44,8,159500.0,12413.0,57,14,14,19,11,163,14,23,0,0,33,0,0,8,6,6,12,37,31,8,0,0
90464050,1,Mohit Rao,win,26,0,624,101526.0,7578.0,0,0,"NE,NW,SW",3,51,14,0,14,0,20,8,169165.0,11066.0,23,14,14,32,5,165,21,28,0,0,23,0,0,8,6,16,6,35,21,16,0,0
90464050,1,Mohit Rao,win,27,0,648,103027.0,1501.0,0,0,"NE,NW,SW",3,61,14,0,14,0,48,8,171665.0,2500.0,60,14,14,11,17,155,36,38,0,0,23,0,0,8,6,6,0,32,6,4,0,0
90464050,1,Mohit Rao,win,28,0,672,110147.0,7120.0,0,0,"NE,NW,SW",3,53,14,0,14,0,32,8,181150.0,9485.0,31,14,14,32,5,139,45,38,0,0,15,0,0,8,6,22,0,11,30,4,0,27
90464050,1,Mohit Rao,win,29,0,696,118156.0,8009.0,0,0,"NE,NW,SW",3,8,14,1,14,0,46,8,189899.0,8070.0,33,14,14,38,0,167,15,8,0,0,0,0,0,8,6,48,0,33,9,16,0,17
90464050,1,Mohit Rao,win,29,23,719,128216.0,10060.0,5,5,"NE,NW,SW",3,0,14,0,14,0,0,8,199715.0,8070.0,33,14,14,38,0,167,15,0,0,0,0,0,0,8,6,48,0,33,9,16,0,17
90470910,0,JALKARNA GAUTAM,win,0,0,0,3000.0,0.0,0,0,NW,1,0,0,0,0,0,0,0,0.0,0.0,0,0,0,0,0,0,0,0,0,0,0,0,0,0,0,0,0,0,0,0,0,0
90470910,0,JALKARNA GAUTAM,win,1,0,24,105.0,-2895.0,0,0,NW,1,19,4,0,6,0,0,0,0.0,0.0,19,2,2,0,19,33,46,7,0,0,0,12,0,2,2,0,0,0,0,0,0,0
90470910,0,JALKARNA GAUTAM,win,2,0,48,14.0,-91.0,0,0,NW,1,19,4,0,6,0,6,0,198.0,198.0,0,4,4,0,0,9,6,7,0,0,0,12,0,2,2,0,0,0,0,0,0,2
90470910,0,JALKARNA GAUTAM,win,3,0,72,175.0,161.0,0,0,NW,1,19,4,0,6,0,5,1,1417.0,1219.0,19,2,4,0,0,33,48,7,0,0,0,12,0,2,2,33,0,0,0,0,0,2
90470910,0,JALKARNA GAUTAM,win,4,0,96,62.0,-113.0,0,0,NW,1,19,5,0,6,0,4,1,2125.0,708.0,7,4,4,0,0,31,85,7,0,0,0,12,0,3,2,10,0,0,0,0,0,4
90470910,0,JALKARNA GAUTAM,win,5,0,120,298.0,236.0,0,0,NW,1,19,5,0,6,0,35,1,2957.0,832.0,28,5,5,7,7,52,29,7,0,0,0,12,0,3,2,8,0,0,0,0,0,6
90470910,0,JALKARNA GAUTAM,win,6,0,144,970.0,672.0,0,0,NW,1,19,6,0,6,0,6,2,3986.0,1029.0,0,4,5,0,0,14,18,7,0,0,0,12,0,4,2,25,0,0,0,0,0,3
90470910,0,JALKARNA GAUTAM,win,7,0,168,1015.0,45.0,0,0,NW,1,19,6,0,6,0,13,2,4761.0,775.0,19,6,6,2,0,38,36,7,0,0,0,12,0,4,2,10,0,0,0,0,0,5
90470910,0,JALKARNA GAUTAM,win,8,0,192,302.0,-713.0,0,0,"NE,NW",2,26,10,0,12,0,11,2,9294.0,4533.0,26,7,8,0,7,54,36,7,0,0,7,12,0,6,4,50,0,0,0,12,0,5
90470910,0,JALKARNA GAUTAM,win,9,0,216,2404.0,2102.0,0,0,"NE,NW",2,30,10,0,12,0,34,3,12001.0,1747.0,31,10,10,9,11,90,49,7,0,0,11,12,0,6,4,0,0,0,6,0,0,7
90470910,0,JALKARNA GAUTAM,win,10,0,240,1858.0,-546.0,0,0,"NE,NW",2,38,12,0,12,0,12,3,13261.0,2220.0,27,8,10,1,8,88,108,7,0,0,19,12,0,8,4,14,0,0,6,4,0,0
90470910,0,JALKARNA GAUTAM,win,11,0,264,10286.0,8428.0,0,0,"NE,NW",2,28,12,0,12,0,14,3,23445.0,10184.0,22,12,12,12,0,115,18,7,0,0,19,2,0,8,4,44,30,0,3,4,0,0
90470910,0,JALKARNA GAUTAM,win,12,0,288,10763.0,477.0,0,0,"NE,NW,SW",3,58,14,0,14,0,16,4,33397.0,9952.0,56,12,14,4,32,120,63,7,0,0,39,12,0,8,6,77,36,0,3,0,0,9
90470910,0,JALKARNA GAUTAM,win,13,0,312,15022.0,4259.0,0,0,"NE,NW,SW",3,61,14,0,14,0,44,4,39083.0,5532.0,20,14,14,11,10,66,35,7,0,0,42,12,0,8,6,26,6,0,12,8,0,12
90470910,0,JALKARNA GAUTAM,win,14,0,336,16185.0,1163.0,0,0,"NE,NW,SW",3,61,14,0,14,0,16,4,40309.0,1380.0,51,14,14,1,0,104,27,7,0,0,42,12,0,8,6,14,0,0,0,0,0,11
90470910,0,JALKARNA GAUTAM,win,15,0,360,18439.0,2254.0,0,0,"NE,NW,SW",3,61,14,0,14,0,30,5,45374.0,5065.0,14,14,14,3,0,69,16,7,0,0,42,12,0,8,6,46,0,0,9,12,0,9
90470910,0,JALKARNA GAUTAM,win,16,0,384,19131.0,692.0,0,0,"NE,NW,SW",3,61,14,0,14,0,16,5,46618.0,1110.0,59,14,14,7,0,133,58,7,0,0,42,12,0,8,6,0,0,0,6,0,0,6
90470910,0,JALKARNA GAUTAM,win,17,0,408,20656.0,1525.0,0,0,"NE,NW,SW",3,61,14,0,14,0,44,5,49695.0,3211.0,28,14,14,11,7,93,14,7,0,0,42,12,0,8,6,25,0,0,24,0,0,11
90470910,0,JALKARNA GAUTAM,win,18,0,432,25695.0,5039.0,0,0,"NE,NW,SW",3,61,14,0,14,0,16,6,54397.0,4600.0,47,14,14,13,0,129,26,7,0,0,42,12,0,8,6,14,0,6,3,16,0,2
90470910,0,JALKARNA GAUTAM,win,19,0,456,29421.0,3726.0,0,0,"NE,NW,SW",3,61,14,0,14,0,2,6,58720.0,3449.0,36,14,14,10,0,137,68,7,0,0,42,12,0,8,6,0,0,8,27,6,0,6
90470910,0,JALKARNA GAUTAM,win,20,0,480,35053.0,5632.0,0,0,"NE,NW,SW",3,61,14,0,14,0,16,6,68996.0,9806.0,47,14,14,22,0,139,32,7,0,0,42,12,0,8,6,67,0,14,12,18,0,5
90470910,0,JALKARNA GAUTAM,win,21,0,504,38776.0,3723.0,0,0,"NE,NW,SW",3,61,14,0,14,0,50,7,76077.0,6911.0,56,14,14,13,7,159,25,7,0,0,42,12,0,8,6,23,0,22,3,4,0,0
90470910,0,JALKARNA GAUTAM,win,22,0,528,56602.0,17826.0,0,0,"NE,NW,SW",3,56,14,0,14,0,10,7,92570.0,18109.0,21,14,14,32,0,176,20,7,0,0,42,7,0,8,6,30,30,47,15,12,0,6
90470910,0,JALKARNA GAUTAM,win,23,0,552,57859.0,1257.0,0,0,"NE,NW,SW",3,57,14,0,14,0,16,7,97881.0,4666.0,55,14,14,25,7,176,6,14,0,0,42,1,0,8,6,42,0,8,3,4,0,0
90470910,0,JALKARNA GAUTAM,win,24,0,576,70507.0,12648.0,0,0,"NE,NW,SW",3,57,14,0,14,0,2,8,110965.0,13061.0,22,14,14,39,5,177,34,19,0,0,38,0,0,8,6,0,36,47,18,8,0,1
90470910,0,JALKARNA GAUTAM,win,25,0,600,76588.0,6081.0,0,0,"NE,NW,SW",3,56,14,2,14,0,40,8,120692.0,10071.0,57,14,14,19,11,163,14,23,0,0,33,0,0,8,6,32,6,37,21,8,0,0
90470910,0,JALKARNA GAUTAM,win,26,0,624,85208.0,8620.0,0,0,"NE,NW,SW",3,51,14,0,14,0,16,8,129486.0,9118.0,23,14,14,32,5,165,21,28,0,0,23,0,0,8,6,16,0,35,9,12,0,0
90470910,0,JALKARNA GAUTAM,win,27,0,648,87025.0,1817.0,0,0,"NE,NW,SW",3,61,14,0,14,0,44,8,133166.0,3680.0,60,14,14,11,17,155,36,38,0,0,23,0,0,8,6,28,0,32,6,4,0,0
90470910,0,JALKARNA GAUTAM,win,28,0,672,92117.0,5092.0,0,0,"NE,NW,SW",3,53,14,1,14,0,28,8,138486.0,5320.0,31,14,14,32,5,139,45,38,0,0,15,0,0,8,6,22,0,11,21,4,0,27
90470910,0,JALKARNA GAUTAM,win,29,0,696,100657.0,8540.0,0,0,"NE,NW,SW",3,8,14,2,14,0,42,8,146572.0,7382.0,33,14,14,38,0,167,15,8,0,0,0,0,0,8,6,48,0,33,9,16,0,17
90470910,0,JALKARNA GAUTAM,win,29,23,719,108044.0,7387.0,5,5,"NE,NW,SW",3,0,14,1,14,0,0,8,153578.0,7382.0,33,14,14,38,0,167,15,0,0,0,0,0,0,8,6,48,0,33,9,16,0,17
90470910,1,somewhere after,loss,0,0,0,3000.0,0.0,0,0,NW,1,0,0,0,0,0,0,0,0.0,0.0,0,0,0,0,0,0,0,0,0,0,0,0,0,0,0,0,0,0,0,0,0,0
90470910,1,somewhere after,loss,1,0,24,105.0,-2895.0,0,0,NW,1,19,4,0,6,0,0,0,0.0,0.0,19,2,2,0,19,33,46,7,0,0,0,12,0,2,2,0,0,0,0,0,0,0
90470910,1,somewhere after,loss,2,0,48,14.0,-91.0,0,0,NW,1,19,4,0,6,0,6,0,198.0,198.0,0,4,4,0,0,9,6,7,0,0,0,12,0,2,2,0,0,0,0,0,0,2
90470910,1,somewhere after,loss,3,0,72,175.0,161.0,0,0,NW,1,19,4,0,6,0,5,1,1417.0,1219.0,19,2,4,0,0,33,48,7,0,0,0,12,0,2,2,33,0,0,0,0,0,2
90470910,1,somewhere after,loss,4,0,96,62.0,-113.0,0,0,NW,1,19,5,0,6,0,4,1,2125.0,708.0,7,4,4,0,0,31,85,7,0,0,0,12,0,3,2,10,0,0,0,0,0,4
90470910,1,somewhere after,loss,5,0,120,298.0,236.0,0,0,NW,1,19,5,0,6,0,35,1,2957.0,832.0,28,5,5,7,7,52,29,7,0,0,0,12,0,3,2,8,0,0,0,0,0,6
90470910,1,somewhere after,loss,6,0,144,970.0,672.0,0,0,NW,1,19,6,0,6,0,6,2,3986.0,1029.0,0,4,5,0,0,14,18,7,0,0,0,12,0,4,2,25,0,0,0,0,0,3
90470910,1,somewhere after,loss,7,0,168,1015.0,45.0,0,0,NW,1,19,6,0,6,0,13,2,4761.0,775.0,19,6,6,2,0,38,36,7,0,0,0,12,0,4,2,10,0,0,0,0,0,5
90470910,1,somewhere after,loss,8,0,192,202.0,-813.0,0,0,"NE,NW",2,27,10,0,12,0,11,2,9294.0,4533.0,27,7,8,0,8,58,30,7,0,0,8,12,0,6,4,50,0,0,0,12,0,5
90470910,1,somewhere after,loss,9,0,216,1310.0,1108.0,0,0,"NE,NW",2,31,10,0,12,0,31,3,10987.0,1693.0,31,10,10,9,11,90,49,7,0,0,12,12,0,6,4,0,0,0,6,0,0,7
90470910,1,somewhere after,loss,10,0,240,1826.0,516.0,0,0,"NE,NW",2,38,12,0,12,0,10,3,13097.0,2110.0,27,8,10,1,7,76,101,7,0,0,19,12,0,8,4,13,0,0,6,4,0,0
90470910,1,somewhere after,loss,11,0,264,10124.0,8298.0,0,0,"NE,NW",2,28,12,0,12,0,12,3,30306.0,17209.0,22,12,12,12,0,115,17,7,0,0,19,2,0,8,4,44,54,0,6,8,0,0
90470910,1,somewhere after,loss,12,0,288,10671.0,547.0,0,0,"NE,NW,SW",3,58,14,0,14,0,14,4,41539.0,11233.0,56,12,14,4,32,120,63,7,0,0,39,12,0,8,6,77,42,0,6,0,0,9
90470910,1,somewhere after,loss,13,0,312,14986.0,4315.0,0,0,"NE,NW,SW",3,61,14,0,14,0,42,4,49281.0,5910.0,20,14,14,11,10,66,35,7,0,0,42,12,0,8,6,26,6,0,15,8,0,12
90470910,1,somewhere after,loss,14,0,336,16149.0,1163.0,0,0,"NE,NW,SW",3,61,14,0,14,0,14,4,50507.0,3058.0,51,14,14,1,0,104,27,7,0,0,42,12,0,8,6,14,0,0,3,8,0,11
90470910,1,somewhere after,loss,15,0,360,18498.0,2349.0,0,0,"NE,NW,SW",3,61,14,0,14,0,28,5,56214.0,5707.0,14,14,14,3,0,69,16,7,0,0,42,12,0,8,6,46,0,0,9,18,0,9
90470910,1,somewhere after,loss,16,0,384,19839.0,1341.0,0,0,"NE,NW,SW",3,61,14,0,14,0,14,5,58782.0,1818.0,59,14,14,7,0,133,58,7,0,0,42,12,0,8,6,0,0,0,12,0,0,6
90470910,1,somewhere after,loss,17,0,408,22815.0,2976.0,0,0,"NE,NW,SW",3,61,14,0,14,0,42,5,63708.0,5574.0,29,14,14,12,7,89,13,7,0,0,42,12,0,8,6,25,0,0,33,12,0,11
90470910,1,somewhere after,loss,18,0,432,25806.0,2991.0,0,0,"NE,NW,SW",3,61,14,0,14,0,14,6,69654.0,3274.0,47,14,14,12,0,130,26,7,0,0,42,12,0,8,6,14,0,6,9,4,0,2
90470910,1,somewhere after,loss,19,0,456,29564.0,3758.0,0,0,"NE,NW,SW",3,61,14,0,14,0,0,6,76365.0,8509.0,36,14,14,10,0,137,68,7,0,0,42,12,0,8,6,0,0,8,39,38,0,6
90470910,1,somewhere after,loss,20,0,480,34804.0,5240.0,0,0,"NE,NW,SW",3,61,14,0,14,0,14,6,87917.0,11082.0,47,14,14,22,0,139,32,7,0,0,42,12,0,8,6,67,0,14,21,32,0,5
90470910,1,somewhere after,loss,21,0,504,38618.0,3814.0,0,0,"NE,NW,SW",3,61,14,0,14,0,48,7,95248.0,7161.0,56,14,14,13,7,159,25,7,0,0,42,12,0,8,6,23,0,22,3,5,0,0
90470910,1,somewhere after,loss,22,0,528,56414.0,17796.0,0,0,"NE,NW,SW",3,56,14,0,14,0,8,7,116115.0,22381.0,21,14,14,32,0,176,20,7,0,0,42,7,0,8,6,30,60,47,21,17,0,6
90470910,1,somewhere after,loss,23,0,552,57679.0,1265.0,0,0,"NE,NW,SW",3,57,14,0,14,0,14,7,121492.0,4834.0,55,14,14,25,7,176,6,14,0,0,42,1,0,8,6,42,0,8,6,4,0,0
90470910,1,somewhere after,loss,24,0,576,70338.0,12659.0,0,0,"NE,NW,SW",3,57,14,0,14,0,0,8,135911.0,14231.0,22,14,14,39,5,177,34,19,0,0,38,0,0,8,6,0,42,47,24,12,0,1
90470910,1,somewhere after,loss,25,0,600,76974.0,6636.0,0,0,"NE,NW,SW",3,55,14,3,14,0,38,8,146085.0,9943.0,57,14,14,19,11,163,14,23,0,0,32,0,0,8,6,32,6,37,15,8,0,0
90470910,1,somewhere after,loss,26,0,624,85357.0,8383.0,0,0,"NE,NW,SW",3,51,14,0,14,0,14,8,156075.0,11054.0,23,14,14,32,5,165,21,28,0,0,23,0,0,8,6,16,0,35,18,20,0,0
90470910,1,somewhere after,loss,27,0,648,87174.0,1817.0,0,0,"NE,NW,SW",3,61,14,0,14,0,42,8,159755.0,3680.0,60,14,14,11,17,155,36,38,0,0,23,0,0,8,6,28,0,32,6,4,0,0
90470910,1,somewhere after,loss,28,0,672,92221.0,5047.0,0,0,"NE,NW,SW",3,53,14,0,14,0,26,8,165456.0,5701.0,31,14,14,32,5,139,45,38,0,0,15,0,0,8,6,22,0,11,30,4,0,27
90470910,1,somewhere after,loss,29,0,696,100911.0,8690.0,0,0,"NE,NW,SW",3,8,14,1,14,0,40,8,173542.0,7382.0,33,14,14,38,0,167,15,8,0,0,0,0,0,8,6,48,0,33,9,16,0,17
90470910,1,somewhere after,loss,29,23,719,107993.0,7082.0,5,5,"NE,NW,SW",3,0,14,0,14,0,0,8,180444.0,7382.0,33,14,14,38,0,167,15,0,0,0,0,0,0,8,6,48,0,33,9,16,0,17
90473753,0,JALKARNA GAUTAM,win,0,0,0,3000.0,0.0,0,0,NW,1,0,0,0,0,0,0,0,0.0,0.0,0,0,0,0,0,0,0,0,0,0,0,0,0,0,0,0,0,0,0,0,0,0
90473753,0,JALKARNA GAUTAM,win,1,0,24,105.0,-2895.0,0,0,NW,1,19,4,0,6,0,0,0,0.0,0.0,19,2,2,0,19,33,46,7,0,0,0,12,0,2,2,0,0,0,0,0,0,0
90473753,0,JALKARNA GAUTAM,win,2,0,48,6.0,-99.0,0,0,NW,1,19,4,0,6,0,6,0,198.0,198.0,0,4,4,0,0,9,6,7,0,0,0,12,0,2,2,0,0,0,0,0,0,2
90473753,0,JALKARNA GAUTAM,win,3,0,72,166.0,160.0,0,0,NW,1,19,4,0,6,0,5,1,1417.0,1219.0,19,2,4,0,0,33,48,7,0,0,0,12,0,2,2,33,0,0,0,0,0,2
90473753,0,JALKARNA GAUTAM,win,4,0,96,50.0,-116.0,0,0,NW,1,19,5,0,6,0,4,1,2125.0,708.0,7,4,4,0,0,31,85,7,0,0,0,12,0,3,2,10,0,0,0,0,0,4
90473753,0,JALKARNA GAUTAM,win,5,0,120,308.0,258.0,0,0,NW,1,19,5,0,6,0,34,1,2951.0,826.0,28,5,5,7,7,52,29,7,0,0,0,12,0,3,2,8,0,0,0,0,0,6
90473753,0,JALKARNA GAUTAM,win,6,0,144,859.0,551.0,0,0,NW,1,19,6,0,6,0,5,2,3805.0,854.0,0,4,5,0,0,14,18,7,0,0,0,12,0,4,2,25,0,0,0,0,0,3
90473753,0,JALKARNA GAUTAM,win,7,0,168,964.0,105.0,0,0,NW,1,19,6,0,6,0,12,2,4535.0,730.0,19,6,6,2,0,38,36,7,0,0,0,12,0,4,2,10,0,0,0,0,0,5
90473753,0,JALKARNA GAUTAM,win,8,0,192,168.0,-796.0,0,0,"NE,NW",2,26,10,0,12,0,9,2,8913.0,4378.0,26,7,8,0,7,54,36,7,0,0,7,12,0,6,4,50,0,0,0,12,0,5
90473753,0,JALKARNA GAUTAM,win,9,0,216,2722.0,2554.0,0,0,"NE,NW",2,30,10,0,12,0,28,3,12024.0,1863.0,31,10,10,9,11,90,49,7,0,0,11,12,0,6,4,0,0,0,6,0,0,7
90473753,0,JALKARNA GAUTAM,win,10,0,240,2141.0,-581.0,0,0,"NE,NW",2,38,12,0,12,0,6,3,13256.0,2480.0,27,8,10,1,8,88,108,7,0,0,19,12,0,8,4,14,0,0,6,4,0,0
90473753,0,JALKARNA GAUTAM,win,11,0,264,10857.0,8716.0,0,0,"NE,NW",2,28,11,0,12,0,11,3,23865.0,10609.0,22,12,12,12,0,115,18,7,0,0,19,2,0,7,4,44,30,0,3,4,0,0
90473753,0,JALKARNA GAUTAM,win,12,0,288,12853.0,1996.0,0,0,"NE,NW,SW",3,58,13,0,14,0,14,4,36122.0,12257.0,56,12,14,4,32,120,63,7,0,0,39,12,0,7,6,77,36,0,3,0,0,9
90473753,0,JALKARNA GAUTAM,win,13,0,312,18152.0,5299.0,0,0,"NE,NW,SW",3,61,13,0,14,0,43,4,43025.0,6767.0,20,14,14,11,10,66,35,7,0,0,42,12,0,7,6,26,6,0,12,5,0,12
90473753,0,JALKARNA GAUTAM,win,14,0,336,19210.0,1058.0,0,0,"NE,NW,SW",3,61,13,0,14,0,16,4,44156.0,1267.0,51,14,14,1,0,104,27,7,0,0,42,12,0,7,6,14,0,0,0,0,0,11
90473753,0,JALKARNA GAUTAM,win,15,0,360,22810.0,3600.0,0,0,"NE,NW,SW",3,61,13,0,14,0,31,5,50770.0,6614.0,14,14,14,3,0,69,16,7,0,0,42,12,0,7,6,46,0,0,9,10,0,9
90473753,0,JALKARNA GAUTAM,win,16,0,384,23984.0,1174.0,0,0,"NE,NW,SW",3,61,13,0,14,0,18,5,52536.0,1656.0,59,14,14,7,0,133,58,7,0,0,42,12,0,7,6,0,0,0,6,0,0,6
90473753,0,JALKARNA GAUTAM,win,17,0,408,28903.0,4919.0,0,0,"NE,NW,SW",3,61,13,0,14,0,47,5,59147.0,6721.0,28,14,14,11,7,93,14,7,0,0,42,12,0,7,6,25,0,0,24,0,0,11
90473753,0,JALKARNA GAUTAM,win,18,0,432,36248.0,7345.0,0,0,"NE,NW,SW",3,61,13,0,14,0,20,6,66682.0,6323.0,47,14,14,13,0,129,26,7,0,0,42,12,0,7,6,14,0,6,3,15,0,2
90473753,0,JALKARNA GAUTAM,win,19,0,456,43036.0,6788.0,0,0,"NE,NW,SW",3,61,13,0,14,0,7,6,74005.0,7519.0,36,14,14,10,0,137,68,7,0,0,42,12,0,7,6,0,0,8,21,6,0,6
90473753,0,JALKARNA GAUTAM,win,20,0,480,51446.0,8410.0,0,0,"NE,NW,SW",3,61,13,0,14,0,22,6,87232.0,12731.0,47,14,14,22,0,139,32,7,0,0,42,12,0,7,6,67,0,14,12,18,0,5
90473753,0,JALKARNA GAUTAM,win,21,0,504,56177.0,4731.0,0,0,"NE,NW,SW",3,61,13,0,14,0,57,7,95176.0,7796.0,56,14,14,13,7,159,25,7,0,0,42,12,0,7,6,23,0,22,3,4,0,0
90473753,0,JALKARNA GAUTAM,win,22,0,528,73700.0,17523.0,0,0,"NE,NW,SW",3,56,13,0,14,0,18,7,112207.0,18691.0,21,14,14,32,0,176,20,7,0,0,42,7,0,7,6,30,30,47,12,12,0,2
90473753,0,JALKARNA GAUTAM,win,23,0,552,75460.0,1760.0,0,0,"NE,NW,SW",3,57,13,0,14,0,25,7,118046.0,5221.0,55,14,14,25,7,176,6,14,0,0,42,1,0,7,6,42,0,8,3,4,0,0
90473753,0,JALKARNA GAUTAM,win,24,0,576,89306.0,13846.0,0,0,"NE,NW,SW",3,57,13,0,14,0,12,8,132809.0,14437.0,22,14,14,39,5,177,34,19,0,0,38,0,0,7,6,0,36,47,15,8,0,1
90473753,0,JALKARNA GAUTAM,win,25,0,600,96478.0,7172.0,0,0,"NE,NW,SW",3,56,13,2,14,0,51,8,144083.0,11894.0,57,14,14,19,11,163,14,23,0,0,33,0,0,7,6,32,6,35,18,8,0,0
90473753,0,JALKARNA GAUTAM,win,26,0,624,106453.0,9975.0,0,0,"NE,NW,SW",3,51,13,0,14,0,28,8,154579.0,10820.0,23,14,14,32,5,165,21,28,0,0,23,0,0,7,6,16,0,35,6,12,0,0
90473753,0,JALKARNA GAUTAM,win,27,0,648,110942.0,4489.0,0,0,"NE,NW,SW",3,61,13,0,14,0,57,8,162398.0,7819.0,60,14,14,11,17,155,36,38,0,0,23,0,0,7,6,28,0,30,6,4,0,0
90473753,0,JALKARNA GAUTAM,win,28,0,672,116196.0,5254.0,0,0,"NE,NW,SW",3,53,13,0,14,0,42,8,168146.0,5748.0,31,14,14,32,5,139,45,38,0,0,15,0,0,7,6,22,0,11,18,4,0,23
90473753,0,JALKARNA GAUTAM,win,29,0,696,129075.0,12879.0,0,0,"NE,NW,SW",3,8,13,2,14,0,57,8,181407.0,12297.0,33,14,14,38,0,167,15,8,0,0,0,0,0,7,6,48,0,33,9,16,0,13
90473753,0,JALKARNA GAUTAM,win,29,23,719,137560.0,8485.0,5,5,"NE,NW,SW",3,0,13,1,14,0,0,8,189811.0,12297.0,33,14,14,38,0,167,15,0,0,0,0,0,0,7,6,48,0,33,9,16,0,13
90473753,1,Seb (allegedly),loss,0,0,0,3000.0,0.0,0,0,NW,1,0,0,0,0,0,0,0,0.0,0.0,0,0,0,0,0,0,0,0,0,0,0,0,0,0,0,0,0,0,0,0,0,0
90473753,1,Seb (allegedly),loss,1,0,24,566.0,-2434.0,0,0,NW,1,17,4,0,8,0,4,0,0.0,0.0,17,4,4,0,17,60,58,14,0,0,0,3,0,2,2,0,0,0,0,0,0,0
90473753,1,Seb (allegedly),loss,2,0,48,356.0,-210.0,0,0,NW,1,17,5,0,8,0,5,0,398.0,398.0,0,5,5,0,0,30,130,14,0,0,0,3,0,3,2,0,0,0,0,0,0,4
90473753,1,Seb (allegedly),loss,3,0,72,658.0,302.0,0,0,NW,1,17,5,0,8,0,5,1,886.0,488.0,17,5,5,0,0,64,83,14,0,0,0,3,0,3,2,0,0,0,0,0,0,5
90473753,1,Seb (allegedly),loss,4,0,96,482.0,-176.0,0,0,NW,1,17,6,0,8,0,6,1,1366.0,480.0,14,6,6,0,0,47,101,14,0,0,0,3,0,4,2,0,0,0,0,0,0,5
90473753,1,Seb (allegedly),loss,5,0,120,299.0,-183.0,0,0,"NE,NW",2,3,7,0,8,0,27,1,2629.0,951.0,17,7,7,14,0,91,57,0,0,0,0,3,0,5,2,24,0,0,0,0,0,2
90473753,1,Seb (allegedly),loss,6,0,144,1019.0,720.0,0,0,"NE,NW",2,9,7,0,9,0,7,2,3848.0,1531.0,6,7,7,0,6,79,84,1,0,0,2,6,0,5,2,21,0,0,0,0,0,11
90473753,1,Seb (allegedly),loss,7,0,168,1215.0,196.0,0,0,"NE,NW",2,27,8,0,10,0,8,2,6662.0,2814.0,20,7,7,2,18,119,15,2,0,0,12,13,0,6,2,0,0,0,0,12,0,3
90473753,1,Seb (allegedly),loss,8,0,192,180.0,-1035.0,0,0,"NE,NW",2,37,10,0,11,0,10,2,7709.0,1047.0,20,9,8,0,10,97,37,2,0,0,18,17,0,8,2,0,0,0,0,0,0,12
90473753,1,Seb (allegedly),loss,9,0,216,1245.0,1065.0,0,0,"NE,NW,SW",3,37,11,1,11,0,11,3,11139.0,3430.0,22,8,6,2,0,120,46,2,0,0,18,17,0,9,2,0,0,0,12,0,0,10
90473753,1,Seb (allegedly),loss,10,0,240,2386.0,1141.0,0,0,"NE,NW,SW",3,47,11,1,16,0,11,3,14638.0,3499.0,29,10,8,4,11,163,20,1,0,0,29,17,0,9,2,0,0,0,6,8,0,9
90473753,1,Seb (allegedly),loss,11,0,264,2638.0,252.0,0,0,"NE,NW,SE,SW",4,45,15,2,16,0,15,3,21054.0,5818.0,25,14,14,6,2,164,27,0,0,0,31,14,0,13,2,0,18,0,2,0,0,10
90473753,1,Seb (allegedly),loss,12,0,288,873.0,-1765.0,0,0,"NE,NW,SE,SW",4,58,18,2,19,0,18,4,22633.0,1733.0,39,9,9,2,13,174,18,0,0,0,41,17,0,15,3,0,0,0,5,0,0,8
90473753,1,Seb (allegedly),loss,13,0,312,6675.0,5802.0,0,0,"NE,NW,SE,SW",4,58,18,2,19,0,18,4,29445.0,7052.0,22,18,16,5,0,173,22,0,0,0,41,17,0,15,3,0,0,0,18,8,0,21
90473753,1,Seb (allegedly),loss,14,0,336,6559.0,-116.0,0,0,"NE,NW,SE,SW",4,58,19,2,19,0,19,4,30285.0,1044.0,46,14,15,2,0,177,10,0,0,0,41,17,0,15,4,0,0,0,0,0,0,16
90473753,1,Seb (allegedly),loss,15,0,360,11020.0,4461.0,0,0,"NE,NW,SE,SW",4,58,19,2,19,0,19,5,35800.0,4081.0,28,18,19,4,0,168,24,0,0,0,41,17,0,15,4,0,0,0,13,0,0,20
90473753,1,Seb (allegedly),loss,16,0,384,11395.0,375.0,0,0,"NE,NW,SE,SW",4,56,19,2,19,0,19,5,37340.0,2974.0,43,19,18,9,0,171,7,0,0,0,41,15,0,15,4,0,0,0,12,0,0,6
90473753,1,Seb (allegedly),loss,17,0,408,31494.0,20099.0,0,0,"NE,NW,SE,SW",4,49,19,2,19,0,19,5,57562.0,20222.0,27,14,14,23,0,176,0,0,0,0,41,8,0,15,4,0,42,19,25,7,0,15
90473753,1,Seb (allegedly),loss,18,0,432,34703.0,3209.0,0,0,"NE,NW,SE,SW",4,49,19,2,19,0,19,6,62094.0,3932.0,37,19,19,12,1,176,2,0,0,0,41,8,0,15,4,0,12,7,0,0,0,2
90473753,1,Seb (allegedly),loss,19,0,456,49196.0,14493.0,0,0,"NE,NW,SE,SW",4,46,19,3,19,0,19,6,76979.0,15485.0,26,17,15,26,1,166,2,0,0,0,41,5,0,15,4,0,30,15,35,4,0,16
90473753,1,Seb (allegedly),loss,20,0,480,57273.0,8077.0,0,0,"NE,NW,SE,SW",4,48,19,3,19,0,19,6,86266.0,9245.0,30,18,16,27,2,169,1,1,0,0,41,6,0,15,4,0,0,19,22,4,0,9
90473753,1,Seb (allegedly),loss,21,0,504,71860.0,14587.0,0,0,"NE,NW,SE,SW",4,48,19,4,19,0,19,7,101809.0,13287.0,30,16,17,22,0,161,1,1,0,0,41,6,0,15,4,0,0,33,23,9,0,8
90473753,1,Seb (allegedly),loss,22,0,528,81776.0,9916.0,0,0,"NE,NW,SE,SW",4,45,19,4,19,1,19,7,112580.0,13069.0,22,16,12,35,0,172,2,1,0,0,41,3,0,15,4,0,18,27,21,8,0,4
90473753,1,Seb (allegedly),loss,23,0,552,94058.0,12282.0,0,0,"NE,NW,SE,SW",4,44,19,6,19,0,19,7,126028.0,12499.0,30,18,19,26,1,163,0,2,0,0,39,3,0,15,4,0,0,44,17,0,0,12
90473753,1,Seb (allegedly),loss,24,0,576,107531.0,13473.0,0,0,"NE,NW,SE,SW",4,33,19,16,19,0,20,8,140492.0,13457.0,8,19,19,36,0,165,12,1,0,0,29,3,0,15,4,0,0,36,28,8,0,21
90473753,1,Seb (allegedly),loss,25,0,600,111490.0,3959.0,0,0,"NE,NW,SE,SW",4,28,19,22,19,0,19,8,145560.0,7024.0,22,19,19,12,1,164,14,2,0,0,23,3,0,15,4,1,0,28,2,4,0,11
90473753,1,Seb (allegedly),loss,26,0,624,121940.0,10450.0,0,0,"NE,NW,SE,SW",4,28,19,22,19,0,19,8,157052.0,11492.0,9,19,18,29,0,153,28,2,0,0,23,3,0,15,4,0,0,33,29,8,0,19
90473753,1,Seb (allegedly),loss,27,0,648,123839.0,1899.0,0,0,"NE,NW,SE,SW",4,16,19,33,19,0,22,8,160129.0,3077.0,15,18,18,13,0,155,41,1,0,0,12,3,0,15,4,0,0,10,10,0,0,19
90473753,1,Seb (allegedly),loss,28,0,672,132174.0,8335.0,0,0,"NE,NW,SE,SW",4,14,19,35,19,0,19,8,169228.0,9099.0,5,20,20,19,1,134,60,2,0,0,10,2,0,15,4,0,0,20,36,12,0,14
90473753,1,Seb (allegedly),loss,29,0,696,133679.0,1505.0,0,0,"NE,NW,SE,SW",4,2,19,45,19,0,19,8,172031.0,2803.0,3,19,19,12,0,138,65,1,0,0,0,1,0,15,4,4,6,0,16,4,0,26
90473753,1,Seb (allegedly),loss,29,23,719,136063.0,2384.0,0,0,"NE,NW,SE,SW",4,2,19,45,19,0,0,8,174120.0,2803.0,3,19,19,12,0,138,65,1,0,0,0,1,0,15,4,4,6,0,16,4,0,26
90474408,0,Alon Bar Koter,win,0,0,0,3000.0,0.0,0,0,NW,1,0,0,0,0,0,0,0,0.0,0.0,0,0,0,0,0,0,0,0,0,0,0,0,0,0,0,0,0,0,0,0,0,0
90474408,0,Alon Bar Koter,win,1,0,24,683.0,-2317.0,0,0,NW,1,12,2,0,3,0,0,0,170.0,170.0,12,2,2,0,12,65,53,0,0,0,0,12,0,2,0,6,0,0,0,0,0,0
90474408,0,Alon Bar Koter,win,2,0,48,775.0,92.0,0,0,NW,1,12,3,0,3,0,1,0,456.0,286.0,12,2,3,0,0,63,73,0,0,0,0,12,0,3,0,3,0,0,0,0,0,2
90474408,0,Alon Bar Koter,win,3,0,72,591.0,-184.0,0,0,NW,1,12,3,0,4,0,0,1,994.0,538.0,12,3,3,0,0,68,65,0,0,0,0,12,0,3,0,8,0,0,0,0,0,3
90474408,0,Alon Bar Koter,win,4,0,96,740.0,149.0,0,0,NW,1,12,4,0,4,0,1,1,1535.0,541.0,12,3,4,0,0,70,61,0,0,0,0,12,0,4,0,8,0,0,0,0,0,3
90474408,0,Alon Bar Koter,win,5,0,120,611.0,-129.0,0,0,NW,1,12,4,0,5,0,0,1,2435.0,900.0,12,4,4,0,0,74,54,0,0,0,0,12,0,4,0,16,0,0,0,0,0,4
90474408,0,Alon Bar Koter,win,6,0,144,806.0,195.0,0,0,NW,1,12,5,0,5,0,0,2,3345.0,910.0,12,5,5,0,0,71,54,0,0,0,0,12,0,5,0,16,0,0,0,0,0,4
90474408,0,Alon Bar Koter,win,7,0,168,682.0,-124.0,0,0,NW,1,12,5,0,6,0,0,2,4424.0,1079.0,12,5,5,0,0,77,46,0,0,0,0,12,0,5,0,18,0,0,0,0,0,5
90474408,0,Alon Bar Koter,win,8,0,192,511.0,-171.0,0,0,NW,1,12,6,0,6,0,1,2,5761.0,1337.0,12,5,6,0,0,91,30,0,0,0,0,12,0,6,0,25,0,0,0,0,0,5
90474408,0,Alon Bar Koter,win,9,0,216,2108.0,1597.0,0,0,NW,1,12,6,0,7,0,0,3,9899.0,4138.0,12,6,6,2,0,93,22,0,0,0,0,12,0,6,0,33,0,0,12,0,0,6
90474408,0,Alon Bar Koter,win,10,0,240,2895.0,787.0,0,0,NW,1,12,7,0,8,0,2,3,12358.0,2459.0,12,5,6,1,0,102,13,0,0,0,0,12,0,7,0,39,0,0,6,0,0,0
90474408,0,Alon Bar Koter,win,11,0,264,15344.0,12449.0,0,0,NW,1,1,7,0,8,0,0,3,26683.0,14325.0,13,6,1,14,1,105,2,0,0,0,0,1,0,7,0,36,48,0,6,0,0,0
90474408,0,Alon Bar Koter,win,12,0,288,22174.0,6830.0,0,0,NW,1,11,8,0,9,0,2,4,34552.0,7869.0,11,7,5,2,10,102,0,0,0,0,0,11,0,8,0,29,24,0,9,0,0,0
90474408,0,Alon Bar Koter,win,13,0,312,23893.0,1719.0,0,0,NW,1,12,9,0,10,0,2,4,38842.0,4250.0,12,6,12,2,1,105,1,0,0,0,0,12,0,9,0,56,0,0,2,0,0,20
90474408,0,Alon Bar Koter,win,14,0,336,22793.0,-1100.0,0,0,"NE,NW",2,17,10,1,10,0,3,4,42827.0,4025.0,17,6,8,3,5,122,0,0,0,0,0,17,0,10,0,68,0,0,7,0,0,0
90474408,0,Alon Bar Koter,win,15,0,360,25069.0,2276.0,0,0,"NE,NW",2,24,10,1,10,0,1,5,47496.0,4669.0,24,10,3,2,7,178,2,0,0,0,0,24,0,10,0,46,0,0,6,0,0,21
90474408,0,Alon Bar Koter,win,16,0,384,25928.0,859.0,0,0,"NE,NW",2,24,10,0,10,0,0,5,50342.0,2846.0,24,10,11,4,0,144,31,0,0,0,0,24,0,10,0,34,0,0,7,0,0,0
90474408,0,Alon Bar Koter,win,17,0,408,27635.0,1707.0,0,0,"NE,NW",2,24,10,0,10,0,2,5,54612.0,4270.0,24,8,10,2,0,155,27,0,0,0,0,24,0,10,0,46,0,0,4,0,0,21
90474408,0,Alon Bar Koter,win,18,0,432,28968.0,1333.0,0,0,"NE,NW",2,24,10,0,10,0,0,6,57969.0,3156.0,24,10,10,5,0,136,40,0,0,0,0,24,0,10,0,34,0,0,8,0,0,0
90474408,0,Alon Bar Koter,win,19,0,456,30902.0,1934.0,0,0,"NE,NW",2,24,10,0,10,0,2,6,62560.0,4792.0,24,8,10,2,0,155,27,0,0,0,0,24,0,10,0,46,0,0,7,0,0,20
90474408,0,Alon Bar Koter,win,20,0,480,33325.0,2423.0,0,0,"NE,NW",2,24,10,0,10,0,2,6,67320.0,4142.0,24,8,10,6,0,151,26,0,0,0,0,24,0,10,0,39,0,0,11,0,0,0
90474408,0,Alon Bar Koter,win,21,0,504,35886.0,2561.0,0,0,"NE,NW",2,23,10,0,10,0,1,7,72072.0,5370.0,24,9,10,4,0,152,27,0,0,0,0,23,0,10,0,36,0,0,12,0,0,21
90474408,0,Alon Bar Koter,win,22,0,528,46463.0,10577.0,0,0,"NE,NW",2,13,10,0,10,0,1,7,85069.0,12997.0,23,8,9,17,0,155,10,0,0,0,0,13,0,10,0,40,36,0,11,0,0,0
90474408,0,Alon Bar Koter,win,23,0,552,57916.0,11453.0,0,0,"NE,NW",2,12,10,0,10,0,0,7,97850.0,11087.0,13,11,11,4,0,153,29,0,0,0,0,12,0,10,0,24,30,0,17,0,0,0
90474408,0,Alon Bar Koter,win,24,0,576,57925.0,9.0,0,0,"NE,NW",2,7,10,0,10,0,0,8,99632.0,3476.0,12,10,9,12,0,175,12,0,0,0,0,7,0,10,0,22,0,0,6,0,0,23
90474408,0,Alon Bar Koter,win,25,0,600,76900.0,18975.0,0,0,"NE,NW",2,0,10,0,10,0,0,8,117248.0,16816.0,7,10,11,10,0,138,43,0,0,0,0,0,0,10,0,15,78,0,25,0,0,0
90474408,0,Alon Bar Koter,win,26,0,624,80714.0,3814.0,0,0,"NE,NW",2,0,10,0,10,0,0,8,123114.0,6666.0,0,9,10,7,0,124,75,0,0,0,0,0,0,10,0,27,0,0,21,0,0,20
90474408,0,Alon Bar Koter,win,27,0,648,82628.0,1914.0,0,0,"NE,NW",2,0,10,1,10,0,0,8,126360.0,3246.0,0,11,10,3,0,101,100,0,0,0,0,0,0,10,0,13,0,0,9,0,0,21
90474408,0,Alon Bar Koter,win,28,0,672,86703.0,4075.0,0,0,"NE,NW",2,0,10,0,10,0,0,8,132634.0,6274.0,0,9,10,7,0,126,72,0,0,0,0,0,0,10,0,28,0,0,21,0,0,10
90474408,0,Alon Bar Koter,win,29,0,696,88154.0,1451.0,0,0,"NE,NW",2,0,10,0,10,0,0,8,135503.0,2869.0,0,11,0,3,0,92,119,0,0,0,0,0,0,10,0,13,0,0,9,0,0,10
90474408,0,Alon Bar Koter,win,29,23,719,92143.0,3989.0,10,10,"NE,NW",2,0,10,0,10,0,0,8,141620.0,2869.0,0,11,0,3,0,92,119,0,0,0,0,0,0,10,0,13,0,0,9,0,0,10
90474408,1,Abdullah Razi,loss,0,0,0,3000.0,0.0,0,0,NW,1,0,0,0,0,0,0,0,0.0,0.0,0,0,0,0,0,0,0,0,0,0,0,0,0,0,0,0,0,0,0,0,0,0
90474408,1,Abdullah Razi,loss,1,0,24,22.0,-2978.0,0,0,NW,1,4,4,4,4,1,8,0,0.0,0.0,4,4,3,1,8,172,1,3,0,0,0,1,0,4,0,0,0,0,0,0,0,0
90474408,1,Abdullah Razi,loss,2,0,48,13.0,-9.0,0,0,NW,1,4,4,2,4,1,7,0,100.0,100.0,3,4,3,30,0,116,0,3,0,0,0,1,0,4,0,0,0,0,0,0,0,1
90474408,1,Abdullah Razi,loss,3,0,72,20.0,7.0,0,0,NW,1,1,4,3,4,3,12,1,298.0,198.0,3,4,3,4,0,137,0,0,0,0,0,1,0,4,0,0,0,0,0,0,0,2
90474408,1,Abdullah Razi,loss,4,0,96,152.0,132.0,0,0,NW,1,2,4,2,5,1,8,1,494.0,196.0,2,4,4,1,3,157,0,1,0,0,0,1,0,4,0,0,0,0,0,0,0,2
90474408,1,Abdullah Razi,loss,5,0,120,18.0,-134.0,0,0,NW,1,2,5,1,5,2,7,1,688.0,194.0,2,4,3,6,1,132,0,1,0,0,0,1,0,5,0,0,0,0,0,0,0,2
90474408,1,Abdullah Razi,loss,6,0,144,21.0,3.0,0,0,NW,1,1,5,1,5,2,9,2,976.0,288.0,2,6,4,2,0,133,0,0,0,0,0,1,0,5,0,0,0,0,0,0,0,3
90474408,1,Abdullah Razi,loss,7,0,168,168.0,147.0,0,0,NW,1,5,5,2,5,0,8,2,1446.0,470.0,5,5,5,6,5,172,0,1,0,0,1,3,0,5,0,0,0,0,0,0,0,5
90474408,1,Abdullah Razi,loss,8,0,192,26.0,-142.0,0,0,NW,1,6,5,2,6,0,7,2,1630.0,184.0,4,5,4,13,2,183,0,1,0,0,2,3,0,5,0,0,0,0,0,0,0,2
90474408,1,Abdullah Razi,loss,9,0,216,629.0,603.0,0,0,NW,1,4,6,3,6,1,13,3,5370.0,3740.0,6,5,4,10,0,193,0,0,0,0,2,2,0,6,0,0,0,0,18,0,0,4
90474408,1,Abdullah Razi,loss,10,0,240,255.0,-374.0,0,0,NW,1,4,6,2,7,1,15,3,6646.0,1276.0,4,6,5,4,0,180,0,0,0,0,2,2,0,6,0,0,0,0,6,0,0,2
90474408,1,Abdullah Razi,loss,11,0,264,155.0,-100.0,0,0,NW,1,3,7,1,8,1,16,3,7547.0,901.0,3,6,5,5,0,225,0,0,0,0,2,1,0,7,0,0,0,0,3,0,0,4
90474408,1,Abdullah Razi,loss,12,0,288,1341.0,1186.0,0,0,"NE,NW",2,3,9,0,10,1,16,4,10411.0,2864.0,4,9,8,0,0,234,0,0,0,0,2,1,0,8,1,0,6,0,8,0,0,3
90474408,1,Abdullah Razi,loss,13,0,312,1133.0,-208.0,0,0,"NE,NW,SW",3,3,12,0,12,1,15,4,12875.0,1957.0,2,9,8,4,0,212,0,0,0,0,2,1,0,8,4,0,0,0,6,0,0,11
90474408,1,Abdullah Razi,loss,14,0,336,1098.0,-35.0,0,0,"NE,NW,SW",3,2,12,1,12,1,16,4,13759.0,1391.0,1,13,9,0,0,213,0,0,0,0,2,0,0,8,4,0,0,0,6,0,0,5
90474408,1,Abdullah Razi,loss,15,0,360,2686.0,1588.0,0,0,"NE,NW,SW",3,2,12,2,12,1,16,5,16214.0,2307.0,0,12,11,3,0,204,0,0,0,0,2,0,0,8,4,0,0,0,9,0,0,8
90474408,1,Abdullah Razi,loss,16,0,384,2163.0,-523.0,0,0,"NE,NW,SW",3,1,12,2,12,1,16,5,16581.0,515.0,1,12,10,0,0,212,0,0,0,0,1,0,0,8,4,0,0,0,0,0,0,7
90474408,1,Abdullah Razi,loss,17,0,408,3944.0,1781.0,0,0,"NE,NW,SW",3,1,12,2,12,1,16,5,19338.0,2757.0,2,12,10,4,0,206,0,0,0,0,1,0,0,8,4,0,0,0,11,0,0,8
90474408,1,Abdullah Razi,loss,18,0,432,4083.0,139.0,0,0,"NE,NW,SW",3,1,12,2,12,1,16,6,20398.0,1060.0,1,12,10,0,0,214,0,0,0,0,1,0,0,8,4,0,0,0,3,0,0,7
90474408,1,Abdullah Razi,loss,19,0,456,9191.0,5108.0,0,0,"NE,NW,SW",3,1,12,2,12,1,16,6,26408.0,4798.0,1,12,10,8,0,203,0,0,0,0,1,0,0,8,4,0,0,0,9,11,0,4
90474408,1,Abdullah Razi,loss,20,0,480,9826.0,635.0,0,0,"NE,NW,SW",3,1,12,2,12,1,16,6,27985.0,2789.0,1,12,10,0,1,215,0,0,0,0,1,0,0,8,4,0,0,0,9,2,0,8
90474408,1,Abdullah Razi,loss,21,0,504,13285.0,3459.0,0,0,"NE,NW,SW",3,1,12,3,12,1,16,7,32501.0,3892.0,1,12,10,7,0,205,0,0,0,0,1,0,0,8,4,0,0,0,12,4,0,7
90474408,1,Abdullah Razi,loss,22,0,528,16326.0,3041.0,0,0,"NE,NW,SW",3,1,12,2,12,1,16,7,36515.0,4638.0,1,12,10,2,0,210,0,0,0,0,1,0,0,8,4,0,0,0,9,10,0,6
90474408,1,Abdullah Razi,loss,23,0,552,18742.0,2416.0,0,0,"NE,NW,SW",3,1,12,2,12,1,16,7,39882.0,2731.0,1,12,10,5,0,208,0,0,0,0,1,0,0,8,4,0,0,0,6,4,0,9
90474408,1,Abdullah Razi,loss,24,0,576,19919.0,1177.0,0,0,"NE,NW,SW",3,1,12,2,12,1,16,8,42062.0,2816.0,1,12,10,2,0,216,0,0,0,0,1,0,0,8,4,0,0,0,12,0,0,6
90474408,1,Abdullah Razi,loss,25,0,600,26007.0,6088.0,0,0,"NE,NW,SW",3,0,12,3,12,1,16,8,49206.0,7144.0,0,12,11,9,0,199,0,0,0,0,0,0,0,8,4,0,0,0,18,12,0,8
90474408,1,Abdullah Razi,loss,26,0,624,26590.0,583.0,0,0,"NE,NW,SW",3,0,12,3,12,1,16,8,50818.0,1612.0,0,12,11,2,0,214,0,0,0,0,0,0,0,8,4,0,0,0,6,0,0,9
90474408,1,Abdullah Razi,loss,27,0,648,30454.0,3864.0,0,0,"NE,NW,SW",3,0,12,5,12,1,16,8,55705.0,4887.0,0,12,11,6,2,206,0,0,0,0,0,0,0,8,4,0,0,0,17,4,0,9
90474408,1,Abdullah Razi,loss,28,0,672,33634.0,3180.0,0,0,"NE,NW,SW",3,0,12,4,12,1,16,8,60139.0,4434.0,0,12,11,4,0,210,0,0,0,0,0,0,0,8,4,0,0,0,6,12,0,6
90474408,1,Abdullah Razi,loss,29,0,696,35864.0,2230.0,0,0,"NE,NW,SW",3,0,12,5,12,1,16,8,63403.0,3264.0,0,12,11,6,0,208,0,0,0,0,0,0,0,8,4,0,0,0,14,0,0,11
90474408,1,Abdullah Razi,loss,29,23,719,38300.0,2436.0,12,12,"NE,NW,SW",3,0,12,4,12,1,7,8,66912.0,3264.0,0,12,11,6,0,208,0,0,0,0,0,0,0,8,4,0,0,0,14,0,0,11
90479925,0,Pranshu Ghori,loss,0,0,0,3000.0,0.0,0,0,NW,1,0,0,0,0,0,0,0,0.0,0.0,0,0,0,0,0,0,0,0,0,0,0,0,0,0,0,0,0,0,0,0,0,0
90479925,0,Pranshu Ghori,loss,1,0,24,105.0,-2895.0,0,0,NW,1,19,4,0,6,0,0,0,0.0,0.0,19,2,2,0,19,33,46,7,0,0,0,12,0,2,2,0,0,0,0,0,0,0
90479925,0,Pranshu Ghori,loss,2,0,48,14.0,-91.0,0,0,NW,1,19,4,0,6,0,6,0,198.0,198.0,0,4,4,0,0,9,6,7,0,0,0,12,0,2,2,0,0,0,0,0,0,2
90479925,0,Pranshu Ghori,loss,3,0,72,175.0,161.0,0,0,NW,1,19,4,0,6,0,5,1,1417.0,1219.0,19,2,4,0,0,33,48,7,0,0,0,12,0,2,2,33,0,0,0,0,0,2
90479925,0,Pranshu Ghori,loss,4,0,96,62.0,-113.0,0,0,NW,1,19,5,0,6,0,4,1,2125.0,708.0,7,4,4,0,0,31,85,7,0,0,0,12,0,3,2,10,0,0,0,0,0,4
90479925,0,Pranshu Ghori,loss,5,0,120,298.0,236.0,0,0,NW,1,19,5,0,6,0,35,1,2957.0,832.0,28,5,5,7,7,52,29,7,0,0,0,12,0,3,2,8,0,0,0,0,0,6
90479925,0,Pranshu Ghori,loss,6,0,144,970.0,672.0,0,0,NW,1,19,6,0,6,0,6,2,3986.0,1029.0,0,4,5,0,0,14,18,7,0,0,0,12,0,4,2,25,0,0,0,0,0,3
90479925,0,Pranshu Ghori,loss,7,0,168,1015.0,45.0,0,0,NW,1,19,6,0,6,0,13,2,4761.0,775.0,19,6,6,2,0,38,36,7,0,0,0,12,0,4,2,10,0,0,0,0,0,5
90479925,0,Pranshu Ghori,loss,8,0,192,301.0,-714.0,0,0,"NE,NW",2,26,10,0,12,0,11,2,9294.0,4533.0,26,7,8,0,7,54,36,7,0,0,7,12,0,6,4,50,0,0,0,12,0,5
90479925,0,Pranshu Ghori,loss,9,0,216,2622.0,2321.0,0,0,"NE,NW",2,30,10,0,12,0,34,3,13477.0,3043.0,31,10,10,9,11,90,49,7,0,0,11,12,0,6,4,0,0,0,12,0,0,7
90479925,0,Pranshu Ghori,loss,10,0,240,2069.0,-553.0,0,0,"NE,NW",2,38,12,0,12,0,12,3,16667.0,4330.0,27,8,10,1,8,88,108,7,0,0,19,12,0,8,4,14,0,0,12,8,0,0
90479925,0,Pranshu Ghori,loss,11,0,264,10603.0,8534.0,0,0,"NE,NW",2,28,12,0,12,0,14,3,34256.0,17589.0,22,12,12,12,0,115,18,7,0,0,19,2,0,8,4,44,54,0,6,8,0,0
90479925,0,Pranshu Ghori,loss,12,0,288,11277.0,674.0,0,0,"NE,NW,SW",3,58,14,0,14,0,16,4,45916.0,11660.0,56,12,14,4,32,120,63,7,0,0,39,12,0,8,6,77,42,0,6,0,0,9
90479925,0,Pranshu Ghori,loss,13,0,312,16624.0,5347.0,0,0,"NE,NW,SW",3,61,14,0,14,0,44,4,55392.0,7332.0,20,14,14,11,10,66,35,7,0,0,42,12,0,8,6,26,6,0,15,8,0,12
90479925,0,Pranshu Ghori,loss,14,0,336,17785.0,1161.0,0,0,"NE,NW,SW",3,61,14,0,14,0,16,4,56618.0,3370.0,51,14,14,1,0,104,27,7,0,0,42,12,0,8,6,14,0,0,3,8,0,11
90479925,0,Pranshu Ghori,loss,15,0,360,21056.0,3271.0,0,0,"NE,NW,SW",3,61,14,0,14,0,30,5,63366.0,6748.0,14,14,14,3,0,69,16,7,0,0,42,12,0,8,6,46,0,0,9,18,0,9
90479925,0,Pranshu Ghori,loss,16,0,384,22430.0,1374.0,0,0,"NE,NW,SW",3,61,14,0,14,0,16,5,66755.0,3255.0,59,14,14,7,0,133,58,7,0,0,42,12,0,8,6,0,0,0,12,0,0,6
90479925,0,Pranshu Ghori,loss,17,0,408,27763.0,5333.0,0,0,"NE,NW,SW",3,61,14,0,14,0,44,5,76565.0,9272.0,28,14,14,11,7,93,14,7,0,0,42,12,0,8,6,25,0,0,33,0,0,11
90479925,0,Pranshu Ghori,loss,18,0,432,34794.0,7031.0,0,0,"NE,NW,SW",3,61,14,0,14,0,16,6,84189.0,4268.0,47,14,14,13,0,129,26,7,0,0,42,12,0,8,6,14,0,6,9,0,0,2
90479925,0,Pranshu Ghori,loss,19,0,456,42929.0,8135.0,0,0,"NE,NW,SW",3,61,14,0,14,0,2,6,94029.0,12892.0,36,14,14,10,0,137,68,7,0,0,42,12,0,8,6,0,0,8,33,22,0,6
90479925,0,Pranshu Ghori,loss,20,0,480,50713.0,7784.0,0,0,"NE,NW,SW",3,61,14,0,14,0,16,6,110253.0,15754.0,47,14,14,22,0,139,32,7,0,0,42,12,0,8,6,67,0,14,21,36,0,5
90479925,0,Pranshu Ghori,loss,21,0,504,55172.0,4459.0,0,0,"NE,NW,SW",3,61,14,0,14,0,50,7,118003.0,7584.0,56,14,14,13,7,159,25,7,0,0,42,12,0,8,6,23,0,22,3,4,0,0
90479925,0,Pranshu Ghori,loss,22,0,528,75150.0,19978.0,0,0,"NE,NW,SW",3,56,14,0,14,0,10,7,144535.0,27475.0,21,14,14,32,0,176,20,7,0,0,42,7,0,8,6,30,60,47,21,25,0,6
90479925,0,Pranshu Ghori,loss,23,0,552,77505.0,2355.0,0,0,"NE,NW,SW",3,57,14,0,14,0,16,7,151442.0,6427.0,55,14,14,25,7,176,6,14,0,0,42,1,0,8,6,42,0,8,6,7,0,0
90479925,0,Pranshu Ghori,loss,24,0,576,92438.0,14933.0,0,0,"NE,NW,SW",3,57,14,0,14,0,2,8,169736.0,18091.0,22,14,14,39,5,177,34,19,0,0,38,0,0,8,6,0,36,47,21,16,0,1
90479925,0,Pranshu Ghori,loss,25,0,600,102575.0,10137.0,0,0,"NE,NW,SW",3,56,14,2,14,0,40,8,184554.0,14415.0,57,14,14,19,11,163,14,23,0,0,33,0,0,8,6,32,6,37,27,8,0,0
90479925,0,Pranshu Ghori,loss,26,0,624,111307.0,8732.0,0,0,"NE,NW,SW",3,51,14,0,14,0,16,8,195993.0,13194.0,23,14,14,32,5,165,21,28,0,0,23,0,0,8,6,16,6,35,21,16,0,0
90479925,0,Pranshu Ghori,loss,27,0,648,113140.0,1833.0,0,0,"NE,NW,SW",3,61,14,0,14,0,44,8,200067.0,4074.0,60,14,14,11,17,155,36,38,0,0,23,0,0,8,6,28,0,32,6,4,0,0
90479925,0,Pranshu Ghori,loss,28,0,672,121428.0,8288.0,0,0,"NE,NW,SW",3,53,14,0,14,0,28,8,210794.0,10727.0,31,14,14,32,5,139,45,38,0,0,15,0,0,8,6,22,0,11,30,4,0,27
90479925,0,Pranshu Ghori,loss,29,0,696,131091.0,9663.0,0,0,"NE,NW,SW",3,8,14,1,14,0,42,8,220514.0,9038.0,33,14,14,38,0,167,15,8,0,0,0,0,0,8,6,48,0,33,9,16,0,17
90479925,0,Pranshu Ghori,loss,29,23,719,142077.0,10986.0,5,5,"NE,NW,SW",3,0,14,0,14,0,0,8,231418.0,9038.0,33,14,14,38,0,167,15,0,0,0,0,0,0,8,6,48,0,33,9,16,0,17
90479925,1,Mohit Rao,win,0,0,0,3000.0,0.0,0,0,NW,1,0,0,0,0,0,0,0,0.0,0.0,0,0,0,0,0,0,0,0,0,0,0,0,0,0,0,0,0,0,0,0,0,0
90479925,1,Mohit Rao,win,1,0,24,105.0,-2895.0,0,0,NW,1,19,4,0,6,0,0,0,0.0,0.0,19,2,2,0,19,33,46,7,0,0,0,12,0,2,2,0,0,0,0,0,0,0
90479925,1,Mohit Rao,win,2,0,48,14.0,-91.0,0,0,NW,1,19,4,0,6,0,6,0,198.0,198.0,0,4,4,0,0,9,6,7,0,0,0,12,0,2,2,0,0,0,0,0,0,2
90479925,1,Mohit Rao,win,3,0,72,175.0,161.0,0,0,NW,1,19,4,0,6,0,5,1,456.0,258.0,19,2,4,0,0,33,48,7,0,0,0,12,0,2,2,2,0,0,0,0,0,2
90479925,1,Mohit Rao,win,4,0,96,30.0,-145.0,0,0,NW,1,19,5,0,6,0,5,1,844.0,388.0,7,4,4,0,0,31,85,7,0,0,0,12,0,3,2,0,0,0,0,0,0,4
90479925,1,Mohit Rao,win,5,0,120,299.0,269.0,0,0,NW,1,19,5,0,6,0,35,1,1577.0,733.0,28,5,5,7,7,52,29,7,0,0,0,12,0,3,2,5,0,0,0,0,0,6
90479925,1,Mohit Rao,win,6,0,144,971.0,672.0,0,0,NW,1,19,6,0,6,0,6,2,2606.0,1029.0,0,4,5,0,0,14,18,7,0,0,0,12,0,4,2,25,0,0,0,0,0,3
90479925,1,Mohit Rao,win,7,0,168,1016.0,45.0,0,0,NW,1,19,6,0,6,0,13,2,3157.0,551.0,19,6,6,2,0,38,36,7,0,0,0,12,0,4,2,3,0,0,0,0,0,5
90479925,1,Mohit Rao,win,8,0,192,301.0,-715.0,0,0,"NE,NW",2,26,10,0,12,0,11,2,6150.0,2993.0,26,7,8,0,7,54,36,7,0,0,7,12,0,6,4,6,0,0,0,12,0,5
90479925,1,Mohit Rao,win,9,0,216,2622.0,2321.0,0,0,"NE,NW",2,30,10,0,12,0,34,3,10333.0,3043.0,31,10,10,9,11,90,49,7,0,0,11,12,0,6,4,0,0,0,12,0,0,7
90479925,1,Mohit Rao,win,10,0,240,2069.0,-553.0,0,0,"NE,NW",2,38,12,0,12,0,12,3,13523.0,4330.0,27,8,10,1,8,88,108,7,0,0,19,12,0,8,4,14,0,0,12,8,0,0
90479925,1,Mohit Rao,win,11,0,264,10617.0,8548.0,0,0,"NE,NW",2,28,12,0,12,0,14,3,29645.0,16122.0,22,12,12,12,0,115,18,7,0,0,19,2,0,8,4,5,54,0,6,8,0,0
90479925,1,Mohit Rao,win,12,0,288,11370.0,753.0,0,0,"NE,NW,SW",3,58,14,0,14,0,16,4,39639.0,9994.0,56,12,14,4,32,120,63,7,0,0,39,12,0,8,6,35,42,0,6,0,0,9
90479925,1,Mohit Rao,win,13,0,312,16722.0,5352.0,0,0,"NE,NW,SW",3,61,14,0,14,0,44,4,48295.0,6512.0,20,14,14,11,10,66,35,7,0,0,42,12,0,8,6,6,6,0,15,8,0,12
90479925,1,Mohit Rao,win,14,0,336,17883.0,1161.0,0,0,"NE,NW,SW",3,61,14,0,14,0,16,4,49521.0,3370.0,51,14,14,1,0,104,27,7,0,0,42,12,0,8,6,14,0,0,3,8,0,11
90479925,1,Mohit Rao,win,15,0,360,21189.0,3306.0,0,0,"NE,NW,SW",3,61,14,0,14,0,30,5,54583.0,5062.0,14,14,14,3,0,69,16,7,0,0,42,12,0,8,6,6,0,0,9,18,0,9
90479925,1,Mohit Rao,win,16,0,384,23212.0,2023.0,0,0,"NE,NW,SW",3,61,14,0,14,0,16,5,58588.0,3255.0,59,14,14,7,0,133,58,7,0,0,42,12,0,8,6,0,0,0,12,0,0,6
90479925,1,Mohit Rao,win,17,0,408,29320.0,6108.0,0,0,"NE,NW,SW",3,61,14,0,14,0,44,5,68283.0,9773.0,28,14,14,11,7,93,14,7,0,0,42,12,0,8,6,6,0,0,33,8,0,11
90479925,1,Mohit Rao,win,18,0,432,34987.0,5667.0,0,0,"NE,NW,SW",3,61,14,0,14,0,16,6,77475.0,5836.0,47,14,14,13,0,129,26,7,0,0,42,12,0,8,6,14,0,6,9,8,0,2
90479925,1,Mohit Rao,win,19,0,456,43796.0,8809.0,0,0,"NE,NW,SW",3,61,14,0,14,0,2,6,87983.0,12892.0,36,14,14,10,0,137,68,7,0,0,42,12,0,8,6,0,0,8,33,22,0,6
90479925,1,Mohit Rao,win,20,0,480,51625.0,7829.0,0,0,"NE,NW,SW",3,61,14,0,14,0,16,6,101213.0,13428.0,47,14,14,22,0,139,32,7,0,0,42,12,0,8,6,6,0,14,21,40,0,5
90479925,1,Mohit Rao,win,21,0,504,55453.0,3828.0,0,0,"NE,NW,SW",3,61,14,0,14,0,50,7,108130.0,6751.0,56,14,14,13,7,159,25,7,0,0,42,12,0,8,6,6,0,22,3,4,0,0
90479925,1,Mohit Rao,win,22,0,528,76284.0,20831.0,0,0,"NE,NW,SW",3,56,14,0,14,0,10,7,133802.0,26615.0,21,14,14,32,0,176,20,7,0,0,42,7,0,8,6,30,60,47,23,17,0,6
90479925,1,Mohit Rao,win,23,0,552,78457.0,2173.0,0,0,"NE,NW,SW",3,57,14,0,14,0,16,7,140201.0,5919.0,55,14,14,25,7,176,6,14,0,0,42,1,0,8,6,20,0,8,6,11,0,0
90479925,1,Mohit Rao,win,24,0,576,93453.0,14996.0,0,0,"NE,NW,SW",3,57,14,0,14,0,2,8,157019.0,16615.0,22,14,14,39,5,177,34,19,0,0,38,0,0,8,6,0,36,47,21,8,0,1
90479925,1,Mohit Rao,win,25,0,600,103642.0,10189.0,0,0,"NE,NW,SW",3,56,14,2,14,0,40,8,171467.0,14045.0,57,14,14,19,11,163,14,23,0,0,33,0,0,8,6,6,12,37,31,8,0,0
90479925,1,Mohit Rao,win,26,0,624,112371.0,8729.0,0,0,"NE,NW,SW",3,51,14,0,14,0,16,8,182906.0,13194.0,23,14,14,32,5,165,21,28,0,0,23,0,0,8,6,16,6,35,21,16,0,0
90479925,1,Mohit Rao,win,27,0,648,114218.0,1847.0,0,0,"NE,NW,SW",3,61,14,0,14,0,44,8,185792.0,2886.0,60,14,14,11,17,155,36,38,0,0,23,0,0,8,6,6,0,32,6,4,0,0
90479925,1,Mohit Rao,win,28,0,672,122431.0,8213.0,0,0,"NE,NW,SW",3,53,14,0,14,0,28,8,196519.0,10727.0,31,14,14,32,5,139,45,38,0,0,15,0,0,8,6,22,0,11,30,4,0,27
90479925,1,Mohit Rao,win,29,0,696,132116.0,9685.0,0,0,"NE,NW,SW",3,8,14,1,14,0,42,8,206239.0,9038.0,33,14,14,38,0,167,15,8,0,0,0,0,0,8,6,48,0,33,9,16,0,17
90479925,1,Mohit Rao,win,29,23,719,143136.0,11020.0,5,5,"NE,NW,SW",3,0,14,0,14,0,0,8,217194.0,9038.0,33,14,14,38,0,167,15,0,0,0,0,0,0,8,6,48,0,33,9,16,0,17
90483794,0,Seb (allegedly),win,0,0,0,3000.0,0.0,0,0,NW,1,0,0,0,0,0,0,0,0.0,0.0,0,0,0,0,0,0,0,0,0,0,0,0,0,0,0,0,0,0,0,0,0,0
90483794,0,Seb (allegedly),win,1,0,24,566.0,-2434.0,0,0,NW,1,17,4,0,8,0,4,0,0.0,0.0,17,4,4,0,17,60,58,14,0,0,0,3,0,2,2,0,0,0,0,0,0,0
90483794,0,Seb (allegedly),win,2,0,48,356.0,-210.0,0,0,NW,1,17,5,0,8,0,5,0,398.0,398.0,0,5,5,0,0,30,130,14,0,0,0,3,0,3,2,0,0,0,0,0,0,4
90483794,0,Seb (allegedly),win,3,0,72,658.0,302.0,0,0,NW,1,17,5,0,8,0,5,1,886.0,488.0,17,5,5,0,0,64,83,14,0,0,0,3,0,3,2,0,0,0,0,0,0,5
90483794,0,Seb (allegedly),win,4,0,96,482.0,-176.0,0,0,NW,1,17,6,0,8,0,6,1,1366.0,480.0,14,6,6,0,0,47,101,14,0,0,0,3,0,4,2,0,0,0,0,0,0,5
90483794,0,Seb (allegedly),win,5,0,120,321.0,-161.0,0,0,"NE,NW",2,3,7,0,8,0,27,1,2652.0,970.0,17,7,7,14,0,91,57,0,0,0,0,3,0,5,2,24,0,0,0,0,0,2
90483794,0,Seb (allegedly),win,6,0,144,870.0,549.0,0,0,"NE,NW",2,11,7,1,9,0,7,2,3939.0,1603.0,8,7,7,0,8,86,73,1,0,0,3,7,0,5,2,21,0,0,0,0,0,11
90483794,0,Seb (allegedly),win,7,0,168,1779.0,909.0,0,0,"NE,NW",2,24,8,1,9,0,8,2,7109.0,3170.0,16,8,8,2,13,88,45,1,0,0,11,12,0,6,2,0,0,0,0,12,0,7
90483794,0,Seb (allegedly),win,8,0,192,1054.0,-725.0,0,0,"NE,NW",2,35,9,1,9,0,9,2,7801.0,348.0,22,9,9,0,11,104,36,1,0,0,19,15,0,7,2,0,0,0,0,0,0,4
90483794,0,Seb (allegedly),win,9,0,216,1282.0,228.0,0,0,"NE,NW,SW",3,37,10,1,10,0,10,3,10919.0,3462.0,19,9,9,2,2,118,46,1,0,0,19,17,0,8,2,0,0,0,12,0,0,13
90483794,0,Seb (allegedly),win,10,0,240,638.0,-644.0,0,0,"NE,NW,SW",3,47,12,1,15,0,12,3,12768.0,1849.0,32,10,9,4,11,166,16,0,0,0,30,17,0,10,2,0,0,0,0,8,0,4
90483794,0,Seb (allegedly),win,11,0,264,3778.0,3140.0,0,0,"NE,NW,SE,SW",4,47,13,1,15,0,13,3,21169.0,8401.0,22,9,9,5,3,158,62,0,0,0,33,14,0,11,2,0,18,0,12,0,0,16
90483794,0,Seb (allegedly),win,12,0,288,885.0,-2893.0,0,0,"NE,NW,SE,SW",4,62,15,1,18,0,15,4,21551.0,154.0,42,15,13,2,15,169,14,2,0,0,43,17,0,11,4,0,0,0,0,0,0,2
90483794,0,Seb (allegedly),win,13,0,312,6392.0,5507.0,0,0,"NE,NW,SE,SW",4,63,16,2,18,0,16,4,28444.0,7121.0,25,14,13,5,1,164,37,2,0,0,44,17,0,11,5,0,0,0,20,8,0,26
90483794,0,Seb (allegedly),win,14,0,336,6428.0,36.0,0,0,"NE,NW,SE,SW",4,63,17,2,18,0,16,4,30401.0,925.0,49,14,14,2,0,172,20,2,0,0,44,17,0,11,6,0,0,0,3,0,0,5
90483794,0,Seb (allegedly),win,15,0,360,8307.0,1879.0,0,0,"NE,NW,SE,SW",4,63,18,2,18,0,18,5,33440.0,2751.0,31,19,18,4,0,158,25,2,0,0,44,17,0,11,7,0,0,0,8,0,0,20
90483794,0,Seb (allegedly),win,16,0,384,7774.0,-533.0,0,0,"NE,NW,SE,SW",4,58,18,2,18,0,21,5,33942.0,1822.0,51,16,14,12,0,169,8,1,0,0,44,13,0,11,7,0,0,0,8,0,0,5
90483794,0,Seb (allegedly),win,17,0,408,22525.0,14751.0,0,0,"NE,NW,SE,SW",4,53,18,3,18,0,18,5,49035.0,12592.0,28,14,15,18,0,178,5,0,0,0,44,9,0,11,7,0,24,10,22,8,0,10
90483794,0,Seb (allegedly),win,18,0,432,33247.0,10722.0,0,0,"NE,NW,SE,SW",4,52,18,3,18,0,18,6,60532.0,12177.0,37,16,13,20,2,173,3,0,0,0,44,8,0,11,7,0,36,12,11,11,0,11
90483794,0,Seb (allegedly),win,19,0,456,42671.0,9424.0,0,0,"NE,NW,SE,SW",4,49,18,3,18,0,18,6,70554.0,11103.0,29,17,17,19,0,174,1,0,0,0,44,5,0,11,7,0,24,24,20,0,0,13
90483794,0,Seb (allegedly),win,20,0,480,47829.0,5158.0,0,0,"NE,NW,SE,SW",4,52,18,3,18,0,18,6,76747.0,5788.0,30,15,9,27,3,179,2,2,0,0,44,6,0,11,7,0,0,17,15,0,0,10
90483794,0,Seb (allegedly),win,21,0,504,55793.0,7964.0,0,0,"NE,NW,SE,SW",4,52,18,3,18,0,18,7,85776.0,7972.0,33,16,10,22,0,170,3,2,0,0,44,6,0,11,7,0,0,31,11,0,0,10
90483794,0,Seb (allegedly),win,22,0,528,65625.0,9832.0,0,0,"NE,NW,SE,SW",4,49,18,3,18,0,18,7,96098.0,12088.0,23,16,7,43,0,179,1,2,0,0,44,3,0,11,7,0,0,47,16,26,0,3
90483794,0,Seb (allegedly),win,23,0,552,71558.0,5933.0,0,0,"NE,NW,SE,SW",4,46,18,6,18,0,18,7,102987.0,7325.0,30,15,17,20,0,177,0,2,0,0,41,3,0,11,7,0,11,26,14,3,0,8
90483794,0,Seb (allegedly),win,24,0,576,81343.0,9785.0,0,0,"NE,NW,SE,SW",4,36,18,13,18,0,23,8,113382.0,9985.0,14,17,17,36,0,168,7,0,0,0,33,3,0,11,7,0,7,46,18,3,0,7
90483794,0,Seb (allegedly),win,25,0,600,84539.0,3196.0,0,0,"NE,NW,SE,SW",4,31,18,21,18,0,18,8,116672.0,3665.0,25,16,16,12,3,159,25,3,0,0,25,3,0,11,7,5,0,28,0,0,0,15
90483794,0,Seb (allegedly),win,26,0,624,91485.0,6946.0,0,0,"NE,NW,SE,SW",4,31,18,21,18,0,18,8,124193.0,7227.0,9,16,16,30,0,160,27,3,0,0,25,3,0,11,7,0,0,35,28,10,0,17
90483794,0,Seb (allegedly),win,27,0,648,93478.0,1993.0,0,0,"NE,NW,SE,SW",4,20,18,32,18,0,18,8,127249.0,3331.0,16,17,16,14,0,142,49,3,0,0,14,3,0,11,7,0,0,15,14,8,0,20
90483794,0,Seb (allegedly),win,28,0,672,98137.0,4659.0,0,0,"NE,NW,SE,SW",4,15,18,35,18,0,18,8,132864.0,5669.0,7,16,16,20,0,131,66,3,0,0,11,1,0,11,7,0,0,20,26,16,0,19
90483794,0,Seb (allegedly),win,29,0,696,99271.0,1134.0,0,0,"NE,NW,SE,SW",4,2,18,45,18,0,20,8,134982.0,2118.0,4,18,18,10,0,156,57,0,0,0,1,1,0,11,7,5,9,2,0,4,0,18
90483794,0,Seb (allegedly),win,29,23,719,102765.0,3494.0,0,0,"NE,NW,SE,SW",4,1,18,46,18,0,0,8,138298.0,2118.0,4,18,18,10,0,156,57,0,0,0,0,1,0,11,7,5,9,2,0,4,0,18
90483794,1,Cary Jin,loss,0,0,0,3000.0,0.0,0,0,NW,1,0,0,0,0,0,0,0,0.0,0.0,0,0,0,0,0,0,0,0,0,0,0,0,0,0,0,0,0,0,0,0,0,0
90483794,1,Cary Jin,loss,1,0,24,105.0,-2895.0,0,0,NW,1,19,4,0,6,0,0,0,0.0,0.0,19,2,2,0,19,33,46,7,0,0,0,12,0,2,2,0,0,0,0,0,0,0
90483794,1,Cary Jin,loss,2,0,48,6.0,-99.0,0,0,NW,1,19,4,0,6,0,6,0,198.0,198.0,0,4,4,0,0,9,6,7,0,0,0,12,0,2,2,0,0,0,0,0,0,2
90483794,1,Cary Jin,loss,3,0,72,166.0,160.0,0,0,NW,1,19,4,0,6,0,5,1,1417.0,1219.0,19,2,4,0,0,33,48,7,0,0,0,12,0,2,2,33,0,0,0,0,0,2
90483794,1,Cary Jin,loss,4,0,96,50.0,-116.0,0,0,NW,1,19,5,0,6,0,4,1,2125.0,708.0,7,4,4,0,0,31,85,7,0,0,0,12,0,3,2,10,0,0,0,0,0,4
90483794,1,Cary Jin,loss,5,0,120,304.0,254.0,0,0,NW,1,19,5,0,6,0,34,1,2954.0,829.0,28,5,5,7,7,52,29,7,0,0,0,12,0,3,2,8,0,0,0,0,0,6
90483794,1,Cary Jin,loss,6,0,144,913.0,609.0,0,0,NW,1,19,6,0,6,0,5,2,3908.0,954.0,0,4,5,0,0,14,18,7,0,0,0,12,0,4,2,25,0,0,0,0,0,3
90483794,1,Cary Jin,loss,7,0,168,973.0,60.0,0,0,NW,1,19,6,0,6,0,12,2,4667.0,759.0,19,6,6,2,0,38,36,7,0,0,0,12,0,4,2,10,0,0,0,0,0,5
90483794,1,Cary Jin,loss,8,0,192,170.0,-803.0,0,0,"NE,NW",2,26,10,1,12,0,9,2,9096.0,4429.0,26,7,8,0,7,54,36,7,0,0,7,12,0,6,4,50,0,0,0,12,0,5
90483794,1,Cary Jin,loss,9,0,216,2590.0,2420.0,0,0,"NE,NW",2,30,10,1,12,0,28,3,12009.0,1773.0,31,10,10,9,11,90,49,7,0,0,11,12,0,6,4,0,0,0,6,0,0,7
90483794,1,Cary Jin,loss,10,0,240,1990.0,-600.0,0,0,"NE,NW",2,38,12,0,12,0,6,3,13225.0,2356.0,27,8,10,1,8,88,107,7,0,0,19,12,0,8,4,14,0,0,6,4,0,0
90483794,1,Cary Jin,loss,11,0,264,10446.0,8456.0,0,0,"NE,NW",2,28,11,0,12,0,11,3,23578.0,10353.0,22,12,12,12,0,115,18,7,0,0,19,2,0,7,4,44,30,0,3,4,0,0
90483794,1,Cary Jin,loss,12,0,288,12363.0,1917.0,0,0,"NE,NW,SW",3,58,13,0,14,0,14,4,35829.0,12251.0,56,12,14,4,32,120,63,7,0,0,39,12,0,7,6,77,36,0,3,0,0,9
90483794,1,Cary Jin,loss,13,0,312,17199.0,4836.0,0,0,"NE,NW,SW",3,61,13,0,14,0,43,4,42264.0,6297.0,20,14,14,11,10,66,35,7,0,0,42,12,0,7,6,26,6,0,12,5,0,12
90483794,1,Cary Jin,loss,14,0,336,18283.0,1084.0,0,0,"NE,NW,SW",3,61,13,0,14,0,16,4,43427.0,1301.0,51,14,14,1,0,104,27,7,0,0,42,12,0,7,6,14,0,0,0,0,0,11
90483794,1,Cary Jin,loss,15,0,360,21166.0,2883.0,0,0,"NE,NW,SW",3,61,13,0,14,0,31,5,49386.0,5959.0,14,14,14,3,0,69,16,7,0,0,42,12,0,7,6,46,0,0,9,10,0,9
90483794,1,Cary Jin,loss,16,0,384,22225.0,1059.0,0,0,"NE,NW,SW",3,61,13,0,14,0,18,5,51035.0,1533.0,59,14,14,7,0,133,58,7,0,0,42,12,0,7,6,0,0,0,6,0,0,6
90483794,1,Cary Jin,loss,17,0,408,26259.0,4034.0,0,0,"NE,NW,SW",3,61,13,0,14,0,47,5,56579.0,5660.0,28,14,14,11,7,93,14,7,0,0,42,12,0,7,6,25,0,0,24,0,0,11
90483794,1,Cary Jin,loss,18,0,432,31769.0,5510.0,0,0,"NE,NW,SW",3,61,13,0,14,0,20,6,61759.0,4436.0,47,14,14,13,0,129,26,7,0,0,42,12,0,7,6,14,0,6,3,15,0,2
90483794,1,Cary Jin,loss,19,0,456,36222.0,4453.0,0,0,"NE,NW,SW",3,61,13,0,14,0,7,6,66598.0,4659.0,36,14,14,10,0,137,68,7,0,0,42,12,0,7,6,0,0,8,21,6,0,6
90483794,1,Cary Jin,loss,20,0,480,40057.0,3835.0,0,0,"NE,NW,SW",3,61,13,0,14,0,22,6,74933.0,7885.0,47,14,14,22,0,139,32,7,0,0,42,12,0,7,6,67,0,14,12,18,0,5
90483794,1,Cary Jin,loss,21,0,504,43199.0,3142.0,0,0,"NE,NW,SW",3,61,13,0,14,0,57,7,81290.0,6211.0,56,14,14,13,7,159,25,7,0,0,42,12,0,7,6,23,0,22,3,4,0,0
90483794,1,Cary Jin,loss,22,0,528,57277.0,14078.0,0,0,"NE,NW,SW",3,56,13,0,14,0,18,7,95032.0,15262.0,21,14,14,32,0,176,20,7,0,0,42,7,0,7,6,30,30,47,12,12,0,2
90483794,1,Cary Jin,loss,23,0,552,57797.0,520.0,0,0,"NE,NW,SW",3,57,13,0,14,0,25,7,99638.0,4045.0,55,14,14,25,7,176,6,14,0,0,42,1,0,7,6,42,0,8,3,4,0,0
90483794,1,Cary Jin,loss,24,0,576,68078.0,10281.0,0,0,"NE,NW,SW",3,57,13,0,14,0,12,8,110407.0,10922.0,22,14,14,39,5,177,34,19,0,0,38,0,0,7,6,0,36,47,15,8,0,1
90483794,1,Cary Jin,loss,25,0,600,71128.0,3050.0,0,0,"NE,NW,SW",3,56,13,2,14,0,51,8,116766.0,6443.0,57,14,14,19,11,163,14,23,0,0,33,0,0,7,6,32,6,35,18,8,0,0
90483794,1,Cary Jin,loss,26,0,624,76186.0,5058.0,0,0,"NE,NW,SW",3,51,13,0,14,0,28,8,122093.0,5651.0,23,14,14,32,5,165,21,28,0,0,23,0,0,7,6,16,0,35,6,12,0,0
90483794,1,Cary Jin,loss,27,0,648,75566.0,-620.0,0,0,"NE,NW,SW",3,61,13,0,14,0,57,8,125039.0,2946.0,60,14,14,11,17,155,36,38,0,0,23,0,0,7,6,28,0,30,6,4,0,0
90483794,1,Cary Jin,loss,28,0,672,78561.0,2995.0,0,0,"NE,NW,SW",3,53,13,0,14,0,42,8,128653.0,3614.0,31,14,14,32,5,139,45,38,0,0,15,0,0,7,6,22,0,11,18,4,0,23
90483794,1,Cary Jin,loss,29,0,696,85443.0,6882.0,0,0,"NE,NW,SW",3,8,13,2,14,0,57,8,136013.0,6634.0,33,14,14,38,0,167,15,8,0,0,0,0,0,7,6,48,0,33,9,16,0,13
90483794,1,Cary Jin,loss,29,23,719,92843.0,7400.0,5,5,"NE,NW,SW",3,0,13,1,14,0,0,8,143392.0,6634.0,33,14,14,38,0,167,15,0,0,0,0,0,0,7,6,48,0,33,9,16,0,13
90485305,0,Seb (allegedly),win,0,0,0,3000.0,0.0,0,0,NW,1,0,0,0,0,0,0,0,0.0,0.0,0,0,0,0,0,0,0,0,0,0,0,0,0,0,0,0,0,0,0,0,0,0
90485305,0,Seb (allegedly),win,1,0,24,566.0,-2434.0,0,0,NW,1,17,4,0,8,0,4,0,0.0,0.0,17,4,4,0,17,60,58,14,0,0,0,3,0,2,2,0,0,0,0,0,0,0
90485305,0,Seb (allegedly),win,2,0,48,356.0,-210.0,0,0,NW,1,17,5,0,8,0,5,0,398.0,398.0,0,5,5,0,0,30,130,14,0,0,0,3,0,3,2,0,0,0,0,0,0,4
90485305,0,Seb (allegedly),win,3,0,72,658.0,302.0,0,0,NW,1,17,5,0,8,0,5,1,886.0,488.0,17,5,5,0,0,64,83,14,0,0,0,3,0,3,2,0,0,0,0,0,0,5
90485305,0,Seb (allegedly),win,4,0,96,482.0,-176.0,0,0,NW,1,17,6,0,8,0,6,1,1366.0,480.0,14,6,6,0,0,47,101,14,0,0,0,3,0,4,2,0,0,0,0,0,0,5
90485305,0,Seb (allegedly),win,5,0,120,321.0,-161.0,0,0,"NE,NW",2,3,7,0,8,0,27,1,2652.0,970.0,17,7,7,14,0,91,57,0,0,0,0,3,0,5,2,24,0,0,0,0,0,2
90485305,0,Seb (allegedly),win,6,0,144,870.0,549.0,0,0,"NE,NW",2,11,7,1,9,0,7,2,3939.0,1603.0,8,7,7,0,8,86,73,1,0,0,3,7,0,5,2,21,0,0,0,0,0,11
90485305,0,Seb (allegedly),win,7,0,168,1699.0,829.0,0,0,"NE,NW",2,25,8,1,9,0,8,2,7109.0,3170.0,17,8,8,2,14,92,45,1,0,0,11,13,0,6,2,0,0,0,0,12,0,7
90485305,0,Seb (allegedly),win,8,0,192,727.0,-972.0,0,0,"NE,NW",2,35,9,1,9,0,9,2,7457.0,348.0,21,9,9,0,10,103,40,1,0,0,18,16,0,7,2,0,0,0,0,0,0,4
90485305,0,Seb (allegedly),win,9,0,216,1301.0,574.0,0,0,"NE,NW,SW",3,37,10,1,10,0,10,3,10914.0,3457.0,20,9,9,2,2,121,44,1,0,0,18,18,0,8,2,0,0,0,12,0,0,13
90485305,0,Seb (allegedly),win,10,0,240,430.0,-871.0,0,0,"NE,NW,SW",3,48,11,1,15,0,14,3,12886.0,1972.0,31,10,10,4,12,170,12,0,0,0,30,18,0,8,3,0,0,0,0,8,0,5
90485305,0,Seb (allegedly),win,11,0,264,4062.0,3632.0,0,0,"NE,NW,SE,SW",4,47,12,2,15,0,12,3,21166.0,8280.0,23,9,9,5,3,175,41,0,0,0,32,15,0,8,4,0,18,0,12,0,0,15
90485305,0,Seb (allegedly),win,12,0,288,2977.0,-1085.0,0,0,"NE,NW,SE,SW",4,61,14,3,18,0,14,4,23218.0,1900.0,42,13,13,2,14,167,19,1,0,0,42,18,0,8,6,0,0,0,9,0,0,2
90485305,0,Seb (allegedly),win,13,0,312,6321.0,3344.0,0,0,"NE,NW,SE,SW",4,62,16,3,18,0,16,4,28501.0,5295.0,24,12,12,5,1,150,51,1,0,0,43,18,0,8,8,0,0,0,11,8,0,20
90485305,0,Seb (allegedly),win,14,0,336,4961.0,-1360.0,0,0,"NE,NW,SE,SW",4,62,18,3,18,0,17,4,29102.0,741.0,49,14,14,2,0,166,22,1,0,0,43,18,0,8,10,0,0,0,0,0,0,11
90485305,0,Seb (allegedly),win,15,0,360,8180.0,3219.0,0,0,"NE,NW,SE,SW",4,62,18,3,18,0,18,5,33173.0,4071.0,30,18,18,4,0,159,28,1,0,0,43,18,0,8,10,0,0,0,19,0,0,19
90485305,0,Seb (allegedly),win,16,0,384,9287.0,1107.0,0,0,"NE,NW,SE,SW",4,57,18,3,18,0,21,5,35277.0,2104.0,51,15,12,13,0,171,11,0,0,0,43,14,0,8,10,0,0,0,0,8,0,4
90485305,0,Seb (allegedly),win,17,0,408,24762.0,15475.0,0,0,"NE,NW,SE,SW",4,52,18,3,18,0,18,5,51022.0,15691.0,30,18,18,21,1,169,1,1,0,0,43,8,0,8,10,0,42,10,20,10,0,10
90485305,0,Seb (allegedly),win,18,0,432,32901.0,8139.0,0,0,"NE,NW,SE,SW",4,54,18,4,18,0,18,6,60308.0,9238.0,36,16,17,16,3,174,4,1,0,0,43,10,0,8,10,0,18,13,11,6,0,11
90485305,0,Seb (allegedly),win,19,0,456,46872.0,13971.0,0,0,"NE,NW,SE,SW",4,50,18,4,18,0,18,6,74812.0,14606.0,29,16,15,22,0,175,2,1,0,0,43,6,0,8,10,0,24,24,6,22,0,10
90485305,0,Seb (allegedly),win,20,0,480,54779.0,7907.0,0,0,"NE,NW,SE,SW",4,51,18,5,18,0,18,6,83563.0,8751.0,33,14,14,27,1,180,1,2,0,0,43,6,0,8,10,0,6,11,13,17,0,10
90485305,0,Seb (allegedly),win,21,0,504,66266.0,11487.0,0,0,"NE,NW,SE,SW",4,50,18,5,18,0,18,7,95897.0,11894.0,30,17,17,17,0,160,10,1,0,0,43,6,0,8,10,0,0,43,5,7,0,11
90485305,0,Seb (allegedly),win,22,0,528,77907.0,11641.0,0,0,"NE,NW,SE,SW",4,48,18,5,18,0,18,7,108400.0,12943.0,26,16,14,44,1,166,7,2,0,0,43,3,0,8,10,0,6,40,8,12,0,4
90485305,0,Seb (allegedly),win,23,0,552,85060.0,7153.0,0,0,"NE,NW,SE,SW",4,45,18,8,18,0,18,7,116614.0,8214.0,26,15,16,20,0,177,2,2,0,0,40,3,0,8,10,0,0,27,15,7,0,5
90485305,0,Seb (allegedly),win,24,0,576,99031.0,13971.0,0,0,"NE,NW,SE,SW",4,36,18,16,18,0,21,8,131390.0,14260.0,14,14,13,35,0,172,11,1,0,0,32,3,0,8,10,0,0,49,10,18,0,11
90485305,0,Seb (allegedly),win,25,0,600,103392.0,4361.0,0,0,"NE,NW,SE,SW",4,31,18,23,18,0,18,8,136072.0,5198.0,24,17,17,11,2,172,11,3,0,0,25,3,0,8,10,0,0,17,5,11,0,15
90485305,0,Seb (allegedly),win,26,0,624,111107.0,7715.0,0,0,"NE,NW,SE,SW",4,30,18,23,18,0,18,8,144428.0,8324.0,11,18,18,31,0,157,26,2,0,0,25,3,0,8,10,0,2,31,12,15,0,20
90485305,0,Seb (allegedly),win,27,0,648,115659.0,4552.0,0,0,"NE,NW,SE,SW",4,19,18,35,18,0,18,8,149991.0,5595.0,16,18,18,10,1,129,65,3,0,0,13,3,0,8,10,0,0,19,18,11,0,18
90485305,0,Seb (allegedly),win,28,0,672,121835.0,6176.0,0,0,"NE,NW,SE,SW",4,14,18,37,18,0,18,8,157412.0,7421.0,6,18,16,21,0,158,42,3,0,0,11,0,0,8,10,0,5,20,6,20,0,14
90485305,0,Seb (allegedly),win,29,0,696,127028.0,5193.0,0,0,"NE,NW,SE,SW",4,2,18,48,18,0,18,8,163514.0,6076.0,3,18,19,11,0,130,79,1,0,0,1,0,0,8,10,2,8,2,18,12,0,19
90485305,0,Seb (allegedly),win,29,23,719,130732.0,3704.0,0,0,"NE,NW,SE,SW",4,1,18,49,18,0,0,8,167038.0,6076.0,3,18,19,11,0,130,79,1,0,0,0,0,0,8,10,2,8,2,18,12,0,19
90485305,1,Anton Shaniuk,loss,0,0,0,3000.0,0.0,0,0,NW,1,0,0,0,0,0,0,0,0.0,0.0,0,0,0,0,0,0,0,0,0,0,0,0,0,0,0,0,0,0,0,0,0,0
90485305,1,Anton Shaniuk,loss,1,0,24,105.0,-2895.0,0,0,NW,1,19,4,0,6,0,0,0,0.0,0.0,20,2,2,0,19,48,30,7,0,0,0,12,0,2,2,0,0,0,0,0,0,0
90485305,1,Anton Shaniuk,loss,2,0,48,6.0,-99.0,0,0,NW,1,19,4,0,6,0,6,0,198.0,198.0,0,4,4,0,0,7,8,7,0,0,0,12,0,2,2,0,0,0,0,0,0,2
90485305,1,Anton Shaniuk,loss,3,0,72,166.0,160.0,0,0,NW,1,19,4,0,6,0,5,1,1417.0,1219.0,23,2,4,0,0,52,25,7,0,0,0,12,0,2,2,33,0,0,0,0,0,2
90485305,1,Anton Shaniuk,loss,4,0,96,50.0,-116.0,0,0,NW,1,19,5,0,6,0,4,1,2125.0,708.0,8,4,4,0,0,44,71,7,0,0,0,12,0,3,2,10,0,0,0,0,0,4
90485305,1,Anton Shaniuk,loss,5,0,120,304.0,254.0,0,0,NW,1,19,5,0,6,0,34,1,2954.0,829.0,33,5,5,7,7,67,9,7,0,0,0,12,0,3,2,8,0,0,0,0,0,6
90485305,1,Anton Shaniuk,loss,6,0,144,913.0,609.0,0,0,NW,1,19,6,0,6,0,5,2,3908.0,954.0,0,4,5,0,0,14,18,7,0,0,0,12,0,4,2,25,0,0,0,0,0,3
90485305,1,Anton Shaniuk,loss,7,0,168,973.0,60.0,0,0,NW,1,19,6,0,6,0,12,2,9683.0,3267.0,24,6,6,2,0,52,17,7,0,0,0,12,0,4,2,10,0,0,0,12,0,5
90485305,1,Anton Shaniuk,loss,8,0,192,170.0,-803.0,0,0,"NE,NW",2,26,10,0,12,0,9,2,14112.0,6937.0,26,7,8,0,7,61,29,7,0,0,7,12,0,6,4,50,0,0,0,24,0,5
90485305,1,Anton Shaniuk,loss,9,0,216,2592.0,2422.0,0,0,"NE,NW",2,30,10,0,12,0,28,3,27885.0,11493.0,34,10,10,9,11,109,27,7,0,0,11,12,0,6,4,0,0,0,54,0,0,7
90485305,1,Anton Shaniuk,loss,10,0,240,2031.0,-561.0,0,0,"NE,NW",2,38,12,0,12,0,6,3,34285.0,8680.0,29,8,10,1,8,97,97,7,0,0,19,12,0,8,4,14,0,0,18,24,0,0
90485305,1,Anton Shaniuk,loss,11,0,264,10628.0,8597.0,0,0,"NE,NW",2,28,11,0,12,0,11,3,137776.0,96171.0,25,12,12,12,0,107,23,7,0,0,19,2,0,7,4,44,336,0,18,24,0,0
90485305,1,Anton Shaniuk,loss,12,0,288,12527.0,1899.0,0,0,"NE,NW,SW",3,58,13,0,14,0,14,4,166351.0,33435.0,58,12,14,4,32,136,45,7,0,0,39,12,0,7,6,77,108,0,27,0,0,9
90485305,1,Anton Shaniuk,loss,13,0,312,17564.0,5037.0,0,0,"NE,NW,SW",3,61,13,0,14,0,43,4,188150.0,21807.0,21,14,14,11,10,76,24,7,0,0,42,12,0,7,6,26,12,0,45,40,0,12
90485305,1,Anton Shaniuk,loss,14,0,336,18673.0,1109.0,0,0,"NE,NW,SW",3,61,13,0,14,0,16,4,195458.0,6685.0,49,14,14,1,0,103,9,7,0,0,42,12,0,7,6,14,0,0,12,14,0,11
90485305,1,Anton Shaniuk,loss,15,0,360,21959.0,3286.0,0,0,"NE,NW,SW",3,61,13,0,14,0,31,5,209147.0,16764.0,15,14,14,3,0,72,11,7,0,0,42,12,0,7,6,46,0,0,18,48,0,9
90485305,1,Anton Shaniuk,loss,16,0,384,23096.0,1137.0,0,0,"NE,NW,SW",3,61,13,0,14,0,18,5,219886.0,8559.0,58,14,14,7,0,146,26,7,0,0,42,12,0,7,6,0,0,0,48,0,0,6
90485305,1,Anton Shaniuk,loss,17,0,408,26227.0,3131.0,0,0,"NE,NW,SW",3,61,13,0,14,0,47,5,231789.0,13768.0,29,14,14,11,7,94,11,7,0,0,42,12,0,7,6,25,0,0,93,0,0,11
90485305,1,Anton Shaniuk,loss,18,0,432,32674.0,6447.0,0,0,"NE,NW,SW",3,61,13,0,14,0,20,6,267652.0,27051.0,48,14,14,13,0,135,19,7,0,0,42,12,0,7,6,14,0,50,48,38,0,2
90485305,1,Anton Shaniuk,loss,19,0,456,37917.0,5243.0,0,0,"NE,NW,SW",3,61,13,0,14,0,7,6,281433.0,21028.0,39,14,14,10,0,147,55,7,0,0,42,12,0,7,6,0,0,32,72,28,0,6
90485305,1,Anton Shaniuk,loss,20,0,480,45503.0,7586.0,0,0,"NE,NW,SW",3,61,13,0,14,0,22,6,347647.0,62742.0,47,14,14,22,0,130,18,7,0,0,42,12,0,7,6,67,0,118,69,112,0,5
90485305,1,Anton Shaniuk,loss,21,0,504,49616.0,4113.0,0,0,"NE,NW,SW",3,61,13,0,14,0,57,7,364864.0,19604.0,56,14,14,14,7,161,19,7,0,0,42,12,0,7,6,23,0,56,12,21,0,0
90485305,1,Anton Shaniuk,loss,22,0,528,66574.0,16958.0,0,0,"NE,NW,SW",3,56,13,0,14,0,18,7,456314.0,91043.0,21,14,14,43,0,165,14,7,0,0,42,7,0,7,6,30,222,208,66,63,0,6
90485305,1,Anton Shaniuk,loss,23,0,552,70503.0,3929.0,0,0,"NE,NW,SW",3,57,13,0,14,0,25,7,494020.0,33018.0,55,14,14,27,7,172,5,14,0,0,42,1,0,7,6,42,54,85,24,35,0,0
90485305,1,Anton Shaniuk,loss,24,0,576,80270.0,9767.0,0,0,"NE,NW,SW",3,57,13,0,14,0,12,8,567834.0,72078.0,25,14,14,47,5,174,23,19,0,0,38,0,0,7,6,0,66,292,90,40,0,1
90485305,1,Anton Shaniuk,loss,25,0,600,86167.0,5897.0,0,0,"NE,NW,SW",3,55,13,2,14,1,51,8,587524.0,25063.0,55,14,14,20,10,153,5,22,0,0,33,0,0,7,6,32,30,93,78,20,0,0
90485305,1,Anton Shaniuk,loss,26,0,624,91860.0,5693.0,0,0,"NE,NW,SW",3,50,13,0,14,1,28,8,634019.0,47218.0,24,14,14,36,5,158,18,27,0,0,23,0,0,7,6,16,6,290,63,44,0,0
90485305,1,Anton Shaniuk,loss,27,0,648,92326.0,466.0,0,0,"NE,NW,SW",3,60,13,0,14,1,57,8,640795.0,8602.0,62,14,14,11,17,165,21,37,0,0,23,0,0,7,6,28,0,78,12,12,0,0
90485305,1,Anton Shaniuk,loss,28,0,672,96759.0,4433.0,0,0,"NE,NW,SW",3,52,13,0,14,1,42,8,669054.0,26529.0,35,14,14,37,5,148,26,37,0,0,15,0,0,7,6,22,0,123,114,12,0,27
90485305,1,Anton Shaniuk,loss,29,0,696,105405.0,8646.0,0,0,"NE,NW,SW",3,8,13,1,14,1,53,8,693408.0,25657.0,34,14,14,39,0,160,20,8,0,0,0,0,0,7,6,48,0,82,24,72,0,17
90485305,1,Anton Shaniuk,loss,29,23,719,114460.0,9055.0,5,5,"NE,NW,SW",3,0,13,0,14,1,8,8,712779.0,25657.0,34,14,14,39,0,160,20,0,0,0,0,0,0,7,6,48,0,82,24,72,0,17
90491374,0,Anton Shaniuk,win,0,0,0,3000.0,0.0,0,0,NW,1,0,0,0,0,0,0,0,0.0,0.0,0,0,0,0,0,0,0,0,0,0,0,0,0,0,0,0,0,0,0,0,0,0
90491374,0,Anton Shaniuk,win,1,0,24,105.0,-2895.0,0,0,NW,1,19,4,0,6,0,0,0,0.0,0.0,20,2,2,0,19,48,30,7,0,0,0,12,0,2,2,0,0,0,0,0,0,0
90491374,0,Anton Shaniuk,win,2,0,48,14.0,-91.0,0,0,NW,1,19,4,0,6,0,6,0,198.0,198.0,0,4,4,0,0,7,8,7,0,0,0,12,0,2,2,0,0,0,0,0,0,2
90491374,0,Anton Shaniuk,win,3,0,72,175.0,161.0,0,0,NW,1,19,4,0,6,0,5,1,1417.0,1219.0,23,2,4,0,0,52,25,7,0,0,0,12,0,2,2,33,0,0,0,0,0,2
90491374,0,Anton Shaniuk,win,4,0,96,61.0,-114.0,0,0,NW,1,19,5,0,6,0,4,1,2115.0,698.0,8,4,4,0,0,44,71,7,0,0,0,12,0,3,2,10,0,0,0,0,0,4
90491374,0,Anton Shaniuk,win,5,0,120,301.0,240.0,0,0,NW,1,19,5,0,6,0,35,1,2947.0,832.0,33,5,5,7,7,67,9,7,0,0,0,12,0,3,2,8,0,0,0,0,0,6
90491374,0,Anton Shaniuk,win,6,0,144,947.0,646.0,0,0,NW,1,19,6,0,6,0,6,2,3926.0,979.0,0,4,5,0,0,14,18,7,0,0,0,12,0,4,2,25,0,0,0,0,0,3
90491374,0,Anton Shaniuk,win,7,0,168,1015.0,68.0,0,0,NW,1,19,6,0,6,0,13,2,10043.0,3441.0,24,6,6,2,0,52,17,7,0,0,0,12,0,4,2,10,0,0,0,12,0,5
90491374,0,Anton Shaniuk,win,8,0,192,305.0,-710.0,0,0,"NE,NW",2,26,10,0,12,0,11,2,14477.0,7110.0,26,7,8,0,7,61,29,7,0,0,7,12,0,6,4,50,0,0,0,24,0,5
90491374,0,Anton Shaniuk,win,9,0,216,2799.0,2494.0,0,0,"NE,NW",2,30,10,0,12,0,34,3,29382.0,12409.0,34,10,10,9,11,109,27,7,0,0,11,12,0,6,4,0,0,0,54,0,0,7
90491374,0,Anton Shaniuk,win,10,0,240,2224.0,-575.0,0,0,"NE,NW",2,38,12,0,12,0,12,3,35776.0,8890.0,29,8,10,1,8,97,97,7,0,0,19,12,0,8,4,14,0,0,18,24,0,0
90491374,0,Anton Shaniuk,win,11,0,264,10819.0,8595.0,0,0,"NE,NW",2,28,12,0,12,0,14,3,138676.0,95790.0,25,12,12,12,0,107,23,7,0,0,19,2,0,8,4,44,336,0,18,24,0,0
90491374,0,Anton Shaniuk,win,12,0,288,11600.0,781.0,0,0,"NE,NW,SW",3,58,14,0,14,0,16,4,162677.0,28945.0,58,12,14,4,32,136,45,7,0,0,39,12,0,8,6,77,108,0,27,0,0,9
90491374,0,Anton Shaniuk,win,13,0,312,16899.0,5299.0,0,0,"NE,NW,SW",3,61,14,0,14,0,44,4,183187.0,20559.0,21,14,14,11,10,76,24,7,0,0,42,12,0,8,6,26,12,0,45,40,0,12
90491374,0,Anton Shaniuk,win,14,0,336,18062.0,1163.0,0,0,"NE,NW,SW",3,61,14,0,14,0,16,4,190397.0,6321.0,49,14,14,1,0,103,9,7,0,0,42,12,0,8,6,14,0,0,12,14,0,11
90491374,0,Anton Shaniuk,win,15,0,360,21274.0,3212.0,0,0,"NE,NW,SW",3,61,14,0,14,0,30,5,200305.0,12914.0,15,14,14,3,0,72,11,7,0,0,42,12,0,8,6,46,0,0,18,48,0,9
90491374,0,Anton Shaniuk,win,16,0,384,22725.0,1451.0,0,0,"NE,NW,SW",3,61,14,0,14,0,16,5,213507.0,10560.0,58,14,14,7,0,146,26,7,0,0,42,12,0,8,6,0,0,0,48,0,0,6
90491374,0,Anton Shaniuk,win,17,0,408,27061.0,4336.0,0,0,"NE,NW,SW",3,61,14,0,14,0,44,5,229513.0,18207.0,29,14,14,11,7,94,11,7,0,0,42,12,0,8,6,25,0,0,93,0,0,11
90491374,0,Anton Shaniuk,win,18,0,432,31094.0,4033.0,0,0,"NE,NW,SW",3,61,14,0,14,0,16,6,255096.0,21339.0,48,14,14,13,0,135,19,7,0,0,42,12,0,8,6,14,0,50,54,38,0,2
90491374,0,Anton Shaniuk,win,19,0,456,35755.0,4661.0,0,0,"NE,NW,SW",3,61,14,0,14,0,2,6,267387.0,15064.0,39,14,14,10,0,147,55,7,0,0,42,12,0,8,6,0,0,32,72,28,0,6
90491374,0,Anton Shaniuk,win,20,0,480,39429.0,3674.0,0,0,"NE,NW,SW",3,61,14,0,14,0,16,6,309146.0,38302.0,47,14,14,22,0,129,18,7,0,0,42,12,0,8,6,67,0,118,69,112,0,5
90491374,0,Anton Shaniuk,win,21,0,504,42761.0,3332.0,0,0,"NE,NW,SW",3,61,14,0,14,0,50,7,321616.0,15042.0,56,14,14,14,7,161,19,7,0,0,42,12,0,8,6,23,0,56,12,21,0,0
90491374,0,Anton Shaniuk,win,22,0,528,60120.0,17359.0,0,0,"NE,NW,SW",3,56,14,0,14,0,10,7,414709.0,92556.0,21,14,14,43,0,164,13,7,0,0,42,7,0,8,6,30,222,208,66,63,0,6
90491374,0,Anton Shaniuk,win,23,0,552,63703.0,3583.0,0,0,"NE,NW,SW",3,57,14,0,14,0,16,7,449602.0,30035.0,55,14,14,27,7,172,5,14,0,0,42,1,0,8,6,42,54,85,27,35,0,0
90491374,0,Anton Shaniuk,win,24,0,576,72194.0,8491.0,0,0,"NE,NW,SW",3,57,14,0,14,0,2,8,524510.0,74042.0,25,14,14,47,5,174,23,19,0,0,38,0,0,8,6,0,66,302,105,40,0,1
90491374,0,Anton Shaniuk,win,25,0,600,77508.0,5314.0,0,0,"NE,NW,SW",3,55,14,2,14,1,40,8,538430.0,19630.0,55,14,14,20,10,153,5,22,0,0,33,0,0,8,6,32,30,97,78,20,0,0
90491374,0,Anton Shaniuk,win,26,0,624,82152.0,4644.0,0,0,"NE,NW,SW",3,50,14,0,14,1,16,8,582485.0,44317.0,24,14,14,36,5,158,18,27,0,0,23,0,0,8,6,16,6,302,69,44,0,0
90491374,0,Anton Shaniuk,win,27,0,648,81610.0,-542.0,0,0,"NE,NW,SW",3,60,14,0,14,1,44,8,587316.0,6561.0,62,14,14,11,17,165,21,37,0,0,23,0,0,8,6,28,0,82,12,12,0,0
90491374,0,Anton Shaniuk,win,28,0,672,86010.0,4400.0,0,0,"NE,NW,SW",3,52,14,0,14,1,28,8,613400.0,23601.0,35,14,14,37,5,148,26,37,0,0,15,0,0,8,6,22,0,123,117,12,0,27
90491374,0,Anton Shaniuk,win,29,0,696,93383.0,7373.0,0,0,"NE,NW,SW",3,8,14,1,14,1,38,8,632003.0,20704.0,34,14,14,39,0,160,20,8,0,0,0,0,0,8,6,48,0,82,24,72,0,17
90491374,0,Anton Shaniuk,win,29,23,719,99694.0,6311.0,5,5,"NE,NW,SW",3,0,14,0,14,1,0,8,644176.0,20704.0,34,14,14,39,0,160,20,0,0,0,0,0,0,8,6,48,0,82,24,72,0,17
90491374,1,mountainbob,loss,0,0,0,3000.0,0.0,0,0,NW,1,0,0,0,0,0,0,0,0.0,0.0,0,0,0,0,0,0,0,0,0,0,0,0,0,0,0,0,0,0,0,0,0,0
90491374,1,mountainbob,loss,1,0,24,105.0,-2895.0,0,0,NW,1,19,4,0,6,0,0,0,0.0,0.0,19,2,2,0,19,33,46,7,0,0,0,12,0,2,2,0,0,0,0,0,0,0
90491374,1,mountainbob,loss,2,0,48,14.0,-91.0,0,0,NW,1,19,4,0,6,0,6,0,198.0,198.0,0,4,4,0,0,9,6,7,0,0,0,12,0,2,2,0,0,0,0,0,0,2
90491374,1,mountainbob,loss,3,0,72,175.0,161.0,0,0,NW,1,19,4,0,6,0,5,1,1417.0,1219.0,19,2,4,0,0,33,48,7,0,0,0,12,0,2,2,33,0,0,0,0,0,2
90491374,1,mountainbob,loss,4,0,96,61.0,-114.0,0,0,NW,1,19,5,0,6,0,4,1,2115.0,698.0,7,4,4,0,0,31,85,7,0,0,0,12,0,3,2,10,0,0,0,0,0,4
90491374,1,mountainbob,loss,5,0,120,301.0,240.0,0,0,NW,1,19,5,0,6,0,35,1,2947.0,832.0,28,5,5,7,7,52,28,7,0,0,0,12,0,3,2,8,0,0,0,0,0,6
90491374,1,mountainbob,loss,6,0,144,947.0,646.0,0,0,NW,1,19,6,0,6,0,6,2,3926.0,979.0,0,4,5,0,0,14,17,7,0,0,0,12,0,4,2,25,0,0,0,0,0,3
90491374,1,mountainbob,loss,7,0,168,1015.0,68.0,0,0,NW,1,19,6,0,6,0,13,2,4691.0,765.0,19,6,6,2,0,38,36,7,0,0,0,12,0,4,2,10,0,0,0,0,0,5
90491374,1,mountainbob,loss,8,0,192,305.0,-710.0,0,0,"NE,NW",2,26,10,0,12,0,11,2,9125.0,4434.0,26,7,8,0,7,54,36,7,0,0,7,12,0,6,4,50,0,0,0,12,0,5
90491374,1,mountainbob,loss,9,0,216,2799.0,2494.0,0,0,"NE,NW",2,30,10,0,12,0,34,3,13572.0,3199.0,31,10,10,9,11,90,48,7,0,0,11,12,0,6,4,0,0,0,12,0,0,7
90491374,1,mountainbob,loss,10,0,240,2212.0,-587.0,0,0,"NE,NW",2,38,12,0,12,0,12,3,16810.0,4486.0,27,8,12,1,8,88,93,7,0,0,19,12,0,8,4,14,0,0,12,8,0,0
90491374,1,mountainbob,loss,11,0,264,10787.0,8575.0,0,0,"NE,NW",2,28,12,0,12,0,14,3,34346.0,17536.0,22,12,12,12,0,115,17,7,0,0,19,2,0,8,4,44,54,0,6,8,0,0
90491374,1,mountainbob,loss,12,0,288,11501.0,714.0,0,0,"NE,NW,SW",3,58,14,0,14,0,16,4,45894.0,11548.0,56,12,14,4,32,120,63,7,0,0,39,12,0,8,6,77,42,0,6,0,0,9
90491374,1,mountainbob,loss,13,0,312,16861.0,5360.0,0,0,"NE,NW,SW",3,61,14,0,14,0,44,4,55216.0,7205.0,20,14,14,11,10,66,35,7,0,0,42,12,0,8,6,26,6,0,15,8,0,12
90491374,1,mountainbob,loss,14,0,336,17995.0,1134.0,0,0,"NE,NW,SW",3,61,14,0,14,0,16,4,56414.0,3315.0,51,14,14,1,0,104,26,7,0,0,42,12,0,8,6,14,0,0,3,8,0,11
90491374,1,mountainbob,loss,15,0,360,21207.0,3212.0,0,0,"NE,NW,SW",3,61,14,0,14,0,30,5,62908.0,6494.0,14,14,14,3,0,69,16,7,0,0,42,12,0,8,6,46,0,0,9,18,0,9
90491374,1,mountainbob,loss,16,0,384,22426.0,1219.0,0,0,"NE,NW,SW",3,61,14,0,14,0,16,5,65973.0,2931.0,59,14,14,7,0,133,57,7,0,0,42,12,0,8,6,0,0,0,12,0,0,6
90491374,1,mountainbob,loss,17,0,408,26762.0,4336.0,0,0,"NE,NW,SW",3,61,14,0,14,0,44,5,73645.0,7365.0,28,14,14,11,7,93,14,7,0,0,42,12,0,8,6,25,0,0,33,0,0,11
90491374,1,mountainbob,loss,18,0,432,31947.0,5185.0,0,0,"NE,NW,SW",3,61,14,0,14,0,16,6,78763.0,4757.0,48,14,14,13,0,129,25,7,0,0,42,12,0,8,6,14,0,6,9,16,0,2
90491374,1,mountainbob,loss,19,0,456,36608.0,4661.0,0,0,"NE,NW,SW",3,61,14,0,14,0,2,6,84133.0,5216.0,41,14,14,10,0,137,63,7,0,0,42,12,0,8,6,0,0,8,33,22,0,6
90491374,1,mountainbob,loss,20,0,480,40207.0,3599.0,0,0,"NE,NW,SW",3,61,14,0,14,0,16,6,93137.0,8544.0,47,14,14,22,0,139,30,7,0,0,42,12,0,8,6,67,0,14,21,50,0,5
90491374,1,mountainbob,loss,21,0,504,43539.0,3332.0,0,0,"NE,NW,SW",3,61,14,0,14,0,50,7,99654.0,6361.0,56,14,14,13,7,159,23,7,0,0,42,12,0,8,6,23,0,22,3,8,0,0
90491374,1,mountainbob,loss,22,0,528,59600.0,16061.0,0,0,"NE,NW,SW",3,56,14,0,14,0,10,7,118746.0,20460.0,21,14,14,32,0,176,15,7,0,0,42,7,0,8,6,30,60,47,21,21,0,6
90491374,1,mountainbob,loss,23,0,552,60457.0,857.0,0,0,"NE,NW,SW",3,57,14,0,14,0,16,7,123997.0,4747.0,55,14,14,25,7,176,3,14,0,0,42,1,0,8,6,42,0,8,6,11,0,0
90491374,1,mountainbob,loss,24,0,576,71319.0,10862.0,0,0,"NE,NW,SW",3,57,14,0,14,0,2,8,135625.0,11951.0,23,14,14,39,5,177,33,19,0,0,38,0,0,8,6,0,36,47,21,8,0,1
90491374,1,mountainbob,loss,25,0,600,75494.0,4175.0,0,0,"NE,NW,SW",3,56,14,2,14,0,40,8,141917.0,6203.0,57,14,14,19,11,163,13,23,0,0,33,0,0,8,6,32,12,37,31,8,0,0
90491374,1,mountainbob,loss,26,0,624,80738.0,5244.0,0,0,"NE,NW,SW",3,51,14,0,14,0,16,8,147626.0,6183.0,25,14,14,32,5,165,17,28,0,0,23,0,0,8,6,16,6,35,21,16,0,0
90491374,1,mountainbob,loss,27,0,648,79968.0,-770.0,0,0,"NE,NW,SW",3,61,14,0,14,0,44,8,150081.0,2455.0,60,14,14,11,17,155,35,38,0,0,23,0,0,8,6,28,0,32,6,4,0,0
90491374,1,mountainbob,loss,28,0,672,84692.0,4724.0,0,0,"NE,NW,SW",3,53,14,0,14,0,28,8,155586.0,5505.0,31,14,14,32,5,139,36,38,0,0,15,0,0,8,6,22,0,11,30,4,0,27
90491374,1,mountainbob,loss,29,0,696,92113.0,7421.0,0,0,"NE,NW,SW",3,8,14,1,14,0,42,8,162757.0,6504.0,33,14,14,38,0,167,10,8,0,0,0,0,0,8,6,48,0,33,9,16,0,17
90491374,1,mountainbob,loss,29,23,719,98799.0,6686.0,5,5,"NE,NW,SW",3,0,14,0,14,0,0,8,169095.0,6504.0,33,14,14,38,0,167,10,0,0,0,0,0,0,8,6,48,0,33,9,16,0,17
90491408,0,Yaroslav,loss,0,0,0,3000.0,0.0,0,0,NW,1,0,0,0,0,0,0,0,0.0,0.0,0,0,0,0,0,0,0,0,0,0,0,0,0,0,0,0,0,0,0,0,0,0
90491408,0,Yaroslav,loss,1,0,24,105.0,-2895.0,0,0,NW,1,19,4,0,6,0,0,0,0.0,0.0,20,2,2,0,19,48,30,7,0,0,0,12,0,2,2,0,0,0,0,0,0,0
90491408,0,Yaroslav,loss,2,0,48,14.0,-91.0,0,0,NW,1,19,4,0,6,0,6,0,198.0,198.0,0,4,4,0,0,7,8,7,0,0,0,12,0,2,2,0,0,0,0,0,0,2
90491408,0,Yaroslav,loss,3,0,72,175.0,161.0,0,0,NW,1,19,4,0,6,0,5,1,1417.0,1219.0,23,2,4,0,0,52,25,7,0,0,0,12,0,2,2,33,0,0,0,0,0,2
90491408,0,Yaroslav,loss,4,0,96,62.0,-113.0,0,0,NW,1,19,5,0,6,0,4,1,2125.0,708.0,8,4,4,0,0,44,71,7,0,0,0,12,0,3,2,10,0,0,0,0,0,4
90491408,0,Yaroslav,loss,5,0,120,298.0,236.0,0,0,NW,1,19,5,0,6,0,35,1,2957.0,832.0,33,5,5,7,7,67,9,7,0,0,0,12,0,3,2,8,0,0,0,0,0,6
90491408,0,Yaroslav,loss,6,0,144,970.0,672.0,0,0,NW,1,19,6,0,6,0,6,2,3986.0,1029.0,0,4,5,0,0,14,18,7,0,0,0,12,0,4,2,25,0,0,0,0,0,3
90491408,0,Yaroslav,loss,7,0,168,1015.0,45.0,0,0,NW,1,19,6,0,6,0,13,2,10113.0,3451.0,24,6,6,2,0,52,17,7,0,0,0,12,0,4,2,10,0,0,0,12,0,5
90491408,0,Yaroslav,loss,8,0,192,202.0,-813.0,0,0,"NE,NW",2,27,10,1,12,0,11,2,14646.0,7209.0,28,7,8,0,8,61,26,7,0,0,8,12,0,6,4,50,0,0,0,24,0,5
90491408,0,Yaroslav,loss,9,0,216,2628.0,2426.0,0,0,"NE,NW",2,30,10,1,12,0,31,3,21319.0,5533.0,36,10,10,9,11,106,28,7,0,0,11,12,0,6,4,0,0,0,24,0,0,7
90491408,0,Yaroslav,loss,10,0,240,2228.0,-400.0,0,0,"NE,NW",2,37,12,1,12,0,10,3,25251.0,5072.0,30,8,10,1,7,93,81,7,0,0,18,12,0,8,4,13,0,0,12,12,0,0
90491408,0,Yaroslav,loss,11,0,264,10753.0,8525.0,0,0,"NE,NW",2,27,12,1,12,0,12,3,110501.0,78140.0,25,12,12,12,0,107,22,7,0,0,18,2,0,8,4,44,288,0,9,12,0,0
90491408,0,Yaroslav,loss,12,0,288,11452.0,699.0,0,0,"NE,NW,SW",3,57,14,1,14,0,14,4,130365.0,24886.0,58,12,14,4,32,136,45,7,0,0,38,12,0,8,6,77,96,0,18,0,0,9
90491408,0,Yaroslav,loss,13,0,312,16559.0,5107.0,0,0,"NE,NW,SW",3,60,14,1,14,0,42,4,142237.0,11891.0,21,14,14,11,10,76,24,7,0,0,41,12,0,8,6,26,12,0,27,16,0,12
90491408,0,Yaroslav,loss,14,0,336,17753.0,1194.0,0,0,"NE,NW,SW",3,60,14,1,14,0,14,4,149241.0,6184.0,49,14,14,1,0,103,9,7,0,0,41,12,0,8,6,14,0,0,12,14,0,11
90491408,0,Yaroslav,loss,15,0,360,20763.0,3010.0,0,0,"NE,NW,SW",3,60,14,1,14,0,28,5,156389.0,9823.0,15,14,14,3,0,72,11,7,0,0,41,12,0,8,6,46,0,0,18,26,0,9
90491408,0,Yaroslav,loss,16,0,384,22152.0,1389.0,0,0,"NE,NW,SW",3,60,14,1,14,0,14,5,166383.0,7686.0,58,14,14,7,0,146,26,7,0,0,41,12,0,8,6,0,0,0,33,6,0,6
90491408,0,Yaroslav,loss,17,0,408,25967.0,3815.0,0,0,"NE,NW,SW",3,60,14,1,14,0,42,5,175224.0,10958.0,30,14,14,12,7,89,11,7,0,0,41,12,0,8,6,25,0,0,57,0,0,11
90491408,0,Yaroslav,loss,18,0,432,31342.0,5375.0,0,0,"NE,NW,SW",3,60,14,1,14,0,14,6,201536.0,23893.0,47,14,14,13,0,134,20,7,0,0,41,12,0,8,6,14,0,64,60,0,0,2
90491408,0,Yaroslav,loss,19,0,456,34190.0,2848.0,0,0,"NE,NW,SW",3,60,14,1,14,0,14,6,213860.0,14236.0,39,14,14,10,0,137,26,7,0,0,41,12,0,8,6,41,0,38,36,72,0,3
90491408,0,Yaroslav,loss,20,0,480,38768.0,4578.0,0,0,"NE,NW,SW",3,60,14,1,14,0,14,6,253594.0,35466.0,48,14,14,22,0,129,16,7,0,0,41,12,0,8,6,67,0,114,54,58,0,9
90491408,0,Yaroslav,loss,21,0,504,41372.0,2604.0,0,0,"NE,NW,SW",3,60,14,1,14,0,48,7,266097.0,14760.0,56,14,14,14,7,160,19,7,0,0,41,12,0,8,6,23,0,56,12,0,0,0
90491408,0,Yaroslav,loss,22,0,528,57995.0,16623.0,0,0,"NE,NW,SW",3,55,14,1,14,0,8,7,340224.0,73598.0,21,14,14,43,0,164,13,7,0,0,41,7,0,8,6,30,138,208,39,36,0,5
90491408,0,Yaroslav,loss,23,0,552,60583.0,2588.0,0,0,"NE,NW,SW",3,56,14,1,14,0,14,7,362754.0,18055.0,57,14,14,24,7,166,11,14,0,0,41,1,0,8,6,43,34,51,18,40,0,0
90491408,0,Yaroslav,loss,24,0,576,67805.0,7222.0,0,0,"NE,NW,SW",3,55,14,1,14,0,0,8,429621.0,63985.0,22,14,14,49,5,157,21,19,0,0,36,0,0,8,6,0,70,274,63,28,0,0
90491408,0,Yaroslav,loss,25,0,600,74381.0,6576.0,0,0,"NE,NW,SW",3,54,14,4,14,0,38,8,445839.0,24183.0,56,14,14,21,12,164,9,24,0,0,30,0,0,8,6,37,18,138,57,12,0,0
90491408,0,Yaroslav,loss,26,0,624,78742.0,4361.0,0,0,"NE,NW,SW",3,54,14,1,14,2,12,8,468128.0,22426.0,20,14,14,41,4,165,20,28,0,0,26,0,0,8,6,12,0,144,78,38,0,0
90491408,0,Yaroslav,loss,27,0,648,78190.0,-552.0,0,0,"NE,NW,SW",3,56,14,1,14,2,30,8,476898.0,8359.0,58,14,14,13,12,177,14,33,0,0,23,0,0,8,6,25,0,115,12,16,0,0
90491408,0,Yaroslav,loss,28,0,672,83708.0,5518.0,0,0,"NE,NW,SW",3,50,14,1,14,2,22,8,506129.0,25738.0,33,14,14,32,8,153,15,36,0,0,14,0,0,8,6,32,0,115,51,33,0,25
90491408,0,Yaroslav,loss,29,0,696,90385.0,6677.0,0,0,"NE,NW,SW",3,9,14,1,14,2,43,8,518529.0,17878.0,32,14,14,37,0,164,17,9,0,0,0,0,0,8,6,51,0,80,39,36,0,16
90491408,0,Yaroslav,loss,29,23,719,98476.0,8091.0,6,6,"NE,NW,SW",3,0,14,1,14,2,0,8,534937.0,17878.0,32,14,14,37,0,164,17,0,0,0,0,0,0,8,6,51,0,80,39,36,0,16
90491408,1,Anton Shaniuk,win,0,0,0,3000.0,0.0,0,0,NW,1,0,0,0,0,0,0,0,0.0,0.0,0,0,0,0,0,0,0,0,0,0,0,0,0,0,0,0,0,0,0,0,0,0
90491408,1,Anton Shaniuk,win,1,0,24,105.0,-2895.0,0,0,NW,1,19,4,0,6,0,0,0,0.0,0.0,20,2,2,0,19,48,30,7,0,0,0,12,0,2,2,0,0,0,0,0,0,0
90491408,1,Anton Shaniuk,win,2,0,48,14.0,-91.0,0,0,NW,1,19,4,0,6,0,6,0,198.0,198.0,0,4,4,0,0,7,8,7,0,0,0,12,0,2,2,0,0,0,0,0,0,2
90491408,1,Anton Shaniuk,win,3,0,72,175.0,161.0,0,0,NW,1,19,4,0,6,0,5,1,1417.0,1219.0,23,2,4,0,0,52,25,7,0,0,0,12,0,2,2,33,0,0,0,0,0,2
90491408,1,Anton Shaniuk,win,4,0,96,62.0,-113.0,0,0,NW,1,19,5,0,6,0,4,1,2125.0,708.0,8,4,4,0,0,44,71,7,0,0,0,12,0,3,2,10,0,0,0,0,0,4
90491408,1,Anton Shaniuk,win,5,0,120,298.0,236.0,0,0,NW,1,19,5,0,6,0,35,1,2957.0,832.0,33,5,5,7,7,67,9,7,0,0,0,12,0,3,2,8,0,0,0,0,0,6
90491408,1,Anton Shaniuk,win,6,0,144,970.0,672.0,0,0,NW,1,19,6,0,6,0,6,2,3986.0,1029.0,0,4,5,0,0,14,18,7,0,0,0,12,0,4,2,25,0,0,0,0,0,3
90491408,1,Anton Shaniuk,win,7,0,168,1015.0,45.0,0,0,NW,1,19,6,0,6,0,13,2,10113.0,3451.0,24,6,6,2,0,52,17,7,0,0,0,12,0,4,2,10,0,0,0,12,0,5
90491408,1,Anton Shaniuk,win,8,0,192,302.0,-713.0,0,0,"NE,NW",2,26,10,1,12,0,11,2,14646.0,7209.0,26,7,8,0,7,61,29,7,0,0,7,12,0,6,4,50,0,0,0,24,0,5
90491408,1,Anton Shaniuk,win,9,0,216,2623.0,2321.0,0,0,"NE,NW",2,30,10,0,12,0,34,3,28651.0,11725.0,35,10,10,9,11,102,32,7,0,0,11,12,0,6,4,0,0,0,54,0,0,7
90491408,1,Anton Shaniuk,win,10,0,240,2068.0,-555.0,0,0,"NE,NW",2,38,12,0,12,0,12,3,34977.0,8606.0,29,8,10,1,8,97,97,7,0,0,19,12,0,8,4,14,0,0,18,24,0,0
90491408,1,Anton Shaniuk,win,11,0,264,10584.0,8516.0,0,0,"NE,NW",2,28,12,0,12,0,14,3,137730.0,95643.0,25,12,12,12,0,107,23,7,0,0,19,2,0,8,4,44,336,0,18,24,0,0
90491408,1,Anton Shaniuk,win,12,0,288,11268.0,684.0,0,0,"NE,NW,SW",3,58,14,0,14,0,16,4,161449.0,28741.0,58,12,14,4,32,136,45,7,0,0,39,12,0,8,6,77,108,0,27,0,0,9
90491408,1,Anton Shaniuk,win,13,0,312,16422.0,5154.0,0,0,"NE,NW,SW",3,61,14,0,14,0,44,4,181381.0,19951.0,21,14,14,11,10,76,24,7,0,0,42,12,0,8,6,26,12,0,45,40,0,12
90491408,1,Anton Shaniuk,win,14,0,336,17616.0,1194.0,0,0,"NE,NW,SW",3,61,14,0,14,0,16,4,188385.0,6184.0,49,14,14,1,0,103,9,7,0,0,42,12,0,8,6,14,0,0,12,14,0,11
90491408,1,Anton Shaniuk,win,15,0,360,20626.0,3010.0,0,0,"NE,NW,SW",3,61,14,0,14,0,30,5,198237.0,12741.0,15,14,14,3,0,72,11,7,0,0,42,12,0,8,6,46,0,0,18,48,0,9
90491408,1,Anton Shaniuk,win,16,0,384,22015.0,1389.0,0,0,"NE,NW,SW",3,61,14,0,14,0,16,5,210824.0,10065.0,58,14,14,7,0,146,26,7,0,0,42,12,0,8,6,0,0,0,48,0,0,6
90491408,1,Anton Shaniuk,win,17,0,408,25830.0,3815.0,0,0,"NE,NW,SW",3,61,14,0,14,0,44,5,225083.0,16376.0,29,14,14,11,7,94,11,7,0,0,42,12,0,8,6,25,0,0,93,0,0,11
90491408,1,Anton Shaniuk,win,18,0,432,30900.0,5070.0,0,0,"NE,NW,SW",3,61,14,0,14,0,16,6,253696.0,22914.0,48,14,14,13,0,135,19,7,0,0,42,12,0,8,6,14,0,50,54,38,0,2
90491408,1,Anton Shaniuk,win,19,0,456,35723.0,4823.0,0,0,"NE,NW,SW",3,61,14,0,14,0,2,6,266399.0,16983.0,39,14,14,10,0,147,55,7,0,0,42,12,0,8,6,0,0,32,72,28,0,6
90491408,1,Anton Shaniuk,win,20,0,480,39426.0,3703.0,0,0,"NE,NW,SW",3,61,14,0,14,0,16,6,307736.0,37981.0,47,14,14,22,0,129,18,7,0,0,42,12,0,8,6,67,0,118,69,112,0,5
90491408,1,Anton Shaniuk,win,21,0,504,42628.0,3202.0,0,0,"NE,NW,SW",3,61,14,0,14,0,50,7,320767.0,15264.0,56,14,14,14,7,161,19,7,0,0,42,12,0,8,6,23,0,56,12,21,0,0
90491408,1,Anton Shaniuk,win,22,0,528,59959.0,17331.0,0,0,"NE,NW,SW",3,56,14,0,14,0,10,7,412528.0,91256.0,21,14,14,43,0,164,13,7,0,0,42,7,0,8,6,30,222,208,66,63,0,6
90491408,1,Anton Shaniuk,win,23,0,552,63415.0,3456.0,0,0,"NE,NW,SW",3,57,14,0,14,0,16,7,445814.0,28374.0,55,14,14,27,7,172,5,14,0,0,42,1,0,8,6,42,54,85,27,35,0,0
90491408,1,Anton Shaniuk,win,24,0,576,71811.0,8396.0,0,0,"NE,NW,SW",3,57,14,0,14,0,2,8,524298.0,76610.0,25,14,14,47,5,174,23,19,0,0,38,0,0,8,6,0,66,302,105,40,0,1
90491408,1,Anton Shaniuk,win,25,0,600,78040.0,6229.0,0,0,"NE,NW,SW",3,55,14,2,14,1,40,8,538973.0,22661.0,55,14,14,20,10,153,5,22,0,0,33,0,0,8,6,32,30,97,78,20,0,0
90491408,1,Anton Shaniuk,win,26,0,624,81955.0,3915.0,0,0,"NE,NW,SW",3,50,14,0,14,1,16,8,577102.0,37917.0,24,14,14,36,5,158,18,27,0,0,23,0,0,8,6,16,6,302,69,44,0,0
90491408,1,Anton Shaniuk,win,27,0,648,81567.0,-388.0,0,0,"NE,NW,SW",3,60,14,0,14,1,44,8,582774.0,6402.0,62,14,14,11,17,165,21,37,0,0,23,0,0,8,6,28,0,82,12,12,0,0
90491408,1,Anton Shaniuk,win,28,0,672,87520.0,5953.0,0,0,"NE,NW,SW",3,52,14,0,14,1,28,8,619520.0,34005.0,35,14,14,37,5,148,26,37,0,0,15,0,0,8,6,22,0,123,117,12,0,27
90491408,1,Anton Shaniuk,win,29,0,696,95381.0,7861.0,0,0,"NE,NW,SW",3,8,14,1,14,1,38,8,638214.0,21241.0,34,14,14,39,0,160,20,8,0,0,0,0,0,8,6,48,0,82,24,72,0,17
90491408,1,Anton Shaniuk,win,29,23,719,103173.0,7792.0,5,5,"NE,NW,SW",3,0,14,0,14,1,0,8,655536.0,21241.0,34,14,14,39,0,160,20,0,0,0,0,0,0,8,6,48,0,82,24,72,0,17
90491449,0,Anton Shaniuk,win,0,0,0,3000.0,0.0,0,0,NW,1,0,0,0,0,0,0,0,0.0,0.0,0,0,0,0,0,0,0,0,0,0,0,0,0,0,0,0,0,0,0,0,0,0
90491449,0,Anton Shaniuk,win,1,0,24,105.0,-2895.0,0,0,NW,1,19,4,0,6,0,0,0,0.0,0.0,20,2,2,0,19,48,30,7,0,0,0,12,0,2,2,0,0,0,0,0,0,0
90491449,0,Anton Shaniuk,win,2,0,48,14.0,-91.0,0,0,NW,1,19,4,0,6,0,6,0,198.0,198.0,0,4,4,0,0,7,8,7,0,0,0,12,0,2,2,0,0,0,0,0,0,2
90491449,0,Anton Shaniuk,win,3,0,72,175.0,161.0,0,0,NW,1,19,4,0,6,0,5,1,1417.0,1219.0,23,2,4,0,0,52,25,7,0,0,0,12,0,2,2,33,0,0,0,0,0,2
90491449,0,Anton Shaniuk,win,4,0,96,61.0,-114.0,0,0,NW,1,19,5,0,6,0,4,1,2115.0,698.0,8,4,4,0,0,44,71,7,0,0,0,12,0,3,2,10,0,0,0,0,0,4
90491449,0,Anton Shaniuk,win,5,0,120,301.0,240.0,0,0,NW,1,19,5,0,6,0,35,1,2947.0,832.0,33,5,5,7,7,67,9,7,0,0,0,12,0,3,2,8,0,0,0,0,0,6
90491449,0,Anton Shaniuk,win,6,0,144,947.0,646.0,0,0,NW,1,19,6,0,6,0,6,2,3926.0,979.0,0,4,5,0,0,14,18,7,0,0,0,12,0,4,2,25,0,0,0,0,0,3
90491449,0,Anton Shaniuk,win,7,0,168,1020.0,73.0,0,0,NW,1,19,6,0,6,0,13,2,10355.0,3597.0,24,6,6,2,0,52,17,7,0,0,0,12,0,4,2,10,0,0,0,12,0,5
90491449,0,Anton Shaniuk,win,8,0,192,606.0,-414.0,0,0,"NE,NW",2,26,10,0,12,0,11,2,15227.0,7704.0,26,7,8,0,7,61,29,7,0,0,7,12,0,6,4,50,0,0,0,24,0,5
90491449,0,Anton Shaniuk,win,9,0,216,2347.0,1741.0,0,0,"NE,NW",2,30,10,0,12,0,43,3,27660.0,10669.0,34,10,10,9,11,109,27,7,0,0,11,12,0,6,4,0,0,0,54,0,0,7
90491449,0,Anton Shaniuk,win,10,0,240,1927.0,-420.0,0,0,"NE,NW",2,38,12,0,12,0,21,3,34708.0,8812.0,29,8,10,1,8,97,97,7,0,0,19,12,0,8,4,14,0,0,18,24,0,0
90491449,0,Anton Shaniuk,win,11,0,264,10610.0,8683.0,0,0,"NE,NW",2,28,12,0,12,0,23,3,138104.0,96286.0,25,12,12,12,0,107,23,7,0,0,19,2,0,8,4,44,336,0,18,24,0,0
90491449,0,Anton Shaniuk,win,12,0,288,11315.0,705.0,0,0,"NE,NW,SW",3,58,14,0,14,0,25,4,161015.0,28047.0,58,12,14,4,32,136,45,7,0,0,39,12,0,8,6,77,108,0,27,0,0,9
90491449,0,Anton Shaniuk,win,13,0,312,16568.0,5253.0,0,0,"NE,NW,SW",3,61,14,0,14,0,53,4,182483.0,20920.0,21,14,14,11,10,76,24,7,0,0,42,12,0,8,6,26,12,0,45,40,0,12
90491449,0,Anton Shaniuk,win,14,0,336,17717.0,1149.0,0,0,"NE,NW,SW",3,61,14,0,14,0,25,4,189817.0,6781.0,49,14,14,1,0,103,9,7,0,0,42,12,0,8,6,14,0,0,12,14,0,11
90491449,0,Anton Shaniuk,win,15,0,360,21568.0,3851.0,0,0,"NE,NW,SW",3,61,14,0,14,0,39,5,203654.0,16912.0,15,14,14,3,0,72,11,7,0,0,42,12,0,8,6,46,0,0,18,48,0,9
90491449,0,Anton Shaniuk,win,16,0,384,22823.0,1255.0,0,0,"NE,NW,SW",3,61,14,0,14,0,25,5,214681.0,8829.0,58,14,14,7,0,146,26,7,0,0,42,12,0,8,6,0,0,0,48,0,0,6
90491449,0,Anton Shaniuk,win,17,0,408,25765.0,2942.0,0,0,"NE,NW,SW",3,61,14,0,14,0,53,5,225691.0,12917.0,29,14,14,11,7,94,11,7,0,0,42,12,0,8,6,25,0,0,93,0,0,11
90491449,0,Anton Shaniuk,win,18,0,432,32345.0,6580.0,0,0,"NE,NW,SW",3,61,14,0,14,0,25,6,261092.0,26765.0,48,14,14,13,0,135,19,7,0,0,42,12,0,8,6,14,0,50,54,38,0,2
90491449,0,Anton Shaniuk,win,19,0,456,37280.0,4935.0,0,0,"NE,NW,SW",3,61,14,0,14,0,11,6,271859.0,18030.0,39,14,14,10,0,147,55,7,0,0,42,12,0,8,6,0,0,32,72,28,0,6
90491449,0,Anton Shaniuk,win,20,0,480,44332.0,7052.0,0,0,"NE,NW,SW",3,61,14,0,14,0,25,6,332685.0,57936.0,47,14,14,22,0,129,18,7,0,0,42,12,0,8,6,67,0,118,69,112,0,5
90491449,0,Anton Shaniuk,win,21,0,504,47737.0,3405.0,0,0,"NE,NW,SW",3,61,14,0,14,0,59,7,348377.0,17751.0,56,14,14,14,7,161,19,7,0,0,42,12,0,8,6,23,0,56,12,21,0,0
90491449,0,Anton Shaniuk,win,22,0,528,65268.0,17531.0,0,0,"NE,NW,SW",3,56,14,0,14,0,19,7,443549.0,95177.0,21,14,14,43,0,164,13,7,0,0,42,7,0,8,6,30,222,208,66,63,0,6
90491449,0,Anton Shaniuk,win,23,0,552,68351.0,3083.0,0,0,"NE,NW,SW",3,57,14,0,14,0,25,7,480144.0,31461.0,55,14,14,27,7,172,5,14,0,0,42,1,0,8,6,42,54,85,27,35,0,0
90491449,0,Anton Shaniuk,win,24,0,576,76296.0,7945.0,0,0,"NE,NW,SW",3,57,14,0,14,0,11,8,536544.0,58124.0,25,14,14,47,5,174,23,19,0,0,38,0,0,8,6,0,66,302,105,40,0,1
90491449,0,Anton Shaniuk,win,25,0,600,77834.0,1538.0,0,0,"NE,NW,SW",3,55,14,2,14,1,49,8,548076.0,14098.0,55,14,14,20,10,153,5,22,0,0,33,0,0,8,6,32,30,96,78,20,0,0
90491449,0,Anton Shaniuk,win,26,0,624,81355.0,3521.0,0,0,"NE,NW,SW",3,50,14,0,14,1,25,8,574138.0,28108.0,24,14,14,36,5,158,18,27,0,0,23,0,0,8,6,16,6,302,69,44,0,0
90491449,0,Anton Shaniuk,win,27,0,648,80931.0,-424.0,0,0,"NE,NW,SW",3,60,14,0,14,1,53,8,580465.0,5855.0,62,14,14,11,17,165,21,37,0,0,23,0,0,8,6,28,0,82,12,12,0,0
90491449,0,Anton Shaniuk,win,28,0,672,85558.0,4627.0,0,0,"NE,NW,SW",3,52,14,0,14,1,37,8,607595.0,24729.0,35,14,14,37,5,148,26,37,0,0,15,0,0,8,6,22,0,123,117,12,0,27
90491449,0,Anton Shaniuk,win,29,0,696,94109.0,8551.0,0,0,"NE,NW,SW",3,8,14,1,14,1,47,8,631805.0,26236.0,34,14,14,39,0,160,20,8,0,0,0,0,0,8,6,48,0,82,24,72,0,17
90491449,0,Anton Shaniuk,win,29,23,719,101998.0,7889.0,5,5,"NE,NW,SW",3,0,14,0,14,1,2,8,646895.0,26236.0,34,14,14,39,0,160,20,0,0,0,0,0,0,8,6,48,0,82,24,72,0,17
90491449,1,JALKARNA GAUTAM,loss,0,0,0,3000.0,0.0,0,0,NW,1,0,0,0,0,0,0,0,0.0,0.0,0,0,0,0,0,0,0,0,0,0,0,0,0,0,0,0,0,0,0,0,0,0
90491449,1,JALKARNA GAUTAM,loss,1,0,24,105.0,-2895.0,0,0,NW,1,19,4,0,6,0,0,0,0.0,0.0,19,2,2,0,19,33,46,7,0,0,0,12,0,2,2,0,0,0,0,0,0,0
90491449,1,JALKARNA GAUTAM,loss,2,0,48,14.0,-91.0,0,0,NW,1,19,4,0,6,0,6,0,198.0,198.0,0,4,4,0,0,9,6,7,0,0,0,12,0,2,2,0,0,0,0,0,0,2
90491449,1,JALKARNA GAUTAM,loss,3,0,72,175.0,161.0,0,0,NW,1,19,4,0,6,0,5,1,1417.0,1219.0,19,2,4,0,0,33,48,7,0,0,0,12,0,2,2,33,0,0,0,0,0,2
90491449,1,JALKARNA GAUTAM,loss,4,0,96,61.0,-114.0,0,0,NW,1,19,5,0,6,0,4,1,2115.0,698.0,7,4,4,0,0,31,85,7,0,0,0,12,0,3,2,10,0,0,0,0,0,4
90491449,1,JALKARNA GAUTAM,loss,5,0,120,301.0,240.0,0,0,NW,1,19,5,0,6,0,35,1,2947.0,832.0,28,5,5,7,7,52,29,7,0,0,0,12,0,3,2,8,0,0,0,0,0,6
90491449,1,JALKARNA GAUTAM,loss,6,0,144,947.0,646.0,0,0,NW,1,19,6,0,6,0,6,2,3926.0,979.0,0,4,5,0,0,14,18,7,0,0,0,12,0,4,2,25,0,0,0,0,0,3
90491449,1,JALKARNA GAUTAM,loss,7,0,168,1020.0,73.0,0,0,NW,1,19,6,0,6,0,13,2,4691.0,765.0,19,6,6,2,0,38,36,7,0,0,0,12,0,4,2,10,0,0,0,0,0,5
90491449,1,JALKARNA GAUTAM,loss,8,0,192,606.0,-414.0,0,0,"NE,NW",2,26,10,0,12,0,11,2,9563.0,4872.0,26,7,8,0,7,54,36,7,0,0,7,12,0,6,4,50,0,0,0,12,0,5
90491449,1,JALKARNA GAUTAM,loss,9,0,216,2347.0,1741.0,0,0,"NE,NW",2,30,10,0,12,0,43,3,12138.0,1693.0,31,10,10,9,11,90,49,7,0,0,11,12,0,6,4,0,0,0,6,0,0,7
90491449,1,JALKARNA GAUTAM,loss,10,0,240,1927.0,-420.0,0,0,"NE,NW",2,38,12,0,12,0,21,3,13534.0,2278.0,27,8,10,1,8,88,108,7,0,0,19,12,0,8,4,14,0,0,6,4,0,0
90491449,1,JALKARNA GAUTAM,loss,11,0,264,10588.0,8661.0,0,0,"NE,NW",2,28,12,0,12,0,23,3,23903.0,10369.0,22,12,12,12,0,115,18,7,0,0,19,2,0,8,4,44,30,0,3,4,0,0
90491449,1,JALKARNA GAUTAM,loss,12,0,288,11211.0,623.0,0,0,"NE,NW,SW",3,58,14,0,14,0,25,4,33776.0,9873.0,56,12,14,4,32,120,63,7,0,0,39,12,0,8,6,77,36,0,3,0,0,9
90491449,1,JALKARNA GAUTAM,loss,13,0,312,16526.0,5315.0,0,0,"NE,NW,SW",3,61,14,0,14,0,53,4,40497.0,6567.0,20,14,14,11,10,66,35,7,0,0,42,12,0,8,6,26,6,0,12,8,0,12
90491449,1,JALKARNA GAUTAM,loss,14,0,336,17654.0,1128.0,0,0,"NE,NW,SW",3,61,14,0,14,0,25,4,41681.0,1338.0,51,14,14,1,0,104,27,7,0,0,42,12,0,8,6,14,0,0,0,0,0,11
90491449,1,JALKARNA GAUTAM,loss,15,0,360,21505.0,3851.0,0,0,"NE,NW,SW",3,61,14,0,14,0,39,5,48300.0,6619.0,14,14,14,3,0,69,16,7,0,0,42,12,0,8,6,46,0,0,9,12,0,9
90491449,1,JALKARNA GAUTAM,loss,16,0,384,22528.0,1023.0,0,0,"NE,NW,SW",3,61,14,0,14,0,25,5,49853.0,1419.0,59,14,14,7,0,133,58,7,0,0,42,12,0,8,6,0,0,0,6,0,0,6
90491449,1,JALKARNA GAUTAM,loss,17,0,408,25394.0,2866.0,0,0,"NE,NW,SW",3,61,14,0,14,0,53,5,54161.0,4442.0,28,14,14,11,7,93,14,7,0,0,42,12,0,8,6,25,0,0,24,0,0,11
90491449,1,JALKARNA GAUTAM,loss,18,0,432,32061.0,6667.0,0,0,"NE,NW,SW",3,61,14,0,14,0,25,6,60899.0,6180.0,47,14,14,13,0,129,26,7,0,0,42,12,0,8,6,14,0,6,3,16,0,2
90491449,1,JALKARNA GAUTAM,loss,19,0,456,36996.0,4935.0,0,0,"NE,NW,SW",3,61,14,0,14,0,11,6,65994.0,4821.0,36,14,14,10,0,137,68,7,0,0,42,12,0,8,6,0,0,8,27,6,0,6
90491449,1,JALKARNA GAUTAM,loss,20,0,480,43880.0,6884.0,0,0,"NE,NW,SW",3,61,14,0,14,0,25,6,77356.0,10970.0,47,14,14,22,0,139,32,7,0,0,42,12,0,8,6,67,0,14,12,18,0,5
90491449,1,JALKARNA GAUTAM,loss,21,0,504,47282.0,3402.0,0,0,"NE,NW,SW",3,61,14,0,14,0,59,7,83888.0,6396.0,56,14,14,13,7,159,25,7,0,0,42,12,0,8,6,23,0,22,3,4,0,0
90491449,1,JALKARNA GAUTAM,loss,22,0,528,63754.0,16472.0,0,0,"NE,NW,SW",3,56,14,0,14,0,19,7,99127.0,16599.0,21,14,14,32,0,176,20,7,0,0,42,7,0,8,6,30,30,47,15,12,0,6
90491449,1,JALKARNA GAUTAM,loss,23,0,552,64874.0,1120.0,0,0,"NE,NW,SW",3,57,14,0,14,0,25,7,104024.0,4300.0,55,14,14,25,7,176,6,14,0,0,42,1,0,8,6,42,0,8,3,4,0,0
90491449,1,JALKARNA GAUTAM,loss,24,0,576,74505.0,9631.0,0,0,"NE,NW,SW",3,57,14,0,14,0,11,8,113506.0,9115.0,22,14,14,39,5,177,34,19,0,0,38,0,0,8,6,0,36,47,18,8,0,1
90491449,1,JALKARNA GAUTAM,loss,25,0,600,74745.0,240.0,0,0,"NE,NW,SW",3,56,14,2,14,0,49,8,117517.0,4675.0,57,14,14,19,11,163,14,23,0,0,33,0,0,8,6,32,6,37,21,8,0,0
90491449,1,JALKARNA GAUTAM,loss,26,0,624,79256.0,4511.0,0,0,"NE,NW,SW",3,51,14,0,14,0,25,8,121989.0,4772.0,23,14,14,32,5,165,21,28,0,0,23,0,0,8,6,16,0,35,9,12,0,0
90491449,1,JALKARNA GAUTAM,loss,27,0,648,78604.0,-652.0,0,0,"NE,NW,SW",3,61,14,0,14,0,53,8,125120.0,3131.0,60,14,14,11,17,155,36,38,0,0,23,0,0,8,6,28,0,32,6,4,0,0
90491449,1,JALKARNA GAUTAM,loss,28,0,672,83739.0,5135.0,0,0,"NE,NW,SW",3,53,14,0,14,0,37,8,130537.0,5417.0,31,14,14,32,5,139,45,38,0,0,15,0,0,8,6,22,0,11,21,4,0,27
90491449,1,JALKARNA GAUTAM,loss,29,0,696,92338.0,8599.0,0,0,"NE,NW,SW",3,8,14,1,14,0,51,8,139043.0,7846.0,33,14,14,38,0,167,15,8,0,0,0,0,0,8,6,48,0,33,9,16,0,17
90491449,1,JALKARNA GAUTAM,loss,29,23,719,100612.0,8274.0,5,5,"NE,NW,SW",3,0,14,0,14,0,0,8,147001.0,7846.0,33,14,14,38,0,167,15,0,0,0,0,0,0,8,6,48,0,33,9,16,0,17
90492196,0,Artem Voronov,loss,0,0,0,3000.0,0.0,0,0,NW,1,0,0,0,0,0,0,0,0.0,0.0,0,0,0,0,0,0,0,0,0,0,0,0,0,0,0,0,0,0,0,0,0,0
90492196,0,Artem Voronov,loss,1,0,24,105.0,-2895.0,0,0,NW,1,19,4,0,6,0,0,0,0.0,0.0,19,2,2,0,19,33,46,7,0,0,0,12,0,2,2,0,0,0,0,0,0,0
90492196,0,Artem Voronov,loss,2,0,48,14.0,-91.0,0,0,NW,1,19,4,0,6,0,6,0,198.0,198.0,0,4,4,0,0,9,6,7,0,0,0,12,0,2,2,0,0,0,0,0,0,2
90492196,0,Artem Voronov,loss,3,0,72,175.0,161.0,0,0,NW,1,19,4,0,6,0,5,1,456.0,258.0,19,2,4,0,0,33,48,7,0,0,0,12,0,2,2,2,0,0,0,0,0,2
90492196,0,Artem Voronov,loss,4,0,96,30.0,-145.0,0,0,NW,1,19,5,0,6,0,5,1,844.0,388.0,7,4,4,0,0,31,85,7,0,0,0,12,0,3,2,0,0,0,0,0,0,4
90492196,0,Artem Voronov,loss,5,0,120,296.0,266.0,0,0,NW,1,19,5,0,6,0,35,1,1577.0,733.0,28,5,5,7,7,52,29,7,0,0,0,12,0,3,2,5,0,0,0,0,0,6
90492196,0,Artem Voronov,loss,6,0,144,968.0,672.0,0,0,NW,1,19,6,0,6,0,6,2,2606.0,1029.0,0,4,5,0,0,14,18,7,0,0,0,12,0,4,2,25,0,0,0,0,0,3
90492196,0,Artem Voronov,loss,7,0,168,1011.0,43.0,0,0,NW,1,19,6,0,6,0,13,2,3157.0,551.0,19,6,6,2,0,38,36,7,0,0,0,12,0,4,2,3,0,0,0,0,0,5
90492196,0,Artem Voronov,loss,8,0,192,451.0,-560.0,0,0,"NE,NW",2,26,10,0,12,0,11,2,6385.0,3228.0,26,7,8,0,7,54,36,7,0,0,7,12,0,6,4,6,0,0,0,12,0,5
90492196,0,Artem Voronov,loss,9,0,216,2800.0,2349.0,0,0,"NE,NW",2,30,10,0,12,0,38,3,10832.0,3199.0,31,10,10,9,11,90,49,7,0,0,11,12,0,6,4,0,0,0,12,0,0,7
90492196,0,Artem Voronov,loss,10,0,240,2371.0,-429.0,0,0,"NE,NW",2,38,12,0,12,0,16,3,14412.0,4828.0,27,8,10,1,8,88,108,7,0,0,19,12,0,8,4,14,0,0,12,8,0,0
90492196,0,Artem Voronov,loss,11,0,264,11085.0,8714.0,0,0,"NE,NW",2,28,12,0,12,0,18,3,30979.0,16567.0,22,12,12,12,0,115,18,7,0,0,19,2,0,8,4,5,54,0,6,8,0,0
90492196,0,Artem Voronov,loss,12,0,288,11853.0,768.0,0,0,"NE,NW,SW",3,58,14,1,14,0,20,4,39862.0,8883.0,56,12,14,4,32,120,63,7,0,0,39,12,0,8,6,5,42,0,6,0,0,9
90492196,0,Artem Voronov,loss,13,0,312,17767.0,5914.0,0,0,"NE,NW,SW",3,60,14,1,14,0,48,4,49750.0,7179.0,20,14,14,11,10,66,35,7,0,0,41,12,0,8,6,6,6,0,15,8,0,12
90492196,0,Artem Voronov,loss,14,0,336,18918.0,1151.0,0,0,"NE,NW,SW",3,60,14,1,14,0,20,4,50962.0,3921.0,51,14,14,1,0,104,27,7,0,0,41,12,0,8,6,14,0,0,3,8,0,11
90492196,0,Artem Voronov,loss,15,0,360,23309.0,4391.0,0,0,"NE,NW,SW",3,60,14,1,14,0,34,5,58125.0,7163.0,14,14,14,3,0,69,16,7,0,0,41,12,0,8,6,6,0,0,9,18,0,9
90492196,0,Artem Voronov,loss,16,0,384,25623.0,2314.0,0,0,"NE,NW,SW",3,60,14,1,14,0,20,5,62442.0,3231.0,59,14,14,7,0,133,58,7,0,0,41,12,0,8,6,0,0,0,12,0,0,6
90492196,0,Artem Voronov,loss,17,0,408,31808.0,6185.0,0,0,"NE,NW,SW",3,60,14,1,14,0,48,5,72154.0,10150.0,28,14,14,11,7,93,14,7,0,0,41,12,0,8,6,6,0,0,33,8,0,11
90492196,0,Artem Voronov,loss,18,0,432,37432.0,5624.0,0,0,"NE,NW,SW",3,60,14,1,14,0,20,6,82458.0,5864.0,47,14,14,13,0,129,26,7,0,0,41,12,0,8,6,14,0,6,9,8,0,2
90492196,0,Artem Voronov,loss,19,0,456,46201.0,8769.0,0,0,"NE,NW,SW",3,60,14,1,14,0,6,6,92889.0,13747.0,36,14,14,10,0,137,68,7,0,0,41,12,0,8,6,0,0,8,33,22,0,6
90492196,0,Artem Voronov,loss,20,0,480,54664.0,8463.0,0,0,"NE,NW,SW",3,60,14,1,14,0,20,6,109160.0,16855.0,47,14,14,22,0,139,32,7,0,0,41,12,0,8,6,6,0,14,21,40,0,5
90492196,0,Artem Voronov,loss,21,0,504,57364.0,2700.0,0,0,"NE,NW,SW",3,60,14,1,14,0,54,7,115216.0,5932.0,56,14,14,13,7,159,25,7,0,0,41,12,0,8,6,6,0,22,3,4,0,0
90492196,0,Artem Voronov,loss,22,0,528,75742.0,18378.0,0,0,"NE,NW,SW",3,55,14,1,14,0,14,7,137964.0,23475.0,21,14,14,32,0,176,20,7,0,0,41,7,0,8,6,30,60,47,21,17,0,6
90492196,0,Artem Voronov,loss,23,0,552,77059.0,1317.0,0,0,"NE,NW,SW",3,56,14,1,14,0,20,7,144193.0,5734.0,55,14,14,25,7,176,6,14,0,0,41,1,0,8,6,20,0,8,6,11,0,0
90492196,0,Artem Voronov,loss,24,0,576,86340.0,9281.0,0,0,"NE,NW,SW",3,56,14,1,14,0,6,8,154787.0,10101.0,22,14,14,39,5,177,34,19,0,0,37,0,0,8,6,0,36,47,21,8,0,1
90492196,0,Artem Voronov,loss,25,0,600,90401.0,4061.0,0,0,"NE,NW,SW",3,55,14,3,14,0,44,8,164179.0,9034.0,57,14,14,19,11,163,14,23,0,0,32,0,0,8,6,6,12,37,31,8,0,0
90492196,0,Artem Voronov,loss,26,0,624,95709.0,5308.0,0,0,"NE,NW,SW",3,50,14,1,14,0,20,8,172557.0,10309.0,23,14,14,32,5,165,21,28,0,0,22,0,0,8,6,16,6,35,21,16,0,0
90492196,0,Artem Voronov,loss,27,0,648,95964.0,255.0,0,0,"NE,NW,SW",3,60,14,1,14,0,48,8,175405.0,2848.0,60,14,14,11,17,155,36,38,0,0,22,0,0,8,6,6,0,32,6,4,0,0
90492196,0,Artem Voronov,loss,28,0,672,103988.0,8024.0,0,0,"NE,NW,SW",3,52,14,1,14,0,32,8,185849.0,10444.0,31,14,14,32,5,139,45,38,0,0,14,0,0,8,6,22,0,11,30,4,0,27
90492196,0,Artem Voronov,loss,29,0,696,113914.0,9926.0,0,0,"NE,NW,SW",3,8,14,3,14,0,46,8,195767.0,9240.0,33,14,14,38,0,167,15,8,0,0,0,0,0,8,6,48,0,33,9,16,0,17
90492196,0,Artem Voronov,loss,29,23,719,124631.0,10717.0,5,5,"NE,NW,SW",3,0,14,2,14,0,5,8,206633.0,9240.0,33,14,14,38,0,167,15,0,0,0,0,0,0,8,6,48,0,33,9,16,0,17
90492196,1,Yaroslav,win,0,0,0,3000.0,0.0,0,0,NW,1,0,0,0,0,0,0,0,0.0,0.0,0,0,0,0,0,0,0,0,0,0,0,0,0,0,0,0,0,0,0,0,0,0
90492196,1,Yaroslav,win,1,0,24,105.0,-2895.0,0,0,NW,1,19,4,0,6,0,0,0,0.0,0.0,20,2,2,0,19,48,30,7,0,0,0,12,0,2,2,0,0,0,0,0,0,0
90492196,1,Yaroslav,win,2,0,48,14.0,-91.0,0,0,NW,1,19,4,0,6,0,6,0,198.0,198.0,0,4,4,0,0,7,8,7,0,0,0,12,0,2,2,0,0,0,0,0,0,2
90492196,1,Yaroslav,win,3,0,72,175.0,161.0,0,0,NW,1,19,4,0,6,0,5,1,1417.0,1219.0,23,2,4,0,0,52,25,7,0,0,0,12,0,2,2,33,0,0,0,0,0,2
90492196,1,Yaroslav,win,4,0,96,62.0,-113.0,0,0,NW,1,19,5,0,6,0,4,1,2125.0,708.0,8,4,4,0,0,44,71,7,0,0,0,12,0,3,2,10,0,0,0,0,0,4
90492196,1,Yaroslav,win,5,0,120,299.0,237.0,0,0,NW,1,19,5,0,6,0,35,1,2957.0,832.0,33,5,5,7,7,67,9,7,0,0,0,12,0,3,2,8,0,0,0,0,0,6
90492196,1,Yaroslav,win,6,0,144,971.0,672.0,0,0,NW,1,19,6,0,6,0,6,2,3986.0,1029.0,0,4,5,0,0,14,18,7,0,0,0,12,0,4,2,25,0,0,0,0,0,3
90492196,1,Yaroslav,win,7,0,168,1019.0,48.0,0,0,NW,1,19,6,0,6,0,13,2,10233.0,3511.0,24,6,6,2,0,52,17,7,0,0,0,12,0,4,2,10,0,0,0,12,0,5
90492196,1,Yaroslav,win,8,0,192,359.0,-660.0,0,0,"NE,NW",2,27,10,0,12,0,11,2,14957.0,7460.0,28,7,8,0,8,61,26,7,0,0,8,12,0,6,4,50,0,0,0,24,0,5
90492196,1,Yaroslav,win,9,0,216,2778.0,2419.0,0,0,"NE,NW",2,31,10,0,12,0,36,3,22044.0,5839.0,36,10,10,9,11,106,28,7,0,0,12,12,0,6,4,0,0,0,24,0,0,7
90492196,1,Yaroslav,win,10,0,240,2516.0,-262.0,0,0,"NE,NW",2,38,12,0,12,0,15,3,26518.0,5722.0,30,8,10,1,7,93,81,7,0,0,19,12,0,8,4,13,0,0,12,12,0,0
90492196,1,Yaroslav,win,11,0,264,11296.0,8780.0,0,0,"NE,NW",2,28,12,0,12,0,17,3,112442.0,78814.0,25,12,12,12,0,107,22,7,0,0,19,2,0,8,4,44,288,0,9,12,0,0
90492196,1,Yaroslav,win,12,0,288,12060.0,764.0,0,0,"NE,NW,SW",3,58,14,0,14,0,19,4,132784.0,25220.0,58,12,14,4,32,136,45,7,0,0,39,12,0,8,6,77,96,0,18,0,0,9
90492196,1,Yaroslav,win,13,0,312,17892.0,5832.0,0,0,"NE,NW,SW",3,61,14,0,14,0,47,4,146745.0,13484.0,21,14,14,11,10,76,24,7,0,0,42,12,0,8,6,26,12,0,27,16,0,12
90492196,1,Yaroslav,win,14,0,336,19069.0,1177.0,0,0,"NE,NW,SW",3,61,14,0,14,0,19,4,155013.0,7449.0,49,14,14,1,0,103,9,7,0,0,42,12,0,8,6,14,0,0,12,14,0,11
90492196,1,Yaroslav,win,15,0,360,23467.0,4398.0,0,0,"NE,NW,SW",3,61,14,0,14,0,33,5,164794.0,12837.0,15,14,14,3,0,72,11,7,0,0,42,12,0,8,6,46,0,0,18,26,0,9
90492196,1,Yaroslav,win,16,0,384,25062.0,1595.0,0,0,"NE,NW,SW",3,61,14,0,14,0,19,5,176877.0,9601.0,58,14,14,7,0,146,26,7,0,0,42,12,0,8,6,0,0,0,33,6,0,6
90492196,1,Yaroslav,win,17,0,408,30321.0,5259.0,0,0,"NE,NW,SW",3,61,14,0,14,0,47,5,189143.0,14572.0,30,14,14,12,7,89,11,7,0,0,42,12,0,8,6,25,0,0,57,0,0,11
90492196,1,Yaroslav,win,18,0,432,36864.0,6543.0,0,0,"NE,NW,SW",3,61,14,0,14,0,19,6,219321.0,27298.0,47,14,14,13,0,134,20,7,0,0,42,12,0,8,6,14,0,64,60,0,0,2
90492196,1,Yaroslav,win,19,0,456,45923.0,9059.0,0,0,"NE,NW,SW",3,61,14,0,14,0,19,6,250797.0,34184.0,39,14,14,10,0,137,26,7,0,0,42,12,0,8,6,41,0,38,36,72,0,3
90492196,1,Yaroslav,win,20,0,480,55463.0,9540.0,0,0,"NE,NW,SW",3,61,14,0,14,0,19,6,306015.0,51139.0,48,14,14,22,0,129,16,7,0,0,42,12,0,8,6,67,0,114,54,58,0,9
90492196,1,Yaroslav,win,21,0,504,58163.0,2700.0,0,0,"NE,NW,SW",3,61,14,0,14,0,53,7,318343.0,14163.0,56,14,14,14,7,160,19,7,0,0,42,12,0,8,6,23,0,56,12,0,0,0
90492196,1,Yaroslav,win,22,0,528,77158.0,18995.0,0,0,"NE,NW,SW",3,56,14,0,14,0,13,7,394560.0,76221.0,21,14,14,43,0,164,13,7,0,0,42,7,0,8,6,30,138,208,39,36,0,5
90492196,1,Yaroslav,win,23,0,552,80708.0,3550.0,0,0,"NE,NW,SW",3,57,14,0,14,0,19,7,426189.0,25349.0,57,14,14,24,7,166,11,14,0,0,42,1,0,8,6,43,34,51,18,40,0,0
90492196,1,Yaroslav,win,24,0,576,88900.0,8192.0,0,0,"NE,NW,SW",3,56,14,0,14,0,5,8,463747.0,43307.0,22,14,14,49,5,157,21,19,0,0,37,0,0,8,6,0,70,274,63,28,0,0
90492196,1,Yaroslav,win,25,0,600,92526.0,3626.0,0,0,"NE,NW,SW",3,55,14,2,14,0,43,8,485925.0,20691.0,56,14,14,21,12,164,9,24,0,0,31,0,0,8,6,37,18,138,57,12,0,0
90492196,1,Yaroslav,win,26,0,624,99880.0,7354.0,0,0,"NE,NW,SW",3,54,14,1,14,2,17,8,514810.0,31709.0,20,14,14,41,4,165,20,28,0,0,26,0,0,8,6,12,0,144,78,38,0,0
90492196,1,Yaroslav,win,27,0,648,99371.0,-509.0,0,0,"NE,NW,SW",3,55,14,1,14,3,35,8,526759.0,10122.0,58,14,14,13,12,177,14,32,0,0,23,0,0,8,6,25,0,115,12,16,0,0
90492196,1,Yaroslav,win,28,0,672,107037.0,7666.0,0,0,"NE,NW,SW",3,49,14,1,14,3,27,8,562352.0,31160.0,33,14,14,32,8,153,15,35,0,0,14,0,0,8,6,32,0,115,51,33,0,25
90492196,1,Yaroslav,win,29,0,696,115593.0,8556.0,0,0,"NE,NW,SW",3,9,14,1,14,3,41,8,579446.0,23827.0,32,14,14,37,0,164,17,9,0,0,0,0,0,8,6,51,0,80,39,36,0,16
90492196,1,Yaroslav,win,29,23,719,126518.0,10925.0,6,6,"NE,NW,SW",3,0,14,0,14,3,0,8,603601.0,23827.0,32,14,14,37,0,164,17,0,0,0,0,0,0,8,6,51,0,80,39,36,0,16
90492929,0,Mohit Rao,win,0,0,0,3000.0,0.0,0,0,NW,1,0,0,0,0,0,0,0,0.0,0.0,0,0,0,0,0,0,0,0,0,0,0,0,0,0,0,0,0,0,0,0,0,0
90492929,0,Mohit Rao,win,1,0,24,105.0,-2895.0,0,0,NW,1,19,4,0,6,0,0,0,0.0,0.0,19,2,2,0,19,33,46,7,0,0,0,12,0,2,2,0,0,0,0,0,0,0
90492929,0,Mohit Rao,win,2,0,48,14.0,-91.0,0,0,NW,1,19,4,0,6,0,6,0,198.0,198.0,0,4,4,0,0,9,6,7,0,0,0,12,0,2,2,0,0,0,0,0,0,2
90492929,0,Mohit Rao,win,3,0,72,175.0,161.0,0,0,NW,1,19,4,0,6,0,5,1,456.0,258.0,19,2,4,0,0,33,48,7,0,0,0,12,0,2,2,2,0,0,0,0,0,2
90492929,0,Mohit Rao,win,4,0,96,30.0,-145.0,0,0,NW,1,19,5,0,6,0,5,1,844.0,388.0,7,4,4,0,0,31,85,7,0,0,0,12,0,3,2,0,0,0,0,0,0,4
90492929,0,Mohit Rao,win,5,0,120,300.0,270.0,0,0,NW,1,19,5,0,6,0,35,1,1577.0,733.0,28,5,5,7,7,52,29,7,0,0,0,12,0,3,2,5,0,0,0,0,0,6
90492929,0,Mohit Rao,win,6,0,144,946.0,646.0,0,0,NW,1,19,6,0,6,0,6,2,2556.0,979.0,0,4,5,0,0,14,18,7,0,0,0,12,0,4,2,25,0,0,0,0,0,3
90492929,0,Mohit Rao,win,7,0,168,1014.0,68.0,0,0,NW,1,19,6,0,6,0,13,2,3104.0,548.0,19,6,6,2,0,38,36,7,0,0,0,12,0,4,2,3,0,0,0,0,0,5
90492929,0,Mohit Rao,win,8,0,192,592.0,-422.0,0,0,"NE,NW",2,26,10,0,12,0,11,2,6530.0,3426.0,26,7,8,0,7,54,36,7,0,0,7,12,0,6,4,6,0,0,0,12,0,5
90492929,0,Mohit Rao,win,9,0,216,2615.0,2023.0,0,0,"NE,NW",2,30,10,0,12,0,43,3,10713.0,3043.0,31,10,10,9,11,90,49,7,0,0,11,12,0,6,4,0,0,0,12,0,0,7
90492929,0,Mohit Rao,win,10,0,240,2210.0,-405.0,0,0,"NE,NW",2,38,12,0,12,0,21,3,14229.0,4656.0,27,8,10,1,8,88,108,7,0,0,19,12,0,8,4,14,0,0,12,8,0,0
90492929,0,Mohit Rao,win,11,0,264,10937.0,8727.0,0,0,"NE,NW",2,28,12,0,12,0,23,3,30705.0,16476.0,22,12,12,12,0,115,18,7,0,0,19,2,0,8,4,5,54,0,6,8,0,0
90492929,0,Mohit Rao,win,12,0,288,11685.0,748.0,0,0,"NE,NW,SW",3,58,14,1,14,0,25,4,40586.0,9881.0,56,12,14,4,32,120,63,7,0,0,39,12,0,8,6,35,42,0,6,0,0,9
90492929,0,Mohit Rao,win,13,0,312,17317.0,5632.0,0,0,"NE,NW,SW",3,61,14,0,14,0,53,4,50076.0,6827.0,20,14,14,11,10,66,34,7,0,0,42,12,0,8,6,6,6,0,15,8,0,12
90492929,0,Mohit Rao,win,14,0,336,18446.0,1129.0,0,0,"NE,NW,SW",3,61,14,0,14,0,25,4,51274.0,3861.0,51,14,14,1,0,104,27,7,0,0,42,12,0,8,6,14,0,0,3,8,0,11
90492929,0,Mohit Rao,win,15,0,360,22721.0,4275.0,0,0,"NE,NW,SW",3,61,14,0,14,0,39,5,58273.0,6999.0,14,14,14,3,0,69,16,7,0,0,42,12,0,8,6,6,0,0,9,18,0,9
90492929,0,Mohit Rao,win,16,0,384,24940.0,2219.0,0,0,"NE,NW,SW",3,61,14,0,14,0,25,5,62389.0,3018.0,59,14,14,7,0,133,58,7,0,0,42,12,0,8,6,0,0,0,12,0,0,6
90492929,0,Mohit Rao,win,17,0,408,30713.0,5773.0,0,0,"NE,NW,SW",3,61,14,0,14,0,53,5,71352.0,9470.0,28,14,14,11,7,93,14,7,0,0,42,12,0,8,6,6,0,0,33,8,0,11
90492929,0,Mohit Rao,win,18,0,432,36357.0,5644.0,0,0,"NE,NW,SW",3,61,14,0,14,0,25,6,81634.0,5811.0,47,14,14,13,0,129,26,7,0,0,42,12,0,8,6,14,0,6,9,8,0,2
90492929,0,Mohit Rao,win,19,0,456,44940.0,8583.0,0,0,"NE,NW,SW",3,61,14,0,14,0,11,6,91440.0,13028.0,36,14,14,10,0,137,68,7,0,0,42,12,0,8,6,0,0,8,33,22,0,6
90492929,0,Mohit Rao,win,20,0,480,53679.0,8739.0,0,0,"NE,NW,SW",3,61,14,0,14,0,25,6,107740.0,16856.0,47,14,14,22,0,139,32,7,0,0,42,12,0,8,6,6,0,14,21,40,0,5
90492929,0,Mohit Rao,win,21,0,504,56746.0,3067.0,0,0,"NE,NW,SW",3,61,14,0,14,0,59,7,114143.0,6279.0,56,14,14,13,7,159,25,7,0,0,42,12,0,8,6,6,0,22,3,4,0,0
90492929,0,Mohit Rao,win,22,0,528,76468.0,19722.0,0,0,"NE,NW,SW",3,56,14,0,14,0,19,7,138744.0,25424.0,21,14,14,32,0,176,20,7,0,0,42,7,0,8,6,30,60,47,23,17,0,6
90492929,0,Mohit Rao,win,23,0,552,78650.0,2182.0,0,0,"NE,NW,SW",3,57,14,0,14,0,25,7,145423.0,6184.0,55,14,14,25,7,176,6,14,0,0,42,1,0,8,6,20,0,8,6,11,0,0
90492929,0,Mohit Rao,win,24,0,576,91006.0,12356.0,0,0,"NE,NW,SW",3,57,14,0,14,0,11,8,159233.0,13314.0,22,14,14,39,5,177,34,19,0,0,38,0,0,8,6,0,36,47,21,8,0,1
90492929,0,Mohit Rao,win,25,0,600,96001.0,4995.0,0,0,"NE,NW,SW",3,56,14,2,14,0,49,8,168244.0,8680.0,57,14,14,19,11,163,14,23,0,0,33,0,0,8,6,6,12,37,31,8,0,0
90492929,0,Mohit Rao,win,26,0,624,100730.0,4729.0,0,0,"NE,NW,SW",3,51,14,0,14,0,25,8,175767.0,9430.0,23,14,14,32,5,165,21,28,0,0,23,0,0,8,6,16,6,35,21,16,0,0
90492929,0,Mohit Rao,win,27,0,648,101025.0,295.0,0,0,"NE,NW,SW",3,61,14,0,14,0,53,8,178699.0,2932.0,60,14,14,11,17,155,36,38,0,0,23,0,0,8,6,6,0,32,6,4,0,0
90492929,0,Mohit Rao,win,28,0,672,108891.0,7866.0,0,0,"NE,NW,SW",3,53,14,0,14,0,37,8,188781.0,10082.0,31,14,14,32,5,139,45,38,0,0,15,0,0,8,6,22,0,11,30,4,0,27
90492929,0,Mohit Rao,win,29,0,696,118701.0,9810.0,0,0,"NE,NW,SW",3,8,14,1,14,0,51,8,198661.0,9220.0,33,14,14,38,0,167,15,8,0,0,0,0,0,8,6,48,0,33,9,16,0,17
90492929,0,Mohit Rao,win,29,23,719,130009.0,11308.0,5,5,"NE,NW,SW",3,0,14,0,14,0,0,8,209842.0,9220.0,33,14,14,38,0,167,15,0,0,0,0,0,0,8,6,48,0,33,9,16,0,17
90492929,1,Akash Deep,loss,0,0,0,3000.0,0.0,0,0,NW,1,0,0,0,0,0,0,0,0.0,0.0,0,0,0,0,0,0,0,0,0,0,0,0,0,0,0,0,0,0,0,0,0,0
90492929,1,Akash Deep,loss,1,0,24,105.0,-2895.0,0,0,NW,1,19,4,0,6,0,0,0,0.0,0.0,19,2,2,0,19,33,46,7,0,0,0,12,0,2,2,0,0,0,0,0,0,0
90492929,1,Akash Deep,loss,2,0,48,14.0,-91.0,0,0,NW,1,19,4,0,6,0,6,0,198.0,198.0,0,4,4,0,0,9,6,7,0,0,0,12,0,2,2,0,0,0,0,0,0,2
90492929,1,Akash Deep,loss,3,0,72,175.0,161.0,0,0,NW,1,19,4,0,6,0,5,1,1417.0,1219.0,19,2,4,0,0,33,48,7,0,0,0,12,0,2,2,33,0,0,0,0,0,2
90492929,1,Akash Deep,loss,4,0,96,61.0,-114.0,0,0,NW,1,19,5,0,6,0,4,1,2115.0,698.0,7,4,4,0,0,31,85,7,0,0,0,12,0,3,2,10,0,0,0,0,0,4
90492929,1,Akash Deep,loss,5,0,120,297.0,236.0,0,0,NW,1,19,5,0,6,0,35,1,2947.0,832.0,28,5,5,7,7,52,29,7,0,0,0,12,0,3,2,8,0,0,0,0,0,6
90492929,1,Akash Deep,loss,6,0,144,943.0,646.0,0,0,NW,1,19,6,0,6,0,6,2,3926.0,979.0,0,4,5,0,0,14,18,7,0,0,0,12,0,4,2,25,0,0,0,0,0,3
90492929,1,Akash Deep,loss,7,0,168,1009.0,66.0,0,0,NW,1,19,6,0,6,0,13,2,4691.0,765.0,19,6,6,2,0,38,36,7,0,0,0,12,0,4,2,10,0,0,0,0,0,5
90492929,1,Akash Deep,loss,8,0,192,587.0,-422.0,0,0,"NE,NW",2,26,10,0,12,0,11,2,9569.0,4878.0,26,7,8,0,7,54,36,7,0,0,7,12,0,6,4,50,0,0,0,12,0,5
90492929,1,Akash Deep,loss,9,0,216,2645.0,2058.0,0,0,"NE,NW",2,30,10,0,12,0,42,3,13752.0,3043.0,31,10,10,9,11,90,49,7,0,0,11,12,0,6,4,0,0,0,12,0,0,7
90492929,1,Akash Deep,loss,10,0,240,2240.0,-405.0,0,0,"NE,NW",2,38,12,0,12,0,20,3,17268.0,4656.0,27,8,10,1,8,88,108,7,0,0,19,12,0,8,4,14,0,0,12,8,0,0
90492929,1,Akash Deep,loss,11,0,264,10945.0,8705.0,0,0,"NE,NW",2,28,12,0,12,0,22,3,35148.0,17880.0,22,12,12,12,0,115,18,7,0,0,19,2,0,8,4,44,54,0,6,8,0,0
90492929,1,Akash Deep,loss,12,0,288,11608.0,663.0,0,0,"NE,NW,SW",3,58,14,0,14,0,24,4,46618.0,11470.0,56,12,14,4,32,120,63,7,0,0,39,12,0,8,6,77,42,0,6,0,0,9
90492929,1,Akash Deep,loss,13,0,312,17224.0,5616.0,0,0,"NE,NW,SW",3,61,14,0,14,0,52,4,56888.0,7607.0,20,14,14,11,10,66,35,7,0,0,42,12,0,8,6,26,6,0,15,8,0,12
90492929,1,Akash Deep,loss,14,0,336,18353.0,1129.0,0,0,"NE,NW,SW",3,61,14,0,14,0,24,4,58086.0,3861.0,51,14,14,1,0,104,27,7,0,0,42,12,0,8,6,14,0,0,3,8,0,11
90492929,1,Akash Deep,loss,15,0,360,22627.0,4274.0,0,0,"NE,NW,SW",3,61,14,0,14,0,38,5,66685.0,8599.0,14,14,14,3,0,69,16,7,0,0,42,12,0,8,6,46,0,0,9,18,0,9
90492929,1,Akash Deep,loss,16,0,384,23882.0,1255.0,0,0,"NE,NW,SW",3,61,14,0,14,0,24,5,69837.0,3018.0,59,14,14,7,0,133,58,7,0,0,42,12,0,8,6,0,0,0,12,0,0,6
90492929,1,Akash Deep,loss,17,0,408,28687.0,4805.0,0,0,"NE,NW,SW",3,61,14,0,14,0,52,5,78630.0,8336.0,28,14,14,11,7,93,14,7,0,0,42,12,0,8,6,25,0,0,33,0,0,11
90492929,1,Akash Deep,loss,18,0,432,36236.0,7549.0,0,0,"NE,NW,SW",3,61,14,0,14,0,24,6,90840.0,7739.0,47,14,14,13,0,129,26,7,0,0,42,12,0,8,6,14,0,6,9,16,0,2
90492929,1,Akash Deep,loss,19,0,456,43851.0,7615.0,0,0,"NE,NW,SW",3,61,14,0,14,0,10,6,99682.0,13028.0,36,14,14,10,0,137,68,7,0,0,42,12,0,8,6,0,0,8,33,22,0,6
90492929,1,Akash Deep,loss,20,0,480,52588.0,8737.0,0,0,"NE,NW,SW",3,61,14,0,14,0,24,6,122101.0,22011.0,47,14,14,22,0,139,32,7,0,0,42,12,0,8,6,67,0,14,21,50,0,5
90492929,1,Akash Deep,loss,21,0,504,56615.0,4027.0,0,0,"NE,NW,SW",3,61,14,0,14,0,58,7,130246.0,8021.0,56,14,14,13,7,159,25,7,0,0,42,12,0,8,6,23,0,22,3,8,0,0
90492929,1,Akash Deep,loss,22,0,528,75626.0,19011.0,0,0,"NE,NW,SW",3,56,14,0,14,0,18,7,155423.0,26000.0,21,14,14,32,0,176,20,7,0,0,42,7,0,8,6,30,60,47,21,21,0,6
90492929,1,Akash Deep,loss,23,0,552,77811.0,2185.0,0,0,"NE,NW,SW",3,57,14,0,14,0,24,7,163136.0,7218.0,55,14,14,25,7,176,6,14,0,0,42,1,0,8,6,42,0,8,6,11,0,0
90492929,1,Akash Deep,loss,24,0,576,90985.0,13174.0,0,0,"NE,NW,SW",3,57,14,0,14,0,10,8,176946.0,13314.0,22,14,14,39,5,177,34,19,0,0,38,0,0,8,6,0,36,47,21,8,0,1
90492929,1,Akash Deep,loss,25,0,600,94917.0,3932.0,0,0,"NE,NW,SW",3,56,14,2,14,0,48,8,186181.0,9872.0,57,14,14,19,11,163,14,23,0,0,33,0,0,8,6,32,12,37,31,8,0,0
90492929,1,Akash Deep,loss,26,0,624,100613.0,5696.0,0,0,"NE,NW,SW",3,51,14,0,14,0,24,8,194668.0,9426.0,23,14,14,32,5,165,21,28,0,0,23,0,0,8,6,16,6,35,21,16,0,0
90492929,1,Akash Deep,loss,27,0,648,100859.0,246.0,0,0,"NE,NW,SW",3,61,14,0,14,0,52,8,198722.0,4054.0,60,14,14,11,17,155,36,38,0,0,23,0,0,8,6,28,0,32,6,4,0,0
90492929,1,Akash Deep,loss,28,0,672,108795.0,7936.0,0,0,"NE,NW,SW",3,53,14,0,14,0,36,8,208804.0,10082.0,31,14,14,32,5,139,45,38,0,0,15,0,0,8,6,22,0,11,30,4,0,27
90492929,1,Akash Deep,loss,29,0,696,118500.0,9705.0,0,0,"NE,NW,SW",3,8,14,1,14,0,50,8,218684.0,9220.0,33,14,14,38,0,167,15,8,0,0,0,0,0,8,6,48,0,33,9,16,0,17
90492929,1,Akash Deep,loss,29,23,719,129364.0,10864.0,5,5,"NE,NW,SW",3,0,14,0,14,0,7,8,229434.0,9220.0,33,14,14,38,0,167,15,0,0,0,0,0,0,8,6,48,0,33,9,16,0,17
90492933,0,JALKARNA GAUTAM,loss,0,0,0,3000.0,0.0,0,0,NW,1,0,0,0,0,0,0,0,0.0,0.0,0,0,0,0,0,0,0,0,0,0,0,0,0,0,0,0,0,0,0,0,0,0
90492933,0,JALKARNA GAUTAM,loss,1,0,24,105.0,-2895.0,0,0,NW,1,19,4,0,6,0,0,0,0.0,0.0,19,2,2,0,19,33,46,7,0,0,0,12,0,2,2,0,0,0,0,0,0,0
90492933,0,JALKARNA GAUTAM,loss,2,0,48,14.0,-91.0,0,0,NW,1,19,4,0,6,0,6,0,198.0,198.0,0,4,4,0,0,9,6,7,0,0,0,12,0,2,2,0,0,0,0,0,0,2
90492933,0,JALKARNA GAUTAM,loss,3,0,72,175.0,161.0,0,0,NW,1,19,4,0,6,0,5,1,1417.0,1219.0,19,2,4,0,0,33,48,7,0,0,0,12,0,2,2,33,0,0,0,0,0,2
90492933,0,JALKARNA GAUTAM,loss,4,0,96,62.0,-113.0,0,0,NW,1,19,5,0,6,0,4,1,2125.0,708.0,7,4,4,0,0,31,85,7,0,0,0,12,0,3,2,10,0,0,0,0,0,4
90492933,0,JALKARNA GAUTAM,loss,5,0,120,298.0,236.0,0,0,NW,1,19,5,0,6,0,35,1,2957.0,832.0,28,5,5,7,7,52,29,7,0,0,0,12,0,3,2,8,0,0,0,0,0,6
90492933,0,JALKARNA GAUTAM,loss,6,0,144,970.0,672.0,0,0,NW,1,19,6,0,6,0,6,2,3986.0,1029.0,0,4,5,0,0,14,18,7,0,0,0,12,0,4,2,25,0,0,0,0,0,3
90492933,0,JALKARNA GAUTAM,loss,7,0,168,1016.0,46.0,0,0,NW,1,19,6,0,6,0,13,2,4761.0,775.0,19,6,6,2,0,38,36,7,0,0,0,12,0,4,2,10,0,0,0,0,0,5
90492933,0,JALKARNA GAUTAM,loss,8,0,192,300.0,-716.0,0,0,"NE,NW",2,26,10,0,12,0,11,2,9245.0,4484.0,26,7,8,0,7,54,36,7,0,0,7,12,0,6,4,50,0,0,0,12,0,5
90492933,0,JALKARNA GAUTAM,loss,9,0,216,2625.0,2325.0,0,0,"NE,NW",2,30,10,0,12,0,34,3,12210.0,1825.0,31,10,10,9,11,90,49,7,0,0,11,12,0,6,4,0,0,0,6,0,0,7
90492933,0,JALKARNA GAUTAM,loss,10,0,240,2059.0,-566.0,0,0,"NE,NW",2,38,12,0,12,0,12,3,13454.0,2384.0,27,8,10,1,8,88,108,7,0,0,19,12,0,8,4,14,0,0,6,4,0,0
90492933,0,JALKARNA GAUTAM,loss,11,0,264,10605.0,8546.0,0,0,"NE,NW",2,28,12,0,12,0,14,3,23777.0,10323.0,22,12,12,12,0,115,18,7,0,0,19,2,0,8,4,44,30,0,3,4,0,0
90492933,0,JALKARNA GAUTAM,loss,12,0,288,11301.0,696.0,0,0,"NE,NW,SW",3,58,14,0,14,0,16,4,33851.0,10074.0,56,12,14,4,32,120,63,7,0,0,39,12,0,8,6,77,36,0,3,0,0,9
90492933,0,JALKARNA GAUTAM,loss,13,0,312,16648.0,5347.0,0,0,"NE,NW,SW",3,61,14,0,14,0,44,4,40627.0,6622.0,20,14,14,11,10,66,35,7,0,0,42,12,0,8,6,26,6,0,12,8,0,12
90492933,0,JALKARNA GAUTAM,loss,14,0,336,17789.0,1141.0,0,0,"NE,NW,SW",3,61,14,0,14,0,16,4,41839.0,1366.0,51,14,14,1,0,104,27,7,0,0,42,12,0,8,6,14,0,0,0,0,0,11
90492933,0,JALKARNA GAUTAM,loss,15,0,360,21003.0,3214.0,0,0,"NE,NW,SW",3,61,14,0,14,0,30,5,47820.0,5981.0,14,14,14,3,0,69,16,7,0,0,42,12,0,8,6,46,0,0,9,12,0,9
90492933,0,JALKARNA GAUTAM,loss,16,0,384,22306.0,1303.0,0,0,"NE,NW,SW",3,61,14,0,14,0,16,5,49712.0,1758.0,59,14,14,7,0,133,58,7,0,0,42,12,0,8,6,0,0,0,6,0,0,6
90492933,0,JALKARNA GAUTAM,loss,17,0,408,27280.0,4974.0,0,0,"NE,NW,SW",3,61,14,0,14,0,44,5,56375.0,6797.0,28,14,14,11,7,93,14,7,0,0,42,12,0,8,6,25,0,0,24,0,0,11
90492933,0,JALKARNA GAUTAM,loss,18,0,432,31745.0,4465.0,0,0,"NE,NW,SW",3,61,14,0,14,0,16,6,60474.0,2893.0,47,14,14,13,0,129,26,7,0,0,42,12,0,8,6,14,0,6,3,16,0,2
90492933,0,JALKARNA GAUTAM,loss,19,0,456,38331.0,6586.0,0,0,"NE,NW,SW",3,61,14,0,14,0,2,6,67287.0,7003.0,36,14,14,10,0,137,68,7,0,0,42,12,0,8,6,0,0,8,27,6,0,6
90492933,0,JALKARNA GAUTAM,loss,20,0,480,43291.0,4960.0,0,0,"NE,NW,SW",3,61,14,0,14,0,16,6,76819.0,9042.0,47,14,14,22,0,139,32,7,0,0,42,12,0,8,6,67,0,14,12,18,0,5
90492933,0,JALKARNA GAUTAM,loss,21,0,504,47263.0,3972.0,0,0,"NE,NW,SW",3,61,14,0,14,0,50,7,84037.0,7056.0,56,14,14,13,7,159,25,7,0,0,42,12,0,8,6,23,0,22,3,4,0,0
90492933,0,JALKARNA GAUTAM,loss,22,0,528,65782.0,18519.0,0,0,"NE,NW,SW",3,56,14,0,14,0,10,7,101816.0,19447.0,21,14,14,32,0,176,20,7,0,0,42,7,0,8,6,30,30,47,15,12,0,6
90492933,0,JALKARNA GAUTAM,loss,23,0,552,67562.0,1780.0,0,0,"NE,NW,SW",3,57,14,0,14,0,16,7,107531.0,4545.0,55,14,14,25,7,176,6,14,0,0,42,1,0,8,6,42,0,8,3,4,0,0
90492933,0,JALKARNA GAUTAM,loss,24,0,576,81215.0,13653.0,0,0,"NE,NW,SW",3,57,14,0,14,0,2,8,121551.0,15186.0,22,14,14,39,5,177,34,19,0,0,38,0,0,8,6,0,36,47,18,8,0,1
90492933,0,JALKARNA GAUTAM,loss,25,0,600,90385.0,9170.0,0,0,"NE,NW,SW",3,56,14,2,14,0,40,8,134371.0,12512.0,57,14,14,19,11,163,14,23,0,0,33,0,0,8,6,32,6,37,21,8,0,0
90492933,0,JALKARNA GAUTAM,loss,26,0,624,99432.0,9047.0,0,0,"NE,NW,SW",3,51,14,0,14,0,16,8,143740.0,9681.0,23,14,14,32,5,165,21,28,0,0,23,0,0,8,6,16,0,35,9,12,0,0
90492933,0,JALKARNA GAUTAM,loss,27,0,648,103685.0,4253.0,0,0,"NE,NW,SW",3,61,14,0,14,0,44,8,150070.0,6330.0,60,14,14,11,17,155,36,38,0,0,23,0,0,8,6,28,0,32,6,4,0,0
90492933,0,JALKARNA GAUTAM,loss,28,0,672,112073.0,8388.0,0,0,"NE,NW,SW",3,53,14,0,14,0,28,8,158910.0,8840.0,31,14,14,32,5,139,45,38,0,0,15,0,0,8,6,22,0,11,21,4,0,27
90492933,0,JALKARNA GAUTAM,loss,29,0,696,123445.0,11372.0,0,0,"NE,NW,SW",3,8,14,1,14,0,42,8,168986.0,9302.0,33,14,14,38,0,167,15,8,0,0,0,0,0,8,6,48,0,33,9,16,0,17
90492933,0,JALKARNA GAUTAM,loss,29,23,719,133167.0,9722.0,5,5,"NE,NW,SW",3,0,14,0,14,0,0,8,178486.0,9302.0,33,14,14,38,0,167,15,0,0,0,0,0,0,8,6,48,0,33,9,16,0,17
90492933,1,SALAH ELDIN ELNABARAWY,win,0,0,0,3000.0,0.0,0,0,NW,1,0,0,0,0,0,0,0,0.0,0.0,0,0,0,0,0,0,0,0,0,0,0,0,0,0,0,0,0,0,0,0,0,0
90492933,1,SALAH ELDIN ELNABARAWY,win,1,0,24,105.0,-2895.0,0,0,NW,1,19,4,0,6,0,0,0,0.0,0.0,19,2,2,0,19,33,46,7,0,0,0,12,0,2,2,0,0,0,0,0,0,0
90492933,1,SALAH ELDIN ELNABARAWY,win,2,0,48,14.0,-91.0,0,0,NW,1,19,4,0,6,0,6,0,198.0,198.0,0,4,4,0,0,9,6,7,0,0,0,12,0,2,2,0,0,0,0,0,0,2
90492933,1,SALAH ELDIN ELNABARAWY,win,3,0,72,175.0,161.0,0,0,NW,1,19,4,0,6,0,5,1,1417.0,1219.0,19,2,4,0,0,33,48,7,0,0,0,12,0,2,2,33,0,0,0,0,0,2
90492933,1,SALAH ELDIN ELNABARAWY,win,4,0,96,62.0,-113.0,0,0,NW,1,19,5,0,6,0,4,1,2125.0,708.0,7,4,4,0,0,31,85,7,0,0,0,12,0,3,2,10,0,0,0,0,0,4
90492933,1,SALAH ELDIN ELNABARAWY,win,5,0,120,298.0,236.0,0,0,NW,1,19,5,0,6,0,35,1,2957.0,832.0,28,5,5,7,7,52,29,7,0,0,0,12,0,3,2,8,0,0,0,0,0,6
90492933,1,SALAH ELDIN ELNABARAWY,win,6,0,144,970.0,672.0,0,0,NW,1,19,6,0,6,0,6,2,3986.0,1029.0,0,4,5,0,0,14,18,7,0,0,0,12,0,4,2,25,0,0,0,0,0,3
90492933,1,SALAH ELDIN ELNABARAWY,win,7,0,168,1016.0,46.0,0,0,NW,1,19,6,0,6,0,13,2,4761.0,775.0,19,6,6,2,0,38,36,7,0,0,0,12,0,4,2,10,0,0,0,0,0,5
90492933,1,SALAH ELDIN ELNABARAWY,win,8,0,192,300.0,-716.0,0,0,"NE,NW",2,26,10,0,12,0,11,2,9245.0,4484.0,26,7,8,0,7,54,36,7,0,0,7,12,0,6,4,50,0,0,0,12,0,5
90492933,1,SALAH ELDIN ELNABARAWY,win,9,0,216,2625.0,2325.0,0,0,"NE,NW",2,30,10,0,12,0,34,3,12210.0,1825.0,31,10,10,9,11,90,49,7,0,0,11,12,0,6,4,0,0,0,6,0,0,7
90492933,1,SALAH ELDIN ELNABARAWY,win,10,0,240,2059.0,-566.0,0,0,"NE,NW",2,38,12,0,12,0,12,3,13454.0,2384.0,27,8,10,1,8,88,108,7,0,0,19,12,0,8,4,14,0,0,6,4,0,0
90492933,1,SALAH ELDIN ELNABARAWY,win,11,0,264,10627.0,8568.0,0,0,"NE,NW",2,28,12,1,12,0,14,3,23777.0,10323.0,22,12,12,12,0,115,18,7,0,0,19,2,0,8,4,44,30,0,3,4,0,0
90492933,1,SALAH ELDIN ELNABARAWY,win,12,0,288,11391.0,764.0,0,0,"NE,NW,SW",3,57,14,1,14,0,16,4,33851.0,10074.0,55,12,14,4,32,120,63,7,0,0,39,11,0,8,6,77,36,0,3,0,0,9
90492933,1,SALAH ELDIN ELNABARAWY,win,13,0,312,16743.0,5352.0,0,0,"NE,NW,SW",3,60,14,1,14,0,44,4,40627.0,6622.0,20,14,14,11,10,66,35,7,0,0,42,11,0,8,6,26,6,0,12,8,0,12
90492933,1,SALAH ELDIN ELNABARAWY,win,14,0,336,17884.0,1141.0,0,0,"NE,NW,SW",3,60,14,1,14,0,16,4,41839.0,1366.0,51,14,14,1,0,104,27,7,0,0,42,11,0,8,6,14,0,0,0,0,0,11
90492933,1,SALAH ELDIN ELNABARAWY,win,15,0,360,21193.0,3309.0,0,0,"NE,NW,SW",3,60,14,1,14,0,30,5,47820.0,5981.0,14,14,14,3,0,69,16,7,0,0,42,11,0,8,6,46,0,0,9,12,0,9
90492933,1,SALAH ELDIN ELNABARAWY,win,16,0,384,22970.0,1777.0,0,0,"NE,NW,SW",3,60,14,1,14,0,16,5,50140.0,2186.0,59,14,14,7,0,133,58,7,0,0,42,11,0,8,6,0,0,0,6,4,0,6
90492933,1,SALAH ELDIN ELNABARAWY,win,17,0,408,28356.0,5386.0,0,0,"NE,NW,SW",3,60,14,1,14,0,44,5,57195.0,7189.0,28,14,14,11,7,93,14,7,0,0,42,11,0,8,6,25,0,0,24,4,0,11
90492933,1,SALAH ELDIN ELNABARAWY,win,18,0,432,32982.0,4626.0,0,0,"NE,NW,SW",3,60,14,1,14,0,16,6,61894.0,3493.0,47,14,14,13,0,129,26,7,0,0,42,11,0,8,6,14,0,6,3,8,0,2
90492933,1,SALAH ELDIN ELNABARAWY,win,19,0,456,39622.0,6640.0,0,0,"NE,NW,SW",3,60,14,1,14,0,2,6,68711.0,7007.0,36,14,14,10,0,137,68,7,0,0,42,11,0,8,6,0,0,8,27,10,0,6
90492933,1,SALAH ELDIN ELNABARAWY,win,20,0,480,44589.0,4967.0,0,0,"NE,NW,SW",3,60,14,1,14,0,16,6,78283.0,9082.0,47,14,14,22,0,139,32,7,0,0,42,11,0,8,6,67,0,14,12,18,0,5
90492933,1,SALAH ELDIN ELNABARAWY,win,21,0,504,48503.0,3914.0,0,0,"NE,NW,SW",3,60,14,1,14,0,50,7,85466.0,7021.0,56,14,14,13,7,159,25,7,0,0,42,11,0,8,6,23,0,22,3,0,0,0
90492933,1,SALAH ELDIN ELNABARAWY,win,22,0,528,66799.0,18296.0,0,0,"NE,NW,SW",3,56,14,1,14,0,10,7,102639.0,18841.0,21,14,14,32,0,176,20,7,0,0,42,7,0,8,6,30,24,47,15,12,0,6
90492933,1,SALAH ELDIN ELNABARAWY,win,23,0,552,68509.0,1710.0,0,0,"NE,NW,SW",3,56,14,1,14,0,16,7,108415.0,4606.0,54,14,14,25,7,176,6,13,0,0,42,1,0,8,6,42,0,8,3,4,0,0
90492933,1,SALAH ELDIN ELNABARAWY,win,24,0,576,82306.0,13797.0,0,0,"NE,NW,SW",3,56,14,1,14,0,2,8,122527.0,15282.0,22,14,14,39,5,177,34,18,0,0,38,0,0,8,6,0,36,47,18,12,0,1
90492933,1,SALAH ELDIN ELNABARAWY,win,25,0,600,91958.0,9652.0,0,0,"NE,NW,SW",3,55,14,3,14,0,40,8,135639.0,12512.0,57,14,14,19,11,163,14,22,0,0,33,0,0,8,6,32,6,37,21,4,0,0
90492933,1,SALAH ELDIN ELNABARAWY,win,26,0,624,100952.0,8994.0,0,0,"NE,NW,SW",3,50,14,1,14,0,16,8,144860.0,9821.0,23,14,14,32,5,165,21,27,0,0,23,0,0,8,6,16,0,35,9,12,0,0
90492933,1,SALAH ELDIN ELNABARAWY,win,27,0,648,105830.0,4878.0,0,0,"NE,NW,SW",3,60,14,1,14,0,40,8,151811.0,6330.0,59,14,14,11,17,155,36,37,0,0,23,0,0,8,6,28,0,32,6,4,0,0
90492933,1,SALAH ELDIN ELNABARAWY,win,28,0,672,112874.0,7044.0,0,0,"NE,NW,SW",3,52,14,1,14,0,38,8,159309.0,8119.0,31,14,14,32,5,139,45,37,0,0,15,0,0,8,6,8,0,11,21,4,0,27
90492933,1,SALAH ELDIN ELNABARAWY,win,29,0,696,124310.0,11436.0,0,0,"NE,NW,SW",3,7,14,2,14,0,52,8,169385.0,9302.0,33,14,14,38,0,167,15,7,0,0,0,0,0,8,6,48,0,33,9,16,0,17
90492933,1,SALAH ELDIN ELNABARAWY,win,29,23,719,134428.0,10118.0,5,5,"NE,NW,SW",3,0,14,1,14,0,0,8,179237.0,9302.0,33,14,14,38,0,167,15,0,0,0,0,0,0,8,6,48,0,33,9,16,0,17
90492965,0,Accayo14,loss,0,0,0,3000.0,0.0,0,0,NW,1,0,0,0,0,0,0,0,0.0,0.0,0,0,0,0,0,0,0,0,0,0,0,0,0,0,0,0,0,0,0,0,0,0
90492965,0,Accayo14,loss,1,0,24,105.0,-2895.0,0,0,NW,1,19,4,0,6,0,0,0,0.0,0.0,19,2,2,0,19,33,46,7,0,0,0,12,0,2,2,0,0,0,0,0,0,0
90492965,0,Accayo14,loss,2,0,48,14.0,-91.0,0,0,NW,1,19,4,0,6,0,6,0,198.0,198.0,0,4,4,0,0,9,6,7,0,0,0,12,0,2,2,0,0,0,0,0,0,2
90492965,0,Accayo14,loss,3,0,72,175.0,161.0,0,0,NW,1,19,4,0,6,0,5,1,1417.0,1219.0,19,2,4,0,0,33,48,7,0,0,0,12,0,2,2,33,0,0,0,0,0,2
90492965,0,Accayo14,loss,4,0,96,61.0,-114.0,0,0,NW,1,19,5,0,6,0,4,1,2115.0,698.0,7,4,4,0,0,31,85,7,0,0,0,12,0,3,2,10,0,0,0,0,0,4
90492965,0,Accayo14,loss,5,0,120,301.0,240.0,0,0,NW,1,19,5,0,6,0,35,1,2947.0,832.0,28,5,5,7,7,52,29,7,0,0,0,12,0,3,2,8,0,0,0,0,0,6
90492965,0,Accayo14,loss,6,0,144,947.0,646.0,0,0,NW,1,19,6,0,6,0,6,2,3926.0,979.0,0,4,5,0,0,14,18,7,0,0,0,12,0,4,2,25,0,0,0,0,0,3
90492965,0,Accayo14,loss,7,0,168,1015.0,68.0,0,0,NW,1,19,6,0,6,0,13,2,4691.0,765.0,19,6,6,2,0,38,36,7,0,0,0,12,0,4,2,10,0,0,0,0,0,5
90492965,0,Accayo14,loss,8,0,192,205.0,-810.0,0,0,"NE,NW",2,27,10,0,12,0,11,2,9125.0,4434.0,27,7,8,0,8,58,30,7,0,0,8,12,0,6,4,50,0,0,0,12,0,5
90492965,0,Accayo14,loss,9,0,216,2799.0,2594.0,0,0,"NE,NW",2,31,10,0,12,0,31,3,13572.0,3199.0,31,10,10,9,11,90,49,7,0,0,12,12,0,6,4,0,0,0,12,0,0,7
90492965,0,Accayo14,loss,10,0,240,2369.0,-430.0,0,0,"NE,NW",2,38,12,0,12,0,10,3,16778.0,4454.0,27,8,10,1,7,76,101,7,0,0,19,12,0,8,4,13,0,0,12,8,0,0
90492965,0,Accayo14,loss,11,0,264,10962.0,8593.0,0,0,"NE,NW",2,28,12,0,12,0,12,3,28432.0,11654.0,22,12,12,12,0,115,17,7,0,0,19,2,0,8,4,44,30,0,6,8,0,0
90492965,0,Accayo14,loss,12,0,288,11691.0,729.0,0,0,"NE,NW,SW",3,58,14,0,14,0,14,4,39903.0,11471.0,56,12,14,4,32,120,63,7,0,0,39,12,0,8,6,77,42,0,6,0,0,9
90492965,0,Accayo14,loss,13,0,312,17173.0,5482.0,0,0,"NE,NW,SW",3,61,14,0,14,0,42,4,48063.0,7379.0,20,14,14,11,10,66,35,7,0,0,42,12,0,8,6,26,6,0,15,8,0,12
90492965,0,Accayo14,loss,14,0,336,18291.0,1118.0,0,0,"NE,NW,SW",3,61,14,0,14,0,14,4,49247.0,1965.0,51,14,14,1,0,104,27,7,0,0,42,12,0,8,6,14,0,0,3,0,0,11
90492965,0,Accayo14,loss,15,0,360,22216.0,3925.0,0,0,"NE,NW,SW",3,61,14,0,14,0,28,5,57098.0,7851.0,14,14,14,3,0,69,16,7,0,0,42,12,0,8,6,46,0,0,9,18,0,9
90492965,0,Accayo14,loss,16,0,384,24319.0,2103.0,0,0,"NE,NW,SW",3,61,14,0,14,0,14,5,61915.0,3807.0,59,14,14,7,0,133,58,7,0,0,42,12,0,8,6,0,0,0,12,4,0,6
90492965,0,Accayo14,loss,17,0,408,30434.0,6115.0,0,0,"NE,NW,SW",3,61,14,0,14,0,42,5,72230.0,10884.0,29,14,14,12,7,89,13,7,0,0,42,12,0,8,6,25,0,0,33,16,0,11
90492965,0,Accayo14,loss,18,0,432,36535.0,6101.0,0,0,"NE,NW,SW",3,61,14,0,14,0,14,6,80195.0,7653.0,46,14,14,13,0,128,27,7,0,0,42,12,0,8,6,14,0,8,33,4,0,2
90492965,0,Accayo14,loss,19,0,456,40839.0,4304.0,0,0,"NE,NW,SW",3,61,14,0,14,0,28,6,88022.0,7692.0,36,14,14,10,0,132,54,7,0,0,42,12,0,8,6,27,0,12,15,10,0,5
90492965,0,Accayo14,loss,20,0,480,47681.0,6842.0,0,0,"NE,NW,SW",3,61,14,0,14,0,14,6,97253.0,8709.0,47,14,14,23,0,139,31,7,0,0,42,12,0,8,6,0,0,10,6,28,0,0
90492965,0,Accayo14,loss,21,0,504,50592.0,2911.0,0,0,"NE,NW,SW",3,61,14,0,14,0,48,7,103235.0,7208.0,56,14,14,12,7,160,23,7,0,0,42,12,0,8,6,23,0,22,12,4,0,0
90492965,0,Accayo14,loss,22,0,528,70709.0,20117.0,0,0,"NE,NW,SW",3,56,14,0,14,0,8,7,125463.0,22322.0,21,14,14,32,0,177,20,7,0,0,42,7,0,8,6,30,36,47,9,24,0,14
90492965,0,Accayo14,loss,23,0,552,70500.0,-209.0,0,0,"NE,NW,SW",3,57,14,0,14,0,14,7,129282.0,3909.0,57,14,14,23,7,172,7,14,0,0,42,1,0,8,6,43,0,4,6,4,0,0
90492965,0,Accayo14,loss,24,0,576,82910.0,12410.0,0,0,"NE,NW,SW",3,56,14,0,14,0,0,8,143508.0,13350.0,21,14,14,38,5,157,38,19,0,0,37,0,0,8,6,0,36,39,15,20,0,0
90492965,0,Accayo14,loss,25,0,600,90960.0,8050.0,0,0,"NE,NW,SW",3,55,14,2,14,0,38,8,152845.0,9215.0,56,14,14,20,12,164,11,24,0,0,31,0,0,8,6,37,6,51,12,4,0,0
90492965,0,Accayo14,loss,26,0,624,96740.0,5780.0,0,0,"NE,NW,SW",3,56,14,0,14,0,12,8,159265.0,4624.0,22,14,14,34,6,178,33,30,0,0,26,0,0,8,6,12,0,14,30,8,0,0
90492965,0,Accayo14,loss,27,0,648,97786.0,1046.0,0,0,"NE,NW,SW",3,58,14,0,14,0,30,8,163139.0,5695.0,58,14,14,13,12,177,16,35,0,0,23,0,0,8,6,25,0,56,3,8,0,0
90492965,0,Accayo14,loss,28,0,672,102715.0,4929.0,0,0,"NE,NW,SW",3,52,14,0,14,0,22,8,169942.0,6711.0,35,14,14,32,8,142,49,38,0,0,14,0,0,8,6,32,0,13,6,12,0,25
90492965,0,Accayo14,loss,29,0,696,109400.0,6685.0,0,0,"NE,NW,SW",3,9,14,0,14,0,51,8,176614.0,7006.0,30,14,14,37,0,169,14,9,0,0,0,0,0,8,6,35,0,33,15,16,0,15
90492965,0,Accayo14,loss,29,23,719,117357.0,7957.0,6,6,"NE,NW,SW",3,0,14,0,14,0,0,8,185154.0,7006.0,30,14,14,37,0,169,14,0,0,0,0,0,0,8,6,35,0,33,15,16,0,15
90492965,1,Yaroslav,win,0,0,0,3000.0,0.0,0,0,NW,1,0,0,0,0,0,0,0,0.0,0.0,0,0,0,0,0,0,0,0,0,0,0,0,0,0,0,0,0,0,0,0,0,0
90492965,1,Yaroslav,win,1,0,24,105.0,-2895.0,0,0,NW,1,19,4,0,6,0,0,0,0.0,0.0,20,2,2,0,19,48,30,7,0,0,0,12,0,2,2,0,0,0,0,0,0,0
90492965,1,Yaroslav,win,2,0,48,14.0,-91.0,0,0,NW,1,19,4,0,6,0,6,0,198.0,198.0,0,4,4,0,0,7,8,7,0,0,0,12,0,2,2,0,0,0,0,0,0,2
90492965,1,Yaroslav,win,3,0,72,175.0,161.0,0,0,NW,1,19,4,0,6,0,5,1,1417.0,1219.0,23,2,4,0,0,52,25,7,0,0,0,12,0,2,2,33,0,0,0,0,0,2
90492965,1,Yaroslav,win,4,0,96,61.0,-114.0,0,0,NW,1,19,5,0,6,0,4,1,2115.0,698.0,8,4,4,0,0,44,71,7,0,0,0,12,0,3,2,10,0,0,0,0,0,4
90492965,1,Yaroslav,win,5,0,120,301.0,240.0,0,0,NW,1,19,5,0,6,0,35,1,2947.0,832.0,33,5,5,7,7,67,9,7,0,0,0,12,0,3,2,8,0,0,0,0,0,6
90492965,1,Yaroslav,win,6,0,144,947.0,646.0,0,0,NW,1,19,6,0,6,0,6,2,3926.0,979.0,0,4,5,0,0,14,18,7,0,0,0,12,0,4,2,25,0,0,0,0,0,3
90492965,1,Yaroslav,win,7,0,168,1015.0,68.0,0,0,NW,1,19,6,0,6,0,13,2,10043.0,3441.0,24,6,6,2,0,52,17,7,0,0,0,12,0,4,2,10,0,0,0,12,0,5
90492965,1,Yaroslav,win,8,0,192,205.0,-810.0,0,0,"NE,NW",2,27,10,0,12,0,11,2,14477.0,7110.0,28,7,8,0,8,61,26,7,0,0,8,12,0,6,4,50,0,0,0,24,0,5
90492965,1,Yaroslav,win,9,0,216,2799.0,2594.0,0,0,"NE,NW",2,31,10,1,12,0,31,3,21564.0,5839.0,36,10,10,9,11,106,28,7,0,0,12,12,0,6,4,0,0,0,24,0,0,7
90492965,1,Yaroslav,win,10,0,240,2369.0,-430.0,0,0,"NE,NW",2,37,12,1,12,0,10,3,25566.0,5250.0,30,8,10,1,7,93,81,7,0,0,18,12,0,8,4,13,0,0,12,12,0,0
90492965,1,Yaroslav,win,11,0,264,10960.0,8591.0,0,0,"NE,NW",2,27,12,1,12,0,12,3,110808.0,78132.0,25,12,12,12,0,107,22,7,0,0,18,2,0,8,4,44,288,0,9,12,0,0
90492965,1,Yaroslav,win,12,0,288,11757.0,797.0,0,0,"NE,NW,SW",3,57,14,1,14,0,14,4,130766.0,24902.0,58,12,14,4,32,136,45,7,0,0,38,12,0,8,6,77,96,0,18,0,0,9
90492965,1,Yaroslav,win,13,0,312,17202.0,5445.0,0,0,"NE,NW,SW",3,60,14,1,14,0,42,4,143467.0,12550.0,21,14,14,11,10,76,24,7,0,0,41,12,0,8,6,26,12,0,27,16,0,12
90492965,1,Yaroslav,win,14,0,336,18351.0,1149.0,0,0,"NE,NW,SW",3,60,14,1,14,0,14,4,151107.0,6729.0,49,14,14,1,0,103,9,7,0,0,41,12,0,8,6,14,0,0,12,14,0,11
90492965,1,Yaroslav,win,15,0,360,22239.0,3888.0,0,0,"NE,NW,SW",3,60,14,1,14,0,28,5,159862.0,11585.0,15,14,14,3,0,72,11,7,0,0,41,12,0,8,6,46,0,0,18,26,0,9
90492965,1,Yaroslav,win,16,0,384,23690.0,1451.0,0,0,"NE,NW,SW",3,60,14,1,14,0,14,5,170654.0,8548.0,58,14,14,7,0,146,26,7,0,0,41,12,0,8,6,0,0,0,33,6,0,6
90492965,1,Yaroslav,win,17,0,408,28054.0,4364.0,0,0,"NE,NW,SW",3,60,14,1,14,0,42,5,180452.0,11999.0,30,14,14,12,7,89,11,7,0,0,41,12,0,8,6,25,0,0,57,0,0,11
90492965,1,Yaroslav,win,18,0,432,33284.0,5230.0,0,0,"NE,NW,SW",3,60,14,1,14,0,14,6,206518.0,23774.0,47,14,14,13,0,134,20,7,0,0,41,12,0,8,6,14,0,64,60,0,0,2
90492965,1,Yaroslav,win,19,0,456,41004.0,7720.0,0,0,"NE,NW,SW",3,60,14,1,14,0,14,6,234636.0,29899.0,39,14,14,10,0,137,26,7,0,0,41,12,0,8,6,41,0,38,36,72,0,3
90492965,1,Yaroslav,win,20,0,480,48642.0,7638.0,0,0,"NE,NW,SW",3,60,14,1,14,0,14,6,284650.0,45655.0,48,14,14,22,0,129,16,7,0,0,41,12,0,8,6,67,0,114,54,58,0,9
90492965,1,Yaroslav,win,21,0,504,51871.0,3229.0,0,0,"NE,NW,SW",3,60,14,1,14,0,48,7,296411.0,14539.0,56,14,14,14,7,160,19,7,0,0,41,12,0,8,6,23,0,56,12,0,0,0
90492965,1,Yaroslav,win,22,0,528,70081.0,18210.0,0,0,"NE,NW,SW",3,55,14,1,14,0,8,7,377346.0,80334.0,21,14,14,43,0,164,13,7,0,0,41,7,0,8,6,30,138,208,39,36,0,5
90492965,1,Yaroslav,win,23,0,552,73887.0,3806.0,0,0,"NE,NW,SW",3,56,14,1,14,0,14,7,410215.0,26138.0,57,14,14,24,7,166,11,14,0,0,41,1,0,8,6,43,34,51,18,40,0,0
90492965,1,Yaroslav,win,24,0,576,83753.0,9866.0,0,0,"NE,NW,SW",3,55,14,1,14,0,0,8,481401.0,69855.0,22,14,14,49,5,157,21,19,0,0,36,0,0,8,6,0,70,274,63,28,0,0
90492965,1,Yaroslav,win,25,0,600,93339.0,9586.0,0,0,"NE,NW,SW",3,54,14,3,14,0,38,8,503390.0,29019.0,56,14,14,21,12,164,9,24,0,0,30,0,0,8,6,37,18,138,57,12,0,0
90492965,1,Yaroslav,win,26,0,624,98155.0,4816.0,0,0,"NE,NW,SW",3,54,14,0,14,2,12,8,541864.0,33771.0,20,14,14,41,4,165,20,28,0,0,26,0,0,8,6,12,0,144,78,38,0,0
90492965,1,Yaroslav,win,27,0,648,99222.0,1067.0,0,0,"NE,NW,SW",3,56,14,0,14,2,30,8,551160.0,14670.0,58,14,14,13,12,177,14,33,0,0,23,0,0,8,6,25,0,115,12,16,0,0
90492965,1,Yaroslav,win,28,0,672,104618.0,5396.0,0,0,"NE,NW,SW",3,50,14,0,14,2,22,8,577262.0,23516.0,33,14,14,32,8,153,15,36,0,0,14,0,0,8,6,32,0,115,51,33,0,25
90492965,1,Yaroslav,win,29,0,696,111198.0,6580.0,0,0,"NE,NW,SW",3,9,14,2,14,2,43,8,589747.0,17281.0,32,14,14,37,0,164,17,9,0,0,0,0,0,8,6,51,0,80,39,36,0,16
90492965,1,Yaroslav,win,29,23,719,118532.0,7334.0,6,6,"NE,NW,SW",3,0,14,2,14,2,0,8,603075.0,17281.0,32,14,14,37,0,164,17,0,0,0,0,0,0,8,6,51,0,80,39,36,0,16
90493718,0,JALKARNA GAUTAM,loss,0,0,0,3000.0,0.0,0,0,NW,1,0,0,0,0,0,0,0,0.0,0.0,0,0,0,0,0,0,0,0,0,0,0,0,0,0,0,0,0,0,0,0,0,0
90493718,0,JALKARNA GAUTAM,loss,1,0,24,105.0,-2895.0,0,0,NW,1,19,4,0,6,0,0,0,0.0,0.0,19,2,2,0,19,33,46,7,0,0,0,12,0,2,2,0,0,0,0,0,0,0
90493718,0,JALKARNA GAUTAM,loss,2,0,48,14.0,-91.0,0,0,NW,1,19,4,0,6,0,6,0,198.0,198.0,0,4,4,0,0,9,6,7,0,0,0,12,0,2,2,0,0,0,0,0,0,2
90493718,0,JALKARNA GAUTAM,loss,3,0,72,175.0,161.0,0,0,NW,1,19,4,0,6,0,5,1,1417.0,1219.0,19,2,4,0,0,33,48,7,0,0,0,12,0,2,2,33,0,0,0,0,0,2
90493718,0,JALKARNA GAUTAM,loss,4,0,96,61.0,-114.0,0,0,NW,1,19,5,0,6,0,4,1,2115.0,698.0,7,4,4,0,0,31,85,7,0,0,0,12,0,3,2,10,0,0,0,0,0,4
90493718,0,JALKARNA GAUTAM,loss,5,0,120,301.0,240.0,0,0,NW,1,19,5,0,6,0,35,1,2947.0,832.0,28,5,5,7,7,52,29,7,0,0,0,12,0,3,2,8,0,0,0,0,0,6
90493718,0,JALKARNA GAUTAM,loss,6,0,144,947.0,646.0,0,0,NW,1,19,6,0,6,0,6,2,3926.0,979.0,0,4,5,0,0,14,18,7,0,0,0,12,0,4,2,25,0,0,0,0,0,3
90493718,0,JALKARNA GAUTAM,loss,7,0,168,1015.0,68.0,0,0,NW,1,19,6,0,6,0,13,2,4691.0,765.0,19,6,6,2,0,38,36,7,0,0,0,12,0,4,2,10,0,0,0,0,0,5
90493718,0,JALKARNA GAUTAM,loss,8,0,192,305.0,-710.0,0,0,"NE,NW",2,26,10,0,12,0,11,2,9125.0,4434.0,26,7,8,0,7,54,36,7,0,0,7,12,0,6,4,50,0,0,0,12,0,5
90493718,0,JALKARNA GAUTAM,loss,9,0,216,2342.0,2037.0,0,0,"NE,NW",2,30,10,0,12,0,34,3,11700.0,1693.0,31,10,10,9,11,90,49,7,0,0,11,12,0,6,4,0,0,0,6,0,0,7
90493718,0,JALKARNA GAUTAM,loss,10,0,240,1767.0,-575.0,0,0,"NE,NW",2,38,12,0,12,0,12,3,12916.0,2098.0,27,8,10,1,8,88,108,7,0,0,19,12,0,8,4,14,0,0,6,4,0,0
90493718,0,JALKARNA GAUTAM,loss,11,0,264,10266.0,8499.0,0,0,"NE,NW",2,28,12,0,12,0,14,3,23115.0,10199.0,22,12,12,12,0,115,18,7,0,0,19,2,0,8,4,44,30,0,3,4,0,0
90493718,0,JALKARNA GAUTAM,loss,12,0,288,10932.0,666.0,0,0,"NE,NW,SW",3,58,14,0,14,0,16,4,33058.0,9943.0,56,12,14,4,32,120,63,7,0,0,39,12,0,8,6,77,36,0,3,0,0,9
90493718,0,JALKARNA GAUTAM,loss,13,0,312,15903.0,4971.0,0,0,"NE,NW,SW",3,61,14,0,14,0,44,4,39414.0,6202.0,20,14,14,11,10,66,35,7,0,0,42,12,0,8,6,26,6,0,12,8,0,12
90493718,0,JALKARNA GAUTAM,loss,14,0,336,17035.0,1132.0,0,0,"NE,NW,SW",3,61,14,0,14,0,16,4,40612.0,1352.0,51,14,14,1,0,104,27,7,0,0,42,12,0,8,6,14,0,0,0,0,0,11
90493718,0,JALKARNA GAUTAM,loss,15,0,360,20505.0,3470.0,0,0,"NE,NW,SW",3,61,14,0,14,0,30,5,46917.0,6305.0,14,14,14,3,0,69,16,7,0,0,42,12,0,8,6,46,0,0,9,12,0,9
90493718,0,JALKARNA GAUTAM,loss,16,0,384,21531.0,1026.0,0,0,"NE,NW,SW",3,61,14,0,14,0,16,5,48470.0,1419.0,59,14,14,7,0,133,58,7,0,0,42,12,0,8,6,0,0,0,6,0,0,6
90493718,0,JALKARNA GAUTAM,loss,17,0,408,24432.0,2901.0,0,0,"NE,NW,SW",3,61,14,0,14,0,44,5,52803.0,4467.0,28,14,14,11,7,93,14,7,0,0,42,12,0,8,6,25,0,0,24,0,0,11
90493718,0,JALKARNA GAUTAM,loss,18,0,432,30865.0,6433.0,0,0,"NE,NW,SW",3,61,14,0,14,0,16,6,59221.0,5860.0,47,14,14,13,0,129,26,7,0,0,42,12,0,8,6,14,0,6,3,16,0,2
90493718,0,JALKARNA GAUTAM,loss,19,0,456,35909.0,5044.0,0,0,"NE,NW,SW",3,61,14,0,14,0,2,6,64444.0,4869.0,36,14,14,10,0,137,68,7,0,0,42,12,0,8,6,0,0,8,27,6,0,6
90493718,0,JALKARNA GAUTAM,loss,20,0,480,42692.0,6783.0,0,0,"NE,NW,SW",3,61,14,0,14,0,16,6,75613.0,10737.0,47,14,14,22,0,139,32,7,0,0,42,12,0,8,6,67,0,14,12,18,0,5
90493718,0,JALKARNA GAUTAM,loss,21,0,504,46410.0,3718.0,0,0,"NE,NW,SW",3,61,14,0,14,0,50,7,82509.0,6740.0,56,14,14,13,7,159,25,7,0,0,42,12,0,8,6,23,0,22,3,4,0,0
90493718,0,JALKARNA GAUTAM,loss,22,0,528,63526.0,17116.0,0,0,"NE,NW,SW",3,56,14,0,14,0,10,7,98668.0,17659.0,21,14,14,32,0,176,20,7,0,0,42,7,0,8,6,30,30,47,15,12,0,6
90493718,0,JALKARNA GAUTAM,loss,23,0,552,64779.0,1253.0,0,0,"NE,NW,SW",3,57,14,0,14,0,16,7,103859.0,4594.0,55,14,14,25,7,176,6,14,0,0,42,1,0,8,6,42,0,8,3,4,0,0
90493718,0,JALKARNA GAUTAM,loss,24,0,576,76195.0,11416.0,0,0,"NE,NW,SW",3,57,14,0,14,0,2,8,115527.0,11377.0,22,14,14,39,5,177,34,19,0,0,38,0,0,8,6,0,36,47,18,8,0,1
90493718,0,JALKARNA GAUTAM,loss,25,0,600,78692.0,2497.0,0,0,"NE,NW,SW",3,56,14,2,14,0,40,8,120128.0,5183.0,57,14,14,19,11,163,14,23,0,0,33,0,0,8,6,32,6,37,21,8,0,0
90493718,0,JALKARNA GAUTAM,loss,26,0,624,83555.0,4863.0,0,0,"NE,NW,SW",3,51,14,0,14,0,16,8,124752.0,4930.0,23,14,14,32,5,165,21,28,0,0,23,0,0,8,6,16,0,35,9,12,0,0
90493718,0,JALKARNA GAUTAM,loss,27,0,648,82795.0,-760.0,0,0,"NE,NW,SW",3,61,14,0,14,0,44,8,127828.0,3076.0,60,14,14,11,17,155,36,38,0,0,23,0,0,8,6,28,0,32,6,4,0,0
90493718,0,JALKARNA GAUTAM,loss,28,0,672,87239.0,4444.0,0,0,"NE,NW,SW",3,53,14,0,14,0,28,8,132533.0,4705.0,31,14,14,32,5,139,45,38,0,0,15,0,0,8,6,22,0,11,21,4,0,27
90493718,0,JALKARNA GAUTAM,loss,29,0,696,94692.0,7453.0,0,0,"NE,NW,SW",3,8,14,1,14,0,42,8,140838.0,7700.0,33,14,14,38,0,167,15,8,0,0,0,0,0,8,6,48,0,33,9,16,0,17
90493718,0,JALKARNA GAUTAM,loss,29,23,719,102097.0,7405.0,5,5,"NE,NW,SW",3,0,14,0,14,0,0,8,147967.0,7700.0,33,14,14,38,0,167,15,0,0,0,0,0,0,8,6,48,0,33,9,16,0,17
90493718,1,i3,win,0,0,0,3000.0,0.0,0,0,NW,1,0,0,0,0,0,0,0,0.0,0.0,0,0,0,0,0,0,0,0,0,0,0,0,0,0,0,0,0,0,0,0,0,0
90493718,1,i3,win,1,0,24,105.0,-2895.0,0,0,NW,1,19,4,0,6,0,0,0,0.0,0.0,19,2,2,0,19,33,46,7,0,0,0,12,0,2,2,0,0,0,0,0,0,0
90493718,1,i3,win,2,0,48,14.0,-91.0,0,0,NW,1,19,4,0,6,0,6,0,198.0,198.0,0,4,4,0,0,9,6,7,0,0,0,12,0,2,2,0,0,0,0,0,0,2
90493718,1,i3,win,3,0,72,175.0,161.0,0,0,NW,1,19,4,0,6,0,5,1,1417.0,1219.0,19,2,4,0,0,33,48,7,0,0,0,12,0,2,2,33,0,0,0,0,0,2
90493718,1,i3,win,4,0,96,61.0,-114.0,0,0,NW,1,19,5,0,6,0,4,1,2115.0,698.0,7,4,4,0,0,31,85,7,0,0,0,12,0,3,2,10,0,0,0,0,0,4
90493718,1,i3,win,5,0,120,301.0,240.0,0,0,NW,1,19,5,0,6,0,35,1,2947.0,832.0,28,5,5,7,7,52,29,7,0,0,0,12,0,3,2,8,0,0,0,0,0,6
90493718,1,i3,win,6,0,144,947.0,646.0,0,0,NW,1,19,6,0,6,0,6,2,3926.0,979.0,0,4,5,0,0,14,18,7,0,0,0,12,0,4,2,25,0,0,0,0,0,3
90493718,1,i3,win,7,0,168,1015.0,68.0,0,0,NW,1,19,6,0,6,0,13,2,4691.0,765.0,19,6,6,2,0,38,36,7,0,0,0,12,0,4,2,10,0,0,0,0,0,5
90493718,1,i3,win,8,0,192,305.0,-710.0,0,0,"NE,NW",2,26,10,0,12,0,11,2,9125.0,4434.0,26,7,8,0,7,54,36,7,0,0,7,12,0,6,4,50,0,0,0,12,0,5
90493718,1,i3,win,9,0,216,2342.0,2037.0,0,0,"NE,NW",2,30,10,0,12,0,34,3,12786.0,2779.0,31,10,10,9,11,90,49,7,0,0,11,12,0,6,4,0,0,0,12,0,0,7
90493718,1,i3,win,10,0,240,1755.0,-587.0,0,0,"NE,NW",2,38,12,0,12,0,12,3,15682.0,3778.0,27,8,10,1,8,88,108,7,0,0,19,12,0,8,4,14,0,0,12,8,0,0
90493718,1,i3,win,11,0,264,10232.0,8477.0,0,0,"NE,NW",2,28,12,0,12,0,14,3,33008.0,17326.0,22,12,12,12,0,115,18,7,0,0,19,2,0,8,4,44,54,0,6,8,0,0
90493718,1,i3,win,12,0,288,10893.0,661.0,0,0,"NE,NW,SW",3,58,14,0,14,0,16,4,44364.0,11356.0,56,12,14,4,32,120,63,7,0,0,39,12,0,8,6,77,42,0,6,0,0,9
90493718,1,i3,win,13,0,312,15861.0,4968.0,0,0,"NE,NW,SW",3,61,14,0,14,0,44,4,53228.0,6718.0,20,14,14,11,10,66,35,7,0,0,42,12,0,8,6,26,6,0,15,8,0,12
90493718,1,i3,win,14,0,336,16993.0,1132.0,0,0,"NE,NW,SW",3,61,14,0,14,0,16,4,54426.0,3344.0,51,14,14,1,0,104,27,7,0,0,42,12,0,8,6,14,0,0,3,8,0,11
90493718,1,i3,win,15,0,360,19001.0,2008.0,0,0,"NE,NW,SW",3,61,14,0,14,0,30,5,60485.0,6059.0,14,14,14,3,0,69,16,7,0,0,42,12,0,8,6,46,0,0,0,18,0,9
90493718,1,i3,win,16,0,384,21574.0,2573.0,0,0,"NE,NW,SW",3,61,14,0,14,0,16,5,64609.0,3990.0,59,14,14,7,0,133,58,7,0,0,42,12,0,8,6,0,0,0,21,0,0,6
90493718,1,i3,win,17,0,408,26292.0,4718.0,0,0,"NE,NW,SW",3,61,14,0,14,0,44,5,73769.0,9003.0,28,14,14,11,7,93,14,7,0,0,42,12,0,8,6,25,0,0,33,16,0,11
90493718,1,i3,win,18,0,432,30993.0,4701.0,0,0,"NE,NW,SW",3,61,14,0,14,0,16,6,82055.0,8019.0,47,14,14,13,0,129,26,7,0,0,42,12,0,8,6,14,0,6,9,22,0,2
90493718,1,i3,win,19,0,456,34723.0,3730.0,0,0,"NE,NW,SW",3,61,14,0,14,0,2,6,86207.0,3798.0,36,14,14,10,0,137,68,7,0,0,42,12,0,8,6,0,0,8,33,0,0,6
90493718,1,i3,win,20,0,480,42740.0,8017.0,0,0,"NE,NW,SW",3,61,14,0,14,0,16,6,104065.0,17426.0,47,14,14,22,0,139,32,7,0,0,42,12,0,8,6,67,0,14,21,50,0,5
90493718,1,i3,win,21,0,504,46458.0,3718.0,0,0,"NE,NW,SW",3,61,14,0,14,0,50,7,111835.0,7614.0,56,14,14,13,7,159,25,7,0,0,42,12,0,8,6,23,0,22,3,8,0,0
90493718,1,i3,win,22,0,528,64352.0,17894.0,0,0,"NE,NW,SW",3,56,14,0,14,0,10,7,136007.0,25582.0,21,14,14,32,0,176,20,7,0,0,42,7,0,8,6,30,60,47,21,21,0,6
90493718,1,i3,win,23,0,552,65605.0,1253.0,0,0,"NE,NW,SW",3,57,14,0,14,0,16,7,142765.0,6251.0,55,14,14,25,7,176,6,14,0,0,42,1,0,8,6,42,0,8,6,11,0,0
90493718,1,i3,win,24,0,576,77025.0,11420.0,0,0,"NE,NW,SW",3,57,14,0,14,0,2,8,154681.0,11495.0,22,14,14,39,5,177,34,19,0,0,38,0,0,8,6,0,40,47,21,8,0,1
90493718,1,i3,win,25,0,600,79447.0,2422.0,0,0,"NE,NW,SW",3,56,14,2,14,0,40,8,159519.0,5478.0,57,14,14,19,11,163,14,23,0,0,33,0,0,8,6,32,4,37,31,8,0,0
90493718,1,i3,win,26,0,624,84310.0,4863.0,0,0,"NE,NW,SW",3,51,14,0,14,0,16,8,165485.0,6344.0,23,14,14,32,5,165,21,28,0,0,23,0,0,8,6,16,0,35,21,16,0,0
90493718,1,i3,win,27,0,648,84404.0,94.0,0,0,"NE,NW,SW",3,61,14,0,14,0,44,8,169013.0,3528.0,60,14,14,11,17,155,36,38,0,0,23,0,0,8,6,28,10,26,6,4,0,0
90493718,1,i3,win,28,0,672,88994.0,4590.0,0,0,"NE,NW,SW",3,53,14,0,14,0,28,8,174237.0,5224.0,31,14,14,32,5,139,45,38,0,0,15,0,0,8,6,22,0,17,30,4,0,27
90493718,1,i3,win,29,0,696,96886.0,7892.0,0,0,"NE,NW,SW",3,8,14,1,14,0,42,8,182616.0,7774.0,33,14,14,38,0,167,15,8,0,0,0,0,0,8,6,48,0,33,9,16,0,17
90493718,1,i3,win,29,23,719,104291.0,7405.0,5,5,"NE,NW,SW",3,0,14,0,14,0,0,8,189745.0,7774.0,33,14,14,38,0,167,15,0,0,0,0,0,0,8,6,48,0,33,9,16,0,17
90493725,0,Kaileh57,loss,0,0,0,3000.0,0.0,0,0,NW,1,0,0,0,0,0,0,0,0.0,0.0,0,0,0,0,0,0,0,0,0,0,0,0,0,0,0,0,0,0,0,0,0,0
90493725,0,Kaileh57,loss,1,0,24,105.0,-2895.0,0,0,NW,1,19,4,0,6,0,0,0,0.0,0.0,19,2,2,0,19,33,46,7,0,0,0,12,0,2,2,0,0,0,0,0,0,0
90493725,0,Kaileh57,loss,2,0,48,14.0,-91.0,0,0,NW,1,19,4,0,6,0,6,0,198.0,198.0,0,4,4,0,0,9,6,7,0,0,0,12,0,2,2,0,0,0,0,0,0,2
90493725,0,Kaileh57,loss,3,0,72,175.0,161.0,0,0,NW,1,19,4,0,6,0,5,1,1417.0,1219.0,19,2,4,0,0,33,48,7,0,0,0,12,0,2,2,33,0,0,0,0,0,2
90493725,0,Kaileh57,loss,4,0,96,62.0,-113.0,0,0,NW,1,19,5,0,6,0,4,1,2125.0,708.0,7,4,4,0,0,31,85,7,0,0,0,12,0,3,2,10,0,0,0,0,0,4
90493725,0,Kaileh57,loss,5,0,120,298.0,236.0,0,0,NW,1,19,5,0,6,0,35,1,2957.0,832.0,28,5,5,7,7,52,29,7,0,0,0,12,0,3,2,8,0,0,0,0,0,6
90493725,0,Kaileh57,loss,6,0,144,970.0,672.0,0,0,NW,1,19,6,0,6,0,6,2,3986.0,1029.0,0,4,5,0,0,14,18,7,0,0,0,12,0,4,2,25,0,0,0,0,0,3
90493725,0,Kaileh57,loss,7,0,168,1015.0,45.0,0,0,NW,1,19,6,0,6,0,13,2,4761.0,775.0,19,6,6,2,0,38,36,7,0,0,0,12,0,4,2,10,0,0,0,0,0,5
90493725,0,Kaileh57,loss,8,0,192,302.0,-713.0,0,0,"NE,NW",2,26,10,0,12,0,11,2,9294.0,4533.0,26,7,8,0,7,54,36,7,0,0,7,12,0,6,4,50,0,0,0,12,0,5
90493725,0,Kaileh57,loss,9,0,216,2787.0,2485.0,0,0,"NE,NW",2,30,10,0,12,0,34,3,12445.0,1903.0,31,10,10,9,11,90,49,7,0,0,11,12,0,6,4,0,0,0,6,0,0,7
90493725,0,Kaileh57,loss,10,0,240,2232.0,-555.0,0,0,"NE,NW",2,38,12,0,12,0,12,3,13689.0,2492.0,27,8,10,1,8,88,108,7,0,0,19,12,0,8,4,14,0,0,6,4,0,0
90493725,0,Kaileh57,loss,11,0,264,10785.0,8553.0,0,0,"NE,NW",2,28,12,0,12,0,14,3,24080.0,10391.0,22,12,12,12,0,115,18,7,0,0,19,2,0,8,4,44,30,0,3,4,0,0
90493725,0,Kaileh57,loss,12,0,288,11479.0,694.0,0,0,"NE,NW,SW",3,58,14,0,14,0,16,4,34257.0,10177.0,56,12,14,4,32,120,63,7,0,0,39,12,0,8,6,77,36,0,3,0,0,9
90493725,0,Kaileh57,loss,13,0,312,16798.0,5319.0,0,0,"NE,NW,SW",3,61,14,0,14,0,44,4,41026.0,6615.0,20,14,14,11,10,66,35,7,0,0,42,12,0,8,6,26,6,0,12,8,0,12
90493725,0,Kaileh57,loss,14,0,336,17966.0,1168.0,0,0,"NE,NW,SW",3,61,14,0,14,0,16,4,42252.0,1380.0,51,14,14,1,0,104,27,7,0,0,42,12,0,8,6,14,0,0,0,0,0,11
90493725,0,Kaileh57,loss,15,0,360,21111.0,3145.0,0,0,"NE,NW,SW",3,61,14,0,14,0,30,5,48235.0,5983.0,14,14,14,3,0,69,16,7,0,0,42,12,0,8,6,46,0,0,9,12,0,9
90493725,0,Kaileh57,loss,16,0,384,22330.0,1219.0,0,0,"NE,NW,SW",3,61,14,0,14,0,16,5,50037.0,1668.0,59,14,14,7,0,133,58,7,0,0,42,12,0,8,6,0,0,0,6,0,0,6
90493725,0,Kaileh57,loss,17,0,408,26583.0,4253.0,0,0,"NE,NW,SW",3,61,14,0,14,0,44,5,55898.0,5995.0,28,14,14,11,7,93,14,7,0,0,42,12,0,8,6,25,0,0,24,0,0,11
90493725,0,Kaileh57,loss,18,0,432,32929.0,6346.0,0,0,"NE,NW,SW",3,61,14,0,14,0,16,6,62209.0,5639.0,47,14,14,13,0,129,26,7,0,0,42,12,0,8,6,14,0,6,3,16,0,2
90493725,0,Kaileh57,loss,19,0,456,38249.0,5320.0,0,0,"NE,NW,SW",3,61,14,0,14,0,2,6,67872.0,5459.0,36,14,14,10,0,137,68,7,0,0,42,12,0,8,6,0,0,8,27,6,0,6
90493725,0,Kaileh57,loss,20,0,480,43583.0,5334.0,0,0,"NE,NW,SW",3,61,14,0,14,0,16,6,77553.0,9279.0,47,14,14,22,0,139,32,7,0,0,42,12,0,8,6,67,0,14,12,18,0,5
90493725,0,Kaileh57,loss,21,0,504,46701.0,3118.0,0,0,"NE,NW,SW",3,61,14,0,14,0,50,7,83933.0,6240.0,56,14,14,13,7,159,25,7,0,0,42,12,0,8,6,23,0,22,3,3,0,0
90493725,0,Kaileh57,loss,22,0,528,63172.0,16471.0,0,0,"NE,NW,SW",3,56,14,0,14,0,10,7,98790.0,16275.0,21,14,14,32,0,176,20,7,0,0,42,7,0,8,6,30,30,47,15,13,0,6
90493725,0,Kaileh57,loss,23,0,552,64029.0,857.0,0,0,"NE,NW,SW",3,57,14,0,14,0,16,7,103675.0,4288.0,55,14,14,25,7,176,6,14,0,0,42,1,0,8,6,42,0,8,3,4,0,0
90493725,0,Kaileh57,loss,24,0,576,73167.0,9138.0,0,0,"NE,NW,SW",3,57,14,0,14,0,2,8,112723.0,8977.0,22,14,14,39,5,177,34,19,0,0,38,0,0,8,6,0,36,47,18,8,0,1
90493725,0,Kaileh57,loss,25,0,600,73269.0,102.0,0,0,"NE,NW,SW",3,56,14,2,14,0,40,8,116393.0,4020.0,57,14,14,19,11,163,14,23,0,0,33,0,0,8,6,32,6,37,21,8,0,0
90493725,0,Kaileh57,loss,26,0,624,77237.0,3968.0,0,0,"NE,NW,SW",3,51,14,0,14,0,16,8,120591.0,4516.0,23,14,14,32,5,165,21,28,0,0,23,0,0,8,6,16,0,35,9,12,0,0
90493725,0,Kaileh57,loss,27,0,648,76140.0,-1097.0,0,0,"NE,NW,SW",3,61,14,0,14,0,44,8,123397.0,2806.0,60,14,14,11,17,155,36,38,0,0,23,0,0,8,6,28,0,32,6,4,0,0
90493725,0,Kaileh57,loss,28,0,672,80904.0,4764.0,0,0,"NE,NW,SW",3,53,14,0,14,0,28,8,128659.0,5262.0,31,14,14,32,5,139,45,38,0,0,15,0,0,8,6,22,0,11,21,4,0,27
90493725,0,Kaileh57,loss,29,0,696,88835.0,7931.0,0,0,"NE,NW,SW",3,8,14,1,14,0,42,8,136515.0,7167.0,33,14,14,38,0,167,15,8,0,0,0,0,0,8,6,48,0,33,9,16,0,17
90493725,0,Kaileh57,loss,29,23,719,95939.0,7104.0,5,5,"NE,NW,SW",3,0,14,0,14,0,0,8,143403.0,7167.0,33,14,14,38,0,167,15,0,0,0,0,0,0,8,6,48,0,33,9,16,0,17
90493725,1,Yaroslav,win,0,0,0,3000.0,0.0,0,0,NW,1,0,0,0,0,0,0,0,0.0,0.0,0,0,0,0,0,0,0,0,0,0,0,0,0,0,0,0,0,0,0,0,0,0
90493725,1,Yaroslav,win,1,0,24,105.0,-2895.0,0,0,NW,1,19,4,0,6,0,0,0,0.0,0.0,20,2,2,0,19,48,30,7,0,0,0,12,0,2,2,0,0,0,0,0,0,0
90493725,1,Yaroslav,win,2,0,48,14.0,-91.0,0,0,NW,1,19,4,0,6,0,6,0,198.0,198.0,0,4,4,0,0,7,8,7,0,0,0,12,0,2,2,0,0,0,0,0,0,2
90493725,1,Yaroslav,win,3,0,72,175.0,161.0,0,0,NW,1,19,4,0,6,0,5,1,1417.0,1219.0,23,2,4,0,0,52,25,7,0,0,0,12,0,2,2,33,0,0,0,0,0,2
90493725,1,Yaroslav,win,4,0,96,62.0,-113.0,0,0,NW,1,19,5,0,6,0,4,1,2125.0,708.0,8,4,4,0,0,44,71,7,0,0,0,12,0,3,2,10,0,0,0,0,0,4
90493725,1,Yaroslav,win,5,0,120,298.0,236.0,0,0,NW,1,19,5,0,6,0,35,1,2957.0,832.0,33,5,5,7,7,67,9,7,0,0,0,12,0,3,2,8,0,0,0,0,0,6
90493725,1,Yaroslav,win,6,0,144,970.0,672.0,0,0,NW,1,19,6,0,6,0,6,2,3986.0,1029.0,0,4,5,0,0,14,18,7,0,0,0,12,0,4,2,25,0,0,0,0,0,3
90493725,1,Yaroslav,win,7,0,168,1015.0,45.0,0,0,NW,1,19,6,0,6,0,13,2,10113.0,3451.0,24,6,6,2,0,52,17,7,0,0,0,12,0,4,2,10,0,0,0,12,0,5
90493725,1,Yaroslav,win,8,0,192,202.0,-813.0,0,0,"NE,NW",2,27,10,0,12,0,11,2,14646.0,7209.0,28,7,8,0,8,61,26,7,0,0,8,12,0,6,4,50,0,0,0,24,0,5
90493725,1,Yaroslav,win,9,0,216,2792.0,2590.0,0,0,"NE,NW",2,31,10,0,12,0,31,3,21733.0,5839.0,36,10,10,9,11,106,28,7,0,0,12,12,0,6,4,0,0,0,24,0,0,7
90493725,1,Yaroslav,win,10,0,240,2392.0,-400.0,0,0,"NE,NW",2,38,12,0,12,0,10,3,25761.0,5276.0,30,8,10,1,7,93,81,7,0,0,19,12,0,8,4,13,0,0,12,12,0,0
90493725,1,Yaroslav,win,11,0,264,10962.0,8570.0,0,0,"NE,NW",2,28,12,0,12,0,12,3,111128.0,78257.0,25,12,12,12,0,107,22,7,0,0,19,2,0,8,4,44,288,0,9,12,0,0
90493725,1,Yaroslav,win,12,0,288,11702.0,740.0,0,0,"NE,NW,SW",3,58,14,0,14,0,14,4,131301.0,25117.0,58,12,14,4,32,136,45,7,0,0,39,12,0,8,6,77,96,0,18,0,0,9
90493725,1,Yaroslav,win,13,0,312,16984.0,5282.0,0,0,"NE,NW,SW",3,61,14,0,14,0,42,4,143536.0,12284.0,21,14,14,11,10,76,24,7,0,0,42,12,0,8,6,26,12,0,27,16,0,12
90493725,1,Yaroslav,win,14,0,336,18175.0,1191.0,0,0,"NE,NW,SW",3,61,14,0,14,0,14,4,150774.0,6349.0,49,14,14,1,0,103,9,7,0,0,42,12,0,8,6,14,0,0,12,14,0,11
90493725,1,Yaroslav,win,15,0,360,21320.0,3145.0,0,0,"NE,NW,SW",3,61,14,0,14,0,28,5,158109.0,10127.0,15,14,14,3,0,72,11,7,0,0,42,12,0,8,6,46,0,0,18,26,0,9
90493725,1,Yaroslav,win,16,0,384,22771.0,1451.0,0,0,"NE,NW,SW",3,61,14,0,14,0,14,5,168601.0,8064.0,58,14,14,7,0,146,26,7,0,0,42,12,0,8,6,0,0,0,33,6,0,6
90493725,1,Yaroslav,win,17,0,408,27101.0,4330.0,0,0,"NE,NW,SW",3,61,14,0,14,0,42,5,178494.0,12094.0,30,14,14,12,7,89,11,7,0,0,42,12,0,8,6,25,0,0,57,0,0,11
90493725,1,Yaroslav,win,18,0,432,32476.0,5375.0,0,0,"NE,NW,SW",3,61,14,0,14,0,14,6,204524.0,23695.0,47,14,14,13,0,134,20,7,0,0,42,12,0,8,6,14,0,64,60,0,0,2
90493725,1,Yaroslav,win,19,0,456,39238.0,6762.0,0,0,"NE,NW,SW",3,61,14,0,14,0,14,6,228462.0,25838.0,39,14,14,10,0,137,26,7,0,0,42,12,0,8,6,41,0,38,36,72,0,3
90493725,1,Yaroslav,win,20,0,480,46194.0,6956.0,0,0,"NE,NW,SW",3,61,14,0,14,0,14,6,271660.0,39286.0,48,14,14,22,0,129,16,7,0,0,42,12,0,8,6,67,0,114,54,58,0,9
90493725,1,Yaroslav,win,21,0,504,48794.0,2600.0,0,0,"NE,NW,SW",3,61,14,0,14,0,48,7,282498.0,13293.0,56,14,14,14,7,160,19,7,0,0,42,12,0,8,6,23,0,56,12,0,0,0
90493725,1,Yaroslav,win,22,0,528,65651.0,16857.0,0,0,"NE,NW,SW",3,56,14,0,14,0,8,7,355258.0,72505.0,21,14,14,43,0,164,13,7,0,0,42,7,0,8,6,30,138,208,39,36,0,5
90493725,1,Yaroslav,win,23,0,552,68679.0,3028.0,0,0,"NE,NW,SW",3,57,14,0,14,0,14,7,383053.0,22348.0,57,14,14,24,7,166,11,14,0,0,42,1,0,8,6,43,34,51,18,40,0,0
90493725,1,Yaroslav,win,24,0,576,75759.0,7080.0,0,0,"NE,NW,SW",3,56,14,0,14,0,0,8,427942.0,47398.0,22,14,14,49,5,157,21,19,0,0,37,0,0,8,6,0,70,274,63,28,0,0
90493725,1,Yaroslav,win,25,0,600,76960.0,1201.0,0,0,"NE,NW,SW",3,55,14,2,14,0,38,8,438850.0,13972.0,56,14,14,21,12,164,9,24,0,0,31,0,0,8,6,37,18,138,57,12,0,0
90493725,1,Yaroslav,win,26,0,624,79528.0,2568.0,0,0,"NE,NW,SW",3,54,14,0,14,2,12,8,453619.0,15429.0,20,14,14,41,4,165,20,28,0,0,26,0,0,8,6,12,0,144,78,38,0,0
90493725,1,Yaroslav,win,27,0,648,78522.0,-1006.0,0,0,"NE,NW,SW",3,56,14,0,14,2,30,8,462432.0,7301.0,58,14,14,13,12,177,14,33,0,0,23,0,0,8,6,25,0,115,12,16,0,0
90493725,1,Yaroslav,win,28,0,672,83393.0,4871.0,0,0,"NE,NW,SW",3,50,14,0,14,2,22,8,486977.0,22174.0,33,14,14,32,8,153,15,36,0,0,14,0,0,8,6,32,0,115,51,33,0,25
90493725,1,Yaroslav,win,29,0,696,89761.0,6368.0,0,0,"NE,NW,SW",3,9,14,0,14,2,43,8,498695.0,16260.0,32,14,14,37,0,164,17,9,0,0,0,0,0,8,6,51,0,80,39,36,0,16
90493725,1,Yaroslav,win,29,23,719,96925.0,7164.0,6,6,"NE,NW,SW",3,0,14,0,14,2,0,8,511393.0,16260.0,32,14,14,37,0,164,17,0,0,0,0,0,0,8,6,51,0,80,39,36,0,16
90494364,0,Seb (allegedly),win,0,0,0,3000.0,0.0,0,0,NW,1,0,0,0,0,0,0,0,0.0,0.0,0,0,0,0,0,0,0,0,0,0,0,0,0,0,0,0,0,0,0,0,0,0
90494364,0,Seb (allegedly),win,1,0,24,566.0,-2434.0,0,0,NW,1,17,4,0,8,0,4,0,0.0,0.0,17,4,4,0,17,60,58,14,0,0,0,3,0,2,2,0,0,0,0,0,0,0
90494364,0,Seb (allegedly),win,2,0,48,356.0,-210.0,0,0,NW,1,17,5,0,8,0,5,0,398.0,398.0,0,5,5,0,0,30,130,14,0,0,0,3,0,3,2,0,0,0,0,0,0,4
90494364,0,Seb (allegedly),win,3,0,72,658.0,302.0,0,0,NW,1,17,5,0,8,0,5,1,886.0,488.0,17,5,5,0,0,64,83,14,0,0,0,3,0,3,2,0,0,0,0,0,0,5
90494364,0,Seb (allegedly),win,4,0,96,482.0,-176.0,0,0,NW,1,17,6,0,8,0,6,1,1366.0,480.0,14,6,6,0,0,47,101,14,0,0,0,3,0,4,2,0,0,0,0,0,0,5
90494364,0,Seb (allegedly),win,5,0,120,320.0,-162.0,0,0,"NE,NW",2,3,7,0,8,0,27,1,2652.0,970.0,17,7,7,14,0,91,57,0,0,0,0,3,0,5,2,24,0,0,0,0,0,2
90494364,0,Seb (allegedly),win,6,0,144,869.0,549.0,0,0,"NE,NW",2,11,7,0,9,0,7,2,3939.0,1603.0,8,7,7,0,8,86,73,1,0,0,3,7,0,5,2,21,0,0,0,0,0,11
90494364,0,Seb (allegedly),win,7,0,168,1694.0,825.0,0,0,"NE,NW",2,25,8,0,9,0,8,2,7109.0,3170.0,17,8,8,2,14,92,45,1,0,0,11,13,0,6,2,0,0,0,0,12,0,7
90494364,0,Seb (allegedly),win,8,0,192,964.0,-730.0,0,0,"NE,NW",2,36,9,0,9,0,9,2,7801.0,348.0,22,9,9,0,11,104,36,1,0,0,19,16,0,7,2,0,0,0,0,0,0,4
90494364,0,Seb (allegedly),win,9,0,216,933.0,-31.0,0,0,"NE,NW,SW",3,38,10,1,10,0,10,3,10474.0,3017.0,20,9,9,2,2,118,45,1,0,0,19,18,0,8,2,0,0,0,12,0,0,13
90494364,0,Seb (allegedly),win,10,0,240,2076.0,1143.0,0,0,"NE,NW,SW",3,46,10,1,15,0,14,3,13520.0,1888.0,31,10,10,4,9,168,18,0,0,0,28,18,0,8,2,0,0,0,0,8,0,4
90494364,0,Seb (allegedly),win,11,0,264,2326.0,250.0,0,0,"NE,NW,SE,SW",4,46,13,2,15,0,13,3,20031.0,7669.0,21,13,12,5,3,178,18,0,0,0,31,15,0,8,5,1,18,0,12,0,0,14
90494364,0,Seb (allegedly),win,12,0,288,580.0,-1746.0,0,0,"NE,NW,SE,SW",4,61,15,2,19,0,15,4,21170.0,1139.0,43,9,6,2,15,174,13,2,0,0,41,18,0,8,7,0,0,0,3,0,0,10
90494364,0,Seb (allegedly),win,13,0,312,2812.0,2232.0,0,0,"NE,NW,SE,SW",4,61,16,2,19,0,16,4,24835.0,3665.0,23,16,14,4,0,168,36,2,0,0,41,18,0,8,8,0,0,0,6,8,0,17
90494364,0,Seb (allegedly),win,14,0,336,1166.0,-1646.0,0,0,"NE,NW,SE,SW",4,61,17,2,19,0,17,4,25170.0,335.0,48,14,14,2,0,171,17,2,0,0,41,18,0,8,9,0,0,0,0,0,0,5
90494364,0,Seb (allegedly),win,15,0,360,808.0,-358.0,0,0,"NE,NW,SE,SW",4,61,19,3,19,0,19,5,26523.0,1353.0,31,19,18,4,0,170,18,2,0,0,41,18,0,8,11,0,0,0,0,0,0,22
90494364,0,Seb (allegedly),win,16,0,384,3070.0,2262.0,0,0,"NE,NW,SE,SW",4,56,19,3,19,0,19,5,29093.0,2570.0,53,17,15,11,0,165,6,1,0,0,41,14,0,8,11,0,0,0,24,4,0,7
90494364,0,Seb (allegedly),win,17,0,408,16541.0,13471.0,0,0,"NE,NW,SE,SW",4,49,19,4,19,0,19,5,43333.0,11917.0,23,17,12,23,0,180,0,0,0,0,41,8,0,8,11,0,30,8,24,14,0,12
90494364,0,Seb (allegedly),win,18,0,432,27212.0,10671.0,0,0,"NE,NW,SE,SW",4,47,19,4,19,0,19,6,54636.0,13626.0,38,18,8,19,1,173,3,0,0,0,41,6,0,8,11,0,48,16,0,10,0,7
90494364,0,Seb (allegedly),win,19,0,456,37289.0,10077.0,0,0,"NE,NW,SE,SW",4,45,19,4,19,0,19,6,65787.0,11151.0,26,17,13,18,0,168,7,0,0,0,41,4,0,8,11,0,0,27,0,18,0,17
90494364,0,Seb (allegedly),win,20,0,480,46083.0,8794.0,0,0,"NE,NW,SE,SW",4,46,19,4,19,0,19,6,75585.0,9798.0,27,16,11,26,1,179,4,0,0,0,41,5,0,8,11,0,12,19,13,17,0,6
90494364,0,Seb (allegedly),win,21,0,504,51295.0,5212.0,0,0,"NE,NW,SE,SW",4,47,19,4,19,0,19,7,81915.0,6330.0,31,17,17,17,1,164,4,1,0,0,41,5,0,8,11,0,0,22,0,6,0,6
90494364,0,Seb (allegedly),win,22,0,528,68622.0,17327.0,0,0,"NE,NW,SE,SW",4,45,19,4,19,0,19,7,99906.0,14924.0,21,16,15,39,1,173,3,2,0,0,41,2,0,8,11,0,12,47,5,19,0,6
90494364,0,Seb (allegedly),win,23,0,552,75230.0,6608.0,0,0,"NE,NW,SE,SW",4,42,19,7,19,0,19,7,107665.0,9866.0,28,17,15,23,0,171,0,2,0,0,38,2,0,8,11,0,0,42,4,7,0,10
90494364,0,Seb (allegedly),win,24,0,576,85132.0,9902.0,0,0,"NE,NW,SE,SW",4,35,19,15,19,0,19,8,118452.0,9395.0,9,18,18,36,1,171,6,3,0,0,30,2,0,8,11,0,6,22,15,20,0,10
90494364,0,Seb (allegedly),win,25,0,600,87859.0,2727.0,0,0,"NE,NW,SE,SW",4,27,19,23,19,0,20,8,121147.0,4895.0,22,20,20,11,1,156,23,3,0,0,22,2,0,8,11,0,0,36,0,12,0,15
90494364,0,Seb (allegedly),win,26,0,624,94211.0,6352.0,0,0,"NE,NW,SE,SW",4,27,19,23,19,0,19,8,128645.0,6623.0,9,19,19,28,1,157,23,3,0,0,22,2,0,8,11,4,0,24,22,16,0,17
90494364,0,Seb (allegedly),win,27,0,648,97084.0,2873.0,0,0,"NE,NW,SE,SW",4,18,19,32,19,0,19,8,132930.0,5231.0,14,18,18,12,0,142,45,3,0,0,13,2,0,8,11,0,0,25,0,19,0,19
90494364,0,Seb (allegedly),win,28,0,672,102050.0,4966.0,0,0,"NE,NW,SE,SW",4,13,19,35,19,0,19,8,138644.0,5441.0,5,18,18,17,0,160,38,2,0,0,10,1,0,8,11,0,0,14,17,12,0,20
90494364,0,Seb (allegedly),win,29,0,696,105609.0,3559.0,0,0,"NE,NW,SE,SW",4,2,19,45,19,0,21,8,143452.0,5162.0,3,18,17,11,0,131,79,1,0,0,0,1,0,8,11,0,6,6,6,16,0,21
90494364,0,Seb (allegedly),win,29,23,719,110820.0,5211.0,0,0,"NE,NW,SE,SW",4,2,19,45,19,0,0,8,148457.0,5162.0,3,18,17,11,0,131,79,1,0,0,0,1,0,8,11,0,6,6,6,16,0,21
90494364,1,Pranshu Ghori,loss,0,0,0,3000.0,0.0,0,0,NW,1,0,0,0,0,0,0,0,0.0,0.0,0,0,0,0,0,0,0,0,0,0,0,0,0,0,0,0,0,0,0,0,0,0
90494364,1,Pranshu Ghori,loss,1,0,24,105.0,-2895.0,0,0,NW,1,19,4,0,6,0,0,0,0.0,0.0,19,2,2,0,19,33,46,7,0,0,0,12,0,2,2,0,0,0,0,0,0,0
90494364,1,Pranshu Ghori,loss,2,0,48,6.0,-99.0,0,0,NW,1,19,4,0,6,0,6,0,198.0,198.0,0,4,4,0,0,9,6,7,0,0,0,12,0,2,2,0,0,0,0,0,0,2
90494364,1,Pranshu Ghori,loss,3,0,72,166.0,160.0,0,0,NW,1,19,4,0,6,0,5,1,1417.0,1219.0,19,2,4,0,0,33,48,7,0,0,0,12,0,2,2,33,0,0,0,0,0,2
90494364,1,Pranshu Ghori,loss,4,0,96,50.0,-116.0,0,0,NW,1,19,5,0,6,0,4,1,2125.0,708.0,7,4,4,0,0,31,85,7,0,0,0,12,0,3,2,10,0,0,0,0,0,4
90494364,1,Pranshu Ghori,loss,5,0,120,304.0,254.0,0,0,NW,1,19,5,0,6,0,34,1,2954.0,829.0,28,5,5,7,7,52,29,7,0,0,0,12,0,3,2,8,0,0,0,0,0,6
90494364,1,Pranshu Ghori,loss,6,0,144,913.0,609.0,0,0,NW,1,19,6,0,6,0,5,2,3908.0,954.0,0,4,5,0,0,14,18,7,0,0,0,12,0,4,2,25,0,0,0,0,0,3
90494364,1,Pranshu Ghori,loss,7,0,168,974.0,61.0,0,0,NW,1,19,6,0,6,0,12,2,4668.0,760.0,19,6,6,2,0,38,36,7,0,0,0,12,0,4,2,10,0,0,0,0,0,5
90494364,1,Pranshu Ghori,loss,8,0,192,171.0,-803.0,0,0,"NE,NW",2,26,10,0,12,0,9,2,9138.0,4470.0,26,7,8,0,7,54,36,7,0,0,7,12,0,6,4,50,0,0,0,12,0,5
90494364,1,Pranshu Ghori,loss,9,0,216,2251.0,2080.0,0,0,"NE,NW",2,30,10,0,12,0,28,3,12531.0,2511.0,31,10,10,9,11,90,49,7,0,0,11,12,0,6,4,0,0,0,12,0,0,7
90494364,1,Pranshu Ghori,loss,10,0,240,1704.0,-547.0,0,0,"NE,NW",2,38,12,0,12,0,6,3,15509.0,3860.0,27,8,10,1,8,88,108,7,0,0,19,12,0,8,4,14,0,0,12,8,0,0
90494364,1,Pranshu Ghori,loss,11,0,264,9977.0,8273.0,0,0,"NE,NW",2,28,11,1,12,0,11,3,33033.0,17524.0,22,12,12,12,0,115,18,7,0,0,19,2,0,7,4,44,54,0,6,8,0,0
90494364,1,Pranshu Ghori,loss,12,0,288,11683.0,1706.0,0,0,"NE,NW,SW",3,58,13,0,14,0,14,4,46838.0,13805.0,56,12,14,4,32,120,62,7,0,0,39,12,0,7,6,77,42,0,6,0,0,9
90494364,1,Pranshu Ghori,loss,13,0,312,15786.0,4103.0,0,0,"NE,NW,SW",3,61,13,0,14,0,43,4,54941.0,5848.0,20,14,14,11,10,66,35,7,0,0,42,12,0,7,6,26,6,0,15,5,0,12
90494364,1,Pranshu Ghori,loss,14,0,336,16873.0,1087.0,0,0,"NE,NW,SW",3,61,13,0,14,0,16,4,56104.0,3418.0,51,14,14,1,0,104,27,7,0,0,42,12,0,7,6,14,0,0,3,8,0,11
90494364,1,Pranshu Ghori,loss,15,0,360,19440.0,2567.0,0,0,"NE,NW,SW",3,61,13,0,14,0,31,5,63140.0,7036.0,14,14,14,3,0,69,16,7,0,0,42,12,0,7,6,46,0,0,9,16,0,9
90494364,1,Pranshu Ghori,loss,16,0,384,19577.0,137.0,0,0,"NE,NW,SW",3,61,13,0,14,0,18,5,64100.0,846.0,59,14,14,7,0,133,58,7,0,0,42,12,0,7,6,0,0,0,12,0,0,6
90494364,1,Pranshu Ghori,loss,17,0,408,19746.0,169.0,0,0,"NE,NW,SW",3,61,13,0,14,0,47,5,65981.0,1992.0,28,14,14,11,7,93,14,7,0,0,42,12,0,7,6,25,0,0,27,0,0,11
90494364,1,Pranshu Ghori,loss,18,0,432,25212.0,5466.0,0,0,"NE,NW,SW",3,61,13,0,14,0,20,6,71653.0,2165.0,47,14,14,13,0,129,26,7,0,0,42,12,0,7,6,14,0,6,9,0,0,2
90494364,1,Pranshu Ghori,loss,19,0,456,29179.0,3967.0,0,0,"NE,NW,SW",3,61,13,0,14,0,7,6,76310.0,7251.0,36,14,14,10,0,137,68,7,0,0,42,12,0,7,6,0,0,8,27,21,0,6
90494364,1,Pranshu Ghori,loss,20,0,480,35648.0,6469.0,0,0,"NE,NW,SW",3,61,13,0,14,0,22,6,91870.0,15132.0,47,14,14,22,0,139,32,7,0,0,42,12,0,7,6,67,0,14,15,36,0,5
90494364,1,Pranshu Ghori,loss,21,0,504,39138.0,3490.0,0,0,"NE,NW,SW",3,61,13,0,14,0,57,7,98641.0,6607.0,56,14,14,13,7,159,25,7,0,0,42,12,0,7,6,23,0,22,3,3,0,0
90494364,1,Pranshu Ghori,loss,22,0,528,55128.0,15990.0,0,0,"NE,NW,SW",3,56,13,0,14,0,18,7,118953.0,21712.0,21,14,14,32,0,176,20,7,0,0,42,7,0,7,6,30,60,47,18,25,0,2
90494364,1,Pranshu Ghori,loss,23,0,552,56043.0,915.0,0,0,"NE,NW,SW",3,57,13,0,14,0,25,7,124699.0,5425.0,55,14,14,25,7,176,6,14,0,0,42,1,0,7,6,42,0,8,6,7,0,0
90494364,1,Pranshu Ghori,loss,24,0,576,66370.0,10327.0,0,0,"NE,NW,SW",3,57,13,0,14,0,12,8,137921.0,12621.0,22,14,14,39,5,177,34,19,0,0,38,0,0,7,6,0,36,47,18,16,0,1
90494364,1,Pranshu Ghori,loss,25,0,600,68476.0,2106.0,0,0,"NE,NW,SW",3,56,13,2,14,0,51,8,143657.0,5279.0,57,14,14,19,11,163,14,23,0,0,33,0,0,7,6,32,6,35,24,8,0,0
90494364,1,Pranshu Ghori,loss,26,0,624,72140.0,3664.0,0,0,"NE,NW,SW",3,51,13,0,14,0,28,8,148998.0,6828.0,23,14,14,32,5,165,21,28,0,0,23,0,0,7,6,16,6,35,18,16,0,0
90494364,1,Pranshu Ghori,loss,27,0,648,71436.0,-704.0,0,0,"NE,NW,SW",3,61,13,0,14,0,57,8,152262.0,3264.0,60,14,14,11,17,155,36,38,0,0,23,0,0,7,6,28,0,30,6,4,0,0
90494364,1,Pranshu Ghori,loss,28,0,672,75722.0,4286.0,0,0,"NE,NW,SW",3,53,13,0,14,0,42,8,157845.0,5583.0,31,14,14,32,5,139,45,38,0,0,15,0,0,7,6,22,0,11,27,4,0,23
90494364,1,Pranshu Ghori,loss,29,0,696,83888.0,8166.0,0,0,"NE,NW,SW",3,8,13,1,14,0,57,8,166377.0,7798.0,33,14,14,38,0,167,15,8,0,0,0,0,0,7,6,48,0,33,9,16,0,13
90494364,1,Pranshu Ghori,loss,29,23,719,92669.0,8781.0,5,5,"NE,NW,SW",3,0,13,0,14,0,0,8,175123.0,7798.0,33,14,14,38,0,167,15,0,0,0,0,0,0,7,6,48,0,33,9,16,0,13
90494504,0,i3,win,0,0,0,3000.0,0.0,0,0,NW,1,0,0,0,0,0,0,0,0.0,0.0,0,0,0,0,0,0,0,0,0,0,0,0,0,0,0,0,0,0,0,0,0,0
90494504,0,i3,win,1,0,24,105.0,-2895.0,0,0,NW,1,19,4,0,6,0,0,0,0.0,0.0,19,2,2,0,19,33,46,7,0,0,0,12,0,2,2,0,0,0,0,0,0,0
90494504,0,i3,win,2,0,48,14.0,-91.0,0,0,NW,1,19,4,0,6,0,6,0,198.0,198.0,0,4,4,0,0,9,6,7,0,0,0,12,0,2,2,0,0,0,0,0,0,2
90494504,0,i3,win,3,0,72,175.0,161.0,0,0,NW,1,19,4,0,6,0,5,1,1417.0,1219.0,19,2,4,0,0,33,48,7,0,0,0,12,0,2,2,33,0,0,0,0,0,2
90494504,0,i3,win,4,0,96,62.0,-113.0,0,0,NW,1,19,5,0,6,0,4,1,2125.0,708.0,7,4,4,0,0,31,85,7,0,0,0,12,0,3,2,10,0,0,0,0,0,4
90494504,0,i3,win,5,0,120,298.0,236.0,0,0,NW,1,19,5,0,6,0,35,1,2957.0,832.0,28,5,5,7,7,52,29,7,0,0,0,12,0,3,2,8,0,0,0,0,0,6
90494504,0,i3,win,6,0,144,970.0,672.0,0,0,NW,1,19,6,0,6,0,6,2,3986.0,1029.0,0,4,5,0,0,14,18,7,0,0,0,12,0,4,2,25,0,0,0,0,0,3
90494504,0,i3,win,7,0,168,1015.0,45.0,0,0,NW,1,19,6,0,6,0,13,2,4761.0,775.0,19,6,6,2,0,38,36,7,0,0,0,12,0,4,2,10,0,0,0,0,0,5
90494504,0,i3,win,8,0,192,302.0,-713.0,0,0,"NE,NW",2,26,10,0,12,0,11,2,9294.0,4533.0,26,7,8,0,7,54,36,7,0,0,7,12,0,6,4,50,0,0,0,12,0,5
90494504,0,i3,win,9,0,216,2330.0,2028.0,0,0,"NE,NW",2,30,10,0,12,0,34,3,12955.0,2779.0,31,10,10,9,11,90,49,7,0,0,11,12,0,6,4,0,0,0,12,0,0,7
90494504,0,i3,win,10,0,240,1773.0,-557.0,0,0,"NE,NW",2,38,12,0,12,0,12,3,15881.0,3808.0,27,8,10,1,8,88,108,7,0,0,19,12,0,8,4,14,0,0,12,8,0,0
90494504,0,i3,win,11,0,264,10137.0,8364.0,0,0,"NE,NW",2,28,12,0,12,0,14,3,33090.0,17209.0,22,12,12,12,0,115,18,7,0,0,19,2,0,8,4,44,54,0,6,8,0,0
90494504,0,i3,win,12,0,288,10618.0,481.0,0,0,"NE,NW,SW",3,58,14,0,14,0,16,4,44337.0,11247.0,56,12,14,4,32,120,63,7,0,0,39,12,0,8,6,77,42,0,6,0,0,9
90494504,0,i3,win,13,0,312,14934.0,4316.0,0,0,"NE,NW,SW",3,61,14,0,14,0,44,4,52079.0,5910.0,20,14,14,11,10,66,35,7,0,0,42,12,0,8,6,26,6,0,15,8,0,12
90494504,0,i3,win,14,0,336,16104.0,1170.0,0,0,"NE,NW,SW",3,61,14,0,14,0,16,4,53319.0,3072.0,51,14,14,1,0,104,27,7,0,0,42,12,0,8,6,14,0,0,3,8,0,11
90494504,0,i3,win,15,0,360,17405.0,1301.0,0,0,"NE,NW,SW",3,61,14,0,14,0,30,5,58099.0,4780.0,14,14,14,3,0,69,16,7,0,0,42,12,0,8,6,46,0,0,0,18,0,9
90494504,0,i3,win,16,0,384,19307.0,1902.0,0,0,"NE,NW,SW",3,61,14,0,14,0,16,5,61305.0,3072.0,59,14,14,7,0,133,58,7,0,0,42,12,0,8,6,0,0,0,21,0,0,6
90494504,0,i3,win,17,0,408,22227.0,2920.0,0,0,"NE,NW,SW",3,61,14,0,14,0,44,5,67284.0,5936.0,28,14,14,11,7,93,14,7,0,0,42,12,0,8,6,25,0,0,33,16,0,11
90494504,0,i3,win,18,0,432,25663.0,3436.0,0,0,"NE,NW,SW",3,61,14,0,14,0,16,6,71922.0,4485.0,47,14,14,13,0,129,26,7,0,0,42,12,0,8,6,14,0,6,9,22,0,2
90494504,0,i3,win,19,0,456,28727.0,3064.0,0,0,"NE,NW,SW",3,61,14,0,14,0,2,6,75345.0,2821.0,36,14,14,10,0,137,68,7,0,0,42,12,0,8,6,0,0,8,33,0,0,6
90494504,0,i3,win,20,0,480,32486.0,3759.0,0,0,"NE,NW,SW",3,61,14,0,14,0,16,6,83666.0,7873.0,47,14,14,22,0,139,32,7,0,0,42,12,0,8,6,67,0,14,17,18,0,5
90494504,0,i3,win,21,0,504,35901.0,3415.0,0,0,"NE,NW,SW",3,61,14,0,14,0,50,7,91375.0,7398.0,56,14,14,13,7,159,25,7,0,0,42,12,0,8,6,23,0,22,7,28,0,0
90494504,0,i3,win,22,0,528,51950.0,16049.0,0,0,"NE,NW,SW",3,56,14,0,14,0,10,7,113195.0,23454.0,21,14,14,32,0,176,20,7,0,0,42,7,0,8,6,30,60,47,21,33,0,6
90494504,0,i3,win,23,0,552,52508.0,558.0,0,0,"NE,NW,SW",3,57,14,0,14,0,16,7,118421.0,4719.0,55,14,14,25,7,176,6,14,0,0,42,1,0,8,6,42,0,8,6,11,0,0
90494504,0,i3,win,24,0,576,62513.0,10005.0,0,0,"NE,NW,SW",3,57,14,0,14,0,2,8,128911.0,10663.0,22,14,14,39,5,177,34,19,0,0,38,0,0,8,6,0,40,47,21,8,0,1
90494504,0,i3,win,25,0,600,65156.0,2643.0,0,0,"NE,NW,SW",3,56,14,2,14,0,40,8,133738.0,4855.0,57,14,14,19,11,163,14,23,0,0,33,0,0,8,6,32,4,37,31,8,0,0
90494504,0,i3,win,26,0,624,69226.0,4070.0,0,0,"NE,NW,SW",3,51,14,0,14,0,16,8,138272.0,4897.0,23,14,14,32,5,165,21,28,0,0,23,0,0,8,6,16,0,35,21,16,0,0
90494504,0,i3,win,27,0,648,68728.0,-498.0,0,0,"NE,NW,SW",3,61,14,0,14,0,44,8,141334.0,3062.0,60,14,14,11,17,155,36,38,0,0,23,0,0,8,6,28,10,32,6,4,0,0
90494504,0,i3,win,28,0,672,72878.0,4150.0,0,0,"NE,NW,SW",3,53,14,0,14,0,28,8,146148.0,4814.0,31,14,14,32,5,139,45,38,0,0,15,0,0,8,6,22,0,11,30,4,0,27
90494504,0,i3,win,29,0,696,79930.0,7052.0,0,0,"NE,NW,SW",3,8,14,1,14,0,42,8,153557.0,6736.0,33,14,14,38,0,167,15,8,0,0,0,0,0,8,6,48,0,33,9,16,0,17
90494504,0,i3,win,29,23,719,86451.0,6521.0,5,5,"NE,NW,SW",3,0,14,0,14,0,0,8,159708.0,6736.0,33,14,14,38,0,167,15,0,0,0,0,0,0,8,6,48,0,33,9,16,0,17
90494504,1,Anton Shaniuk,loss,0,0,0,3000.0,0.0,0,0,NW,1,0,0,0,0,0,0,0,0.0,0.0,0,0,0,0,0,0,0,0,0,0,0,0,0,0,0,0,0,0,0,0,0,0
90494504,1,Anton Shaniuk,loss,1,0,24,105.0,-2895.0,0,0,NW,1,19,4,0,6,0,0,0,0.0,0.0,20,2,2,0,19,48,30,7,0,0,0,12,0,2,2,0,0,0,0,0,0,0
90494504,1,Anton Shaniuk,loss,2,0,48,14.0,-91.0,0,0,NW,1,19,4,0,6,0,6,0,198.0,198.0,0,4,4,0,0,7,8,7,0,0,0,12,0,2,2,0,0,0,0,0,0,2
90494504,1,Anton Shaniuk,loss,3,0,72,175.0,161.0,0,0,NW,1,19,4,0,6,0,5,1,1417.0,1219.0,23,2,4,0,0,52,25,7,0,0,0,12,0,2,2,33,0,0,0,0,0,2
90494504,1,Anton Shaniuk,loss,4,0,96,62.0,-113.0,0,0,NW,1,19,5,0,6,0,4,1,2125.0,708.0,8,4,4,0,0,44,71,7,0,0,0,12,0,3,2,10,0,0,0,0,0,4
90494504,1,Anton Shaniuk,loss,5,0,120,298.0,236.0,0,0,NW,1,19,5,0,6,0,35,1,2957.0,832.0,33,5,5,7,7,67,9,7,0,0,0,12,0,3,2,8,0,0,0,0,0,6
90494504,1,Anton Shaniuk,loss,6,0,144,970.0,672.0,0,0,NW,1,19,6,0,6,0,6,2,3986.0,1029.0,0,4,5,0,0,14,18,7,0,0,0,12,0,4,2,25,0,0,0,0,0,3
90494504,1,Anton Shaniuk,loss,7,0,168,1015.0,45.0,0,0,NW,1,19,6,0,6,0,13,2,10113.0,3451.0,24,6,6,2,0,52,17,7,0,0,0,12,0,4,2,10,0,0,0,12,0,5
90494504,1,Anton Shaniuk,loss,8,0,192,302.0,-713.0,0,0,"NE,NW",2,26,10,0,12,0,11,2,14646.0,7209.0,26,7,8,0,7,61,29,7,0,0,7,12,0,6,4,50,0,0,0,24,0,5
90494504,1,Anton Shaniuk,loss,9,0,216,2330.0,2028.0,0,0,"NE,NW",2,30,10,0,12,0,34,3,27079.0,10669.0,34,10,10,9,11,109,27,7,0,0,11,12,0,6,4,0,0,0,54,0,0,7
90494504,1,Anton Shaniuk,loss,10,0,240,1781.0,-549.0,0,0,"NE,NW",2,38,12,0,12,0,12,3,33161.0,7846.0,29,8,10,1,8,97,97,7,0,0,19,12,0,8,4,14,0,0,18,24,0,0
90494504,1,Anton Shaniuk,loss,11,0,264,10166.0,8385.0,0,0,"NE,NW",2,28,12,0,12,0,14,3,134987.0,94716.0,25,12,12,12,0,107,23,7,0,0,19,2,0,8,4,44,336,0,18,24,0,0
90494504,1,Anton Shaniuk,loss,12,0,288,10714.0,548.0,0,0,"NE,NW,SW",3,58,14,0,14,0,16,4,156728.0,27141.0,58,12,14,4,32,136,45,7,0,0,39,12,0,8,6,77,108,0,27,0,0,9
90494504,1,Anton Shaniuk,loss,13,0,312,14969.0,4255.0,0,0,"NE,NW,SW",3,61,14,0,14,0,44,4,173597.0,16747.0,21,14,14,11,10,76,24,7,0,0,42,12,0,8,6,26,12,0,45,40,0,12
90494504,1,Anton Shaniuk,loss,14,0,336,16160.0,1191.0,0,0,"NE,NW,SW",3,61,14,0,14,0,16,4,179391.0,5349.0,49,14,14,1,0,103,9,7,0,0,42,12,0,8,6,14,0,0,12,14,0,11
90494504,1,Anton Shaniuk,loss,15,0,360,18472.0,2312.0,0,0,"NE,NW,SW",3,61,14,0,14,0,30,5,188683.0,11569.0,15,14,14,3,0,72,11,7,0,0,42,12,0,8,6,46,0,0,18,48,0,9
90494504,1,Anton Shaniuk,loss,16,0,384,19456.0,984.0,0,0,"NE,NW,SW",3,61,14,0,14,0,16,5,197040.0,6711.0,58,14,14,7,0,146,26,7,0,0,42,12,0,8,6,0,0,0,48,0,0,6
90494504,1,Anton Shaniuk,loss,17,0,408,21436.0,1980.0,0,0,"NE,NW,SW",3,61,14,0,14,0,44,5,204958.0,9387.0,29,14,14,11,7,94,11,7,0,0,42,12,0,8,6,25,0,0,93,0,0,11
90494504,1,Anton Shaniuk,loss,18,0,432,24730.0,3294.0,0,0,"NE,NW,SW",3,61,14,0,14,0,16,6,224693.0,16863.0,48,14,14,13,0,135,19,7,0,0,42,12,0,8,6,14,0,50,54,38,0,2
90494504,1,Anton Shaniuk,loss,19,0,456,27793.0,3063.0,0,0,"NE,NW,SW",3,61,14,0,14,0,2,6,233469.0,9961.0,39,14,14,10,0,147,55,7,0,0,42,12,0,8,6,0,0,32,72,28,0,6
90494504,1,Anton Shaniuk,loss,20,0,480,30816.0,3023.0,0,0,"NE,NW,SW",3,61,14,0,14,0,16,6,270290.0,33610.0,47,14,14,22,0,129,18,7,0,0,42,12,0,8,6,67,0,118,69,112,0,5
90494504,1,Anton Shaniuk,loss,21,0,504,33912.0,3096.0,0,0,"NE,NW,SW",3,61,14,0,14,0,50,7,282649.0,14929.0,56,14,14,14,7,161,19,7,0,0,42,12,0,8,6,23,0,56,12,21,0,0
90494504,1,Anton Shaniuk,loss,22,0,528,50473.0,16561.0,0,0,"NE,NW,SW",3,56,14,0,14,0,10,7,373863.0,90777.0,21,14,14,43,0,164,13,7,0,0,42,7,0,8,6,30,222,208,66,63,0,6
90494504,1,Anton Shaniuk,loss,23,0,552,53639.0,3166.0,0,0,"NE,NW,SW",3,57,14,0,14,0,16,7,407418.0,28937.0,55,14,14,27,7,172,5,14,0,0,42,1,0,8,6,42,54,85,27,35,0,0
90494504,1,Anton Shaniuk,loss,24,0,576,61366.0,7727.0,0,0,"NE,NW,SW",3,57,14,0,14,0,2,8,474695.0,67087.0,25,14,14,47,5,174,23,19,0,0,38,0,0,8,6,0,66,302,105,40,0,1
90494504,1,Anton Shaniuk,loss,25,0,600,65121.0,3755.0,0,0,"NE,NW,SW",3,55,14,2,14,1,40,8,486019.0,16216.0,55,14,14,20,10,153,5,22,0,0,33,0,0,8,6,32,30,97,78,20,0,0
90494504,1,Anton Shaniuk,loss,26,0,624,68590.0,3469.0,0,0,"NE,NW,SW",3,50,14,0,14,1,16,8,516889.0,31948.0,24,14,14,36,5,158,18,27,0,0,23,0,0,8,6,16,6,302,69,44,0,0
90494504,1,Anton Shaniuk,loss,27,0,648,67534.0,-1056.0,0,0,"NE,NW,SW",3,60,14,0,14,1,44,8,521403.0,5164.0,62,14,14,11,17,165,21,37,0,0,23,0,0,8,6,28,0,82,12,12,0,0
90494504,1,Anton Shaniuk,loss,28,0,672,71500.0,3966.0,0,0,"NE,NW,SW",3,52,14,0,14,1,28,8,541064.0,18060.0,35,14,14,37,5,148,26,37,0,0,15,0,0,8,6,22,0,123,117,12,0,27
90494504,1,Anton Shaniuk,loss,29,0,696,78382.0,6882.0,0,0,"NE,NW,SW",3,8,14,1,14,1,38,8,560097.0,20054.0,34,14,14,39,0,160,20,8,0,0,0,0,0,8,6,48,0,82,24,72,0,17
90494504,1,Anton Shaniuk,loss,29,23,719,84605.0,6223.0,5,5,"NE,NW,SW",3,0,14,0,14,1,0,8,571675.0,20054.0,34,14,14,39,0,160,20,0,0,0,0,0,0,8,6,48,0,82,24,72,0,17
90496831,0,Seb (allegedly),win,0,0,0,3000.0,0.0,0,0,NW,1,0,0,0,0,0,0,0,0.0,0.0,0,0,0,0,0,0,0,0,0,0,0,0,0,0,0,0,0,0,0,0,0,0
90496831,0,Seb (allegedly),win,1,0,24,339.0,-2661.0,0,0,NW,1,19,4,0,6,0,4,0,0.0,0.0,19,4,4,0,19,58,36,12,1,0,0,6,0,2,2,0,0,0,0,0,0,0
90496831,0,Seb (allegedly),win,2,0,48,602.0,263.0,0,0,NW,1,19,4,0,6,0,4,0,398.0,398.0,0,4,4,0,0,18,126,12,1,0,0,6,0,2,2,0,0,0,0,0,0,4
90496831,0,Seb (allegedly),win,3,0,72,352.0,-250.0,0,0,NW,1,19,5,0,6,0,5,1,692.0,294.0,19,3,3,0,0,75,36,12,1,0,0,6,0,3,2,0,0,0,0,0,0,3
90496831,0,Seb (allegedly),win,4,0,96,754.0,402.0,0,0,NW,1,18,5,0,6,0,5,1,1269.0,577.0,13,5,5,1,0,76,52,12,0,0,0,6,0,3,2,0,0,0,0,0,0,6
90496831,0,Seb (allegedly),win,5,0,120,185.0,-569.0,0,0,"NE,NW",2,7,6,1,6,0,26,1,2223.0,272.0,19,6,6,12,1,73,28,0,1,0,0,6,0,4,2,2,0,0,0,0,0,1
90496831,0,Seb (allegedly),win,6,0,144,1227.0,1042.0,0,0,"NE,NW",2,13,6,3,10,0,6,2,3540.0,1999.0,6,6,6,0,6,71,47,3,1,0,1,8,0,4,2,39,0,0,0,0,0,10
90496831,0,Seb (allegedly),win,7,0,168,205.0,-1022.0,0,0,"NE,NW,SW",3,29,7,3,10,0,7,2,6552.0,3012.0,23,6,6,2,16,86,53,3,1,0,13,12,0,5,2,0,0,0,0,12,0,6
90496831,0,Seb (allegedly),win,8,0,192,303.0,98.0,0,0,"NE,NW,SW",3,30,7,3,15,0,7,2,7280.0,728.0,15,6,6,1,2,122,32,3,0,0,15,12,0,5,2,0,0,0,0,0,0,7
90496831,0,Seb (allegedly),win,9,0,216,2571.0,2268.0,0,0,"NE,NW,SW",3,38,7,3,15,0,7,3,10485.0,3205.0,33,6,4,2,8,134,68,3,0,0,18,17,0,5,2,0,0,0,12,0,0,7
90496831,0,Seb (allegedly),win,10,0,240,1303.0,-1268.0,0,0,"NE,NW,SW",3,45,11,3,15,0,13,3,12329.0,1760.0,24,11,11,5,10,146,49,0,0,0,27,18,0,7,4,0,0,0,0,8,0,3
90496831,0,Seb (allegedly),win,11,0,264,6583.0,5280.0,0,0,"NE,NW,SE,SW",4,41,13,3,15,0,13,3,23616.0,11371.0,32,11,11,9,2,144,33,0,0,0,29,12,0,9,4,0,30,0,12,0,0,13
90496831,0,Seb (allegedly),win,12,0,288,4670.0,-1913.0,0,0,"NE,NW,SE,SW",4,55,18,3,20,0,18,4,25756.0,1678.0,29,18,17,0,14,157,23,1,0,0,38,16,0,11,7,0,6,0,0,0,0,6
90496831,0,Seb (allegedly),win,13,0,312,8616.0,3946.0,0,0,"NE,NW,SE,SW",4,57,19,3,20,0,19,4,31667.0,6373.0,30,17,17,6,2,151,32,1,0,0,38,18,0,12,7,0,0,0,15,8,0,21
90496831,0,Seb (allegedly),win,14,0,336,8507.0,-109.0,0,0,"NE,NW,SE,SW",4,57,20,3,20,0,20,4,32745.0,880.0,33,21,20,0,0,167,21,1,0,0,38,18,0,13,7,0,0,0,0,0,0,13
90496831,0,Seb (allegedly),win,15,0,360,12325.0,3818.0,0,0,"NE,NW,SE,SW",4,58,20,3,20,0,20,5,37736.0,2819.0,33,19,20,5,1,162,19,1,0,0,38,19,0,13,7,0,0,0,6,0,0,23
90496831,0,Seb (allegedly),win,16,0,384,12053.0,-272.0,0,0,"NE,NW,SE,SW",4,55,20,3,20,0,20,5,38527.0,3161.0,42,20,18,8,0,166,9,0,0,0,38,17,0,13,7,0,0,0,12,0,0,8
90496831,0,Seb (allegedly),win,17,0,408,25809.0,13756.0,0,0,"NE,NW,SE,SW",4,52,20,3,20,0,20,5,52859.0,13593.0,27,16,17,21,1,172,1,1,0,0,38,13,0,13,7,0,24,11,15,19,0,14
90496831,0,Seb (allegedly),win,18,0,432,29630.0,3821.0,0,0,"NE,NW,SE,SW",4,54,20,3,20,0,20,6,58062.0,5942.0,43,20,16,7,2,174,4,1,0,0,38,15,0,13,7,0,3,10,12,0,0,15
90496831,0,Seb (allegedly),win,19,0,456,42711.0,13081.0,0,0,"NE,NW,SE,SW",4,52,20,3,20,0,20,6,71456.0,12832.0,23,18,19,28,1,164,3,1,0,0,38,13,0,13,7,0,15,20,22,22,0,10
90496831,0,Seb (allegedly),win,20,0,480,49828.0,7117.0,0,0,"NE,NW,SE,SW",4,50,20,3,20,0,20,6,79547.0,8653.0,43,16,12,21,1,166,0,1,0,0,38,11,0,13,7,0,12,17,15,0,0,14
90496831,0,Seb (allegedly),win,21,0,504,60791.0,10963.0,0,0,"NE,NW,SE,SW",4,49,20,3,20,0,24,7,91108.0,11561.0,24,17,14,28,0,171,0,0,0,0,38,11,0,13,7,0,18,30,21,6,0,7
90496831,0,Seb (allegedly),win,22,0,528,69996.0,9205.0,0,0,"NE,NW,SE,SW",4,46,20,4,20,0,20,7,100933.0,9825.0,35,16,12,34,1,161,1,1,0,0,38,7,0,13,7,1,12,35,10,10,0,9
90496831,0,Seb (allegedly),win,23,0,552,77583.0,7587.0,0,0,"NE,NW,SE,SW",4,44,20,5,20,0,20,7,109763.0,6779.0,24,19,13,26,0,172,3,1,0,0,37,6,0,13,7,0,12,19,21,11,0,11
90496831,0,Seb (allegedly),win,24,0,576,87268.0,9685.0,0,0,"NE,NW,SE,SW",4,31,20,17,20,0,20,8,120151.0,12079.0,13,19,16,29,0,156,16,1,0,0,25,5,0,13,7,0,6,53,28,0,0,21
90496831,0,Seb (allegedly),win,25,0,600,88674.0,1406.0,0,0,"NE,NW,SE,SW",4,28,20,19,20,0,20,8,122434.0,2643.0,22,19,18,16,0,157,17,1,0,0,23,4,0,13,7,0,0,14,11,5,0,12
90496831,0,Seb (allegedly),win,26,0,624,92253.0,3579.0,0,0,"NE,NW,SE,SW",4,24,20,22,20,0,21,8,126735.0,4154.0,8,21,20,25,0,157,28,0,0,0,20,4,0,13,7,0,7,28,19,4,0,17
90496831,0,Seb (allegedly),win,27,0,648,93736.0,1483.0,0,0,"NE,NW,SE,SW",4,16,20,31,20,0,20,8,129628.0,2956.0,14,20,20,15,1,151,36,1,0,0,11,4,0,13,7,0,0,18,20,2,0,19
90496831,0,Seb (allegedly),win,28,0,672,97652.0,3916.0,0,0,"NE,NW,SE,SW",4,12,20,33,20,0,20,8,134659.0,5115.0,4,20,19,20,0,138,53,1,0,0,9,2,0,13,7,0,0,16,14,18,0,17
90496831,0,Seb (allegedly),win,29,0,696,98548.0,896.0,0,0,"NE,NW,SE,SW",4,2,20,42,20,0,20,8,136828.0,2169.0,3,19,20,9,0,101,99,1,0,0,0,1,0,13,7,0,2,2,21,4,0,28
90496831,0,Seb (allegedly),win,29,23,719,102432.0,3884.0,0,0,"NE,NW,SE,SW",4,2,20,42,20,0,0,8,140184.0,2169.0,3,19,20,9,0,101,99,1,0,0,0,1,0,13,7,0,2,2,21,4,0,28
90496831,1,Yaroslav,loss,0,0,0,3000.0,0.0,0,0,NW,1,0,0,0,0,0,0,0,0.0,0.0,0,0,0,0,0,0,0,0,0,0,0,0,0,0,0,0,0,0,0,0,0,0
90496831,1,Yaroslav,loss,1,0,24,105.0,-2895.0,0,0,NW,1,19,4,0,6,0,0,0,0.0,0.0,20,2,2,0,19,48,30,7,0,0,0,12,0,2,2,0,0,0,0,0,0,0
90496831,1,Yaroslav,loss,2,0,48,6.0,-99.0,0,0,NW,1,19,4,0,6,0,6,0,198.0,198.0,0,4,4,0,0,7,8,7,0,0,0,12,0,2,2,0,0,0,0,0,0,2
90496831,1,Yaroslav,loss,3,0,72,168.0,162.0,0,0,NW,1,19,4,0,6,0,5,1,1417.0,1219.0,23,2,4,0,0,52,25,7,0,0,0,12,0,2,2,33,0,0,0,0,0,2
90496831,1,Yaroslav,loss,4,0,96,53.0,-115.0,0,0,NW,1,19,5,0,6,0,4,1,2125.0,708.0,8,4,4,0,0,44,71,7,0,0,0,12,0,3,2,10,0,0,0,0,0,4
90496831,1,Yaroslav,loss,5,0,120,319.0,266.0,0,0,NW,1,19,5,0,6,0,34,1,2954.0,829.0,33,5,5,7,7,67,9,7,0,0,0,12,0,3,2,8,0,0,0,0,0,6
90496831,1,Yaroslav,loss,6,0,144,881.0,562.0,0,0,NW,1,19,6,0,6,0,5,2,3808.0,854.0,0,4,5,0,0,14,18,7,0,0,0,12,0,4,2,25,0,0,0,0,0,3
90496831,1,Yaroslav,loss,7,0,168,985.0,104.0,0,0,NW,1,19,6,0,6,0,12,2,9568.0,3252.0,24,6,6,2,0,52,17,7,0,0,0,12,0,4,2,10,0,0,0,12,0,5
90496831,1,Yaroslav,loss,8,0,192,161.0,-824.0,0,0,"NE,NW",2,26,10,0,12,0,10,2,13940.0,6880.0,28,7,8,0,8,61,26,7,0,0,7,12,0,6,4,50,0,0,0,24,0,5
90496831,1,Yaroslav,loss,9,0,216,2724.0,2563.0,0,0,"NE,NW",2,30,10,0,12,0,29,3,20898.0,5710.0,36,10,10,9,11,106,28,7,0,0,11,12,0,6,4,0,0,0,24,0,0,7
90496831,1,Yaroslav,loss,10,0,240,2293.0,-431.0,0,0,"NE,NW",2,37,12,0,12,0,8,3,24922.0,5272.0,30,8,10,1,7,93,81,7,0,0,18,12,0,8,4,13,0,0,12,12,0,0
90496831,1,Yaroslav,loss,11,0,264,10815.0,8522.0,0,0,"NE,NW",2,27,12,0,12,0,11,3,109911.0,77879.0,25,12,12,12,0,107,22,7,0,0,18,2,0,8,4,44,288,0,9,12,0,0
90496831,1,Yaroslav,loss,12,0,288,12215.0,1400.0,0,0,"NE,NW,SW",3,57,14,0,14,0,14,4,133265.0,27938.0,58,12,14,4,32,136,45,7,0,0,38,12,0,8,6,77,96,0,18,0,0,9
90496831,1,Yaroslav,loss,13,0,312,17362.0,5147.0,0,0,"NE,NW,SW",3,60,14,0,14,0,42,4,146052.0,13119.0,21,14,14,11,10,76,24,7,0,0,41,12,0,8,6,26,12,0,27,16,0,12
90496831,1,Yaroslav,loss,14,0,336,18477.0,1115.0,0,0,"NE,NW,SW",3,60,14,0,14,0,14,4,153528.0,6511.0,49,14,14,1,0,103,9,7,0,0,41,12,0,8,6,14,0,0,12,14,0,11
90496831,1,Yaroslav,loss,15,0,360,21867.0,3390.0,0,0,"NE,NW,SW",3,60,14,0,14,0,28,5,161846.0,11143.0,15,14,14,3,0,72,11,7,0,0,41,12,0,8,6,46,0,0,18,26,0,9
90496831,1,Yaroslav,loss,16,0,384,23330.0,1463.0,0,0,"NE,NW,SW",3,60,14,0,14,0,14,5,173259.0,8897.0,58,14,14,7,0,146,26,7,0,0,41,12,0,8,6,0,0,0,33,6,0,6
90496831,1,Yaroslav,loss,17,0,408,28438.0,5108.0,0,0,"NE,NW,SW",3,60,14,0,14,0,42,5,185409.0,14358.0,30,14,14,12,7,89,11,7,0,0,41,12,0,8,6,25,0,0,57,0,0,11
90496831,1,Yaroslav,loss,18,0,432,34500.0,6062.0,0,0,"NE,NW,SW",3,60,14,0,14,0,14,6,215732.0,27410.0,47,14,14,13,0,134,20,7,0,0,41,12,0,8,6,14,0,64,60,0,0,2
90496831,1,Yaroslav,loss,19,0,456,38975.0,4475.0,0,0,"NE,NW,SW",3,60,14,0,14,0,14,6,230306.0,17281.0,39,14,14,10,0,137,26,7,0,0,41,12,0,8,6,41,0,38,36,72,0,3
90496831,1,Yaroslav,loss,20,0,480,43472.0,4497.0,0,0,"NE,NW,SW",3,60,14,0,14,0,14,6,271214.0,36680.0,48,14,14,22,0,129,16,7,0,0,41,12,0,8,6,67,0,114,54,58,0,9
90496831,1,Yaroslav,loss,21,0,504,46356.0,2884.0,0,0,"NE,NW,SW",3,60,14,0,14,0,48,7,283306.0,14323.0,56,14,14,14,7,160,19,7,0,0,41,12,0,8,6,23,0,56,12,0,0,0
90496831,1,Yaroslav,loss,22,0,528,60249.0,13893.0,0,0,"NE,NW,SW",3,55,14,0,14,0,8,7,343895.0,60128.0,21,14,14,43,0,164,13,7,0,0,41,7,0,8,6,30,138,208,39,36,0,5
90496831,1,Yaroslav,loss,23,0,552,61952.0,1703.0,0,0,"NE,NW,SW",3,56,14,0,14,0,14,7,359568.0,14206.0,57,14,14,24,7,166,11,14,0,0,41,1,0,8,6,43,34,51,18,40,0,0
90496831,1,Yaroslav,loss,24,0,576,66638.0,4686.0,0,0,"NE,NW,SW",3,55,14,0,14,0,0,8,404137.0,43510.0,22,14,14,49,5,157,21,19,0,0,36,0,0,8,6,0,70,274,63,28,0,0
90496831,1,Yaroslav,loss,25,0,600,68837.0,2199.0,0,0,"NE,NW,SW",3,55,14,1,14,0,38,8,417713.0,16870.0,56,14,14,21,12,164,9,24,0,0,31,0,0,8,6,37,18,138,57,12,0,0
90496831,1,Yaroslav,loss,26,0,624,72280.0,3443.0,0,0,"NE,NW,SW",3,54,14,0,14,2,12,8,434352.0,18041.0,20,14,14,41,4,165,20,28,0,0,26,0,0,8,6,12,0,144,78,38,0,0
90496831,1,Yaroslav,loss,27,0,648,71310.0,-970.0,0,0,"NE,NW,SW",3,56,14,0,14,2,30,8,442952.0,6602.0,58,14,14,13,12,177,14,33,0,0,23,0,0,8,6,25,0,115,12,16,0,0
90496831,1,Yaroslav,loss,28,0,672,75227.0,3917.0,0,0,"NE,NW,SW",3,50,14,1,14,2,22,8,464600.0,19778.0,33,14,14,32,8,153,15,36,0,0,14,0,0,8,6,32,0,115,51,33,0,25
90496831,1,Yaroslav,loss,29,0,696,81015.0,5788.0,0,0,"NE,NW,SW",3,9,14,2,14,2,43,8,475890.0,15225.0,32,14,14,37,0,164,17,9,0,0,0,0,0,8,6,51,0,80,39,36,0,16
90496831,1,Yaroslav,loss,29,23,719,87572.0,6557.0,6,6,"NE,NW,SW",3,0,14,2,14,2,0,8,487359.0,15225.0,32,14,14,37,0,164,17,0,0,0,0,0,0,8,6,51,0,80,39,36,0,16
90497546,0,Anton Shaniuk,win,0,0,0,3000.0,0.0,0,0,NW,1,0,0,0,0,0,0,0,0.0,0.0,0,0,0,0,0,0,0,0,0,0,0,0,0,0,0,0,0,0,0,0,0,0
90497546,0,Anton Shaniuk,win,1,0,24,105.0,-2895.0,0,0,NW,1,19,4,0,6,0,0,0,0.0,0.0,20,2,2,0,19,48,30,7,0,0,0,12,0,2,2,0,0,0,0,0,0,0
90497546,0,Anton Shaniuk,win,2,0,48,14.0,-91.0,0,0,NW,1,19,4,0,6,0,6,0,198.0,198.0,0,4,4,0,0,7,8,7,0,0,0,12,0,2,2,0,0,0,0,0,0,2
90497546,0,Anton Shaniuk,win,3,0,72,175.0,161.0,0,0,NW,1,19,4,0,6,0,5,1,1417.0,1219.0,23,2,4,0,0,52,25,7,0,0,0,12,0,2,2,33,0,0,0,0,0,2
90497546,0,Anton Shaniuk,win,4,0,96,61.0,-114.0,0,0,NW,1,19,5,0,6,0,4,1,2115.0,698.0,8,4,4,0,0,44,71,7,0,0,0,12,0,3,2,10,0,0,0,0,0,4
90497546,0,Anton Shaniuk,win,5,0,120,301.0,240.0,0,0,NW,1,19,5,0,6,0,35,1,2947.0,832.0,33,5,5,7,7,67,9,7,0,0,0,12,0,3,2,8,0,0,0,0,0,6
90497546,0,Anton Shaniuk,win,6,0,144,947.0,646.0,0,0,NW,1,19,6,0,6,0,6,2,3926.0,979.0,0,4,5,0,0,14,18,7,0,0,0,12,0,4,2,25,0,0,0,0,0,3
90497546,0,Anton Shaniuk,win,7,0,168,1015.0,68.0,0,0,NW,1,19,6,0,6,0,13,2,10043.0,3441.0,24,6,6,2,0,52,17,7,0,0,0,12,0,4,2,10,0,0,0,12,0,5
90497546,0,Anton Shaniuk,win,8,0,192,305.0,-710.0,0,0,"NE,NW",2,26,10,0,12,0,11,2,14477.0,7110.0,26,7,8,0,7,61,29,7,0,0,7,12,0,6,4,50,0,0,0,24,0,5
90497546,0,Anton Shaniuk,win,9,0,216,2799.0,2494.0,0,0,"NE,NW",2,30,10,0,12,0,34,3,29382.0,12409.0,34,10,10,9,11,109,27,7,0,0,11,12,0,6,4,0,0,0,54,0,0,7
90497546,0,Anton Shaniuk,win,10,0,240,2223.0,-576.0,0,0,"NE,NW",2,38,12,0,12,0,12,3,35790.0,8904.0,29,8,10,1,8,97,97,7,0,0,19,12,0,8,4,14,0,0,18,24,0,0
90497546,0,Anton Shaniuk,win,11,0,264,10813.0,8590.0,0,0,"NE,NW",2,28,12,0,12,0,14,3,138696.0,95796.0,25,12,12,12,0,107,23,7,0,0,19,2,0,8,4,44,336,0,18,24,0,0
90497546,0,Anton Shaniuk,win,12,0,288,11558.0,745.0,0,0,"NE,NW,SW",3,58,14,0,14,0,16,4,162704.0,28952.0,58,12,14,4,32,136,45,7,0,0,39,12,0,8,6,77,108,0,27,0,0,9
90497546,0,Anton Shaniuk,win,13,0,312,16917.0,5359.0,0,0,"NE,NW,SW",3,61,14,0,14,0,44,4,183379.0,20709.0,21,14,14,11,10,76,24,7,0,0,42,12,0,8,6,26,12,0,45,40,0,12
90497546,0,Anton Shaniuk,win,14,0,336,18082.0,1165.0,0,0,"NE,NW,SW",3,61,14,0,14,0,16,4,190747.0,6422.0,49,14,14,1,0,103,9,7,0,0,42,12,0,8,6,14,0,0,12,14,0,11
90497546,0,Anton Shaniuk,win,15,0,360,21309.0,3227.0,0,0,"NE,NW,SW",3,61,14,0,14,0,30,5,200784.0,13115.0,15,14,14,3,0,72,11,7,0,0,42,12,0,8,6,46,0,0,18,48,0,9
90497546,0,Anton Shaniuk,win,16,0,384,22844.0,1535.0,0,0,"NE,NW,SW",3,61,14,0,14,0,16,5,214892.0,11274.0,58,14,14,7,0,146,26,7,0,0,42,12,0,8,6,0,0,0,48,0,0,6
90497546,0,Anton Shaniuk,win,17,0,408,27831.0,4987.0,0,0,"NE,NW,SW",3,61,14,0,14,0,44,5,234061.0,21394.0,29,14,14,11,7,94,11,7,0,0,42,12,0,8,6,25,0,0,93,0,0,11
90497546,0,Anton Shaniuk,win,18,0,432,32327.0,4496.0,0,0,"NE,NW,SW",3,61,14,0,14,0,16,6,263488.0,23921.0,48,14,14,13,0,135,19,7,0,0,42,12,0,8,6,14,0,50,54,38,0,2
90497546,0,Anton Shaniuk,win,19,0,456,38564.0,6237.0,0,0,"NE,NW,SW",3,61,14,0,14,0,2,6,279581.0,20360.0,39,14,14,10,0,147,55,7,0,0,42,12,0,8,6,0,0,32,72,28,0,6
90497546,0,Anton Shaniuk,win,20,0,480,43402.0,4838.0,0,0,"NE,NW,SW",3,61,14,0,14,0,16,6,327200.0,44090.0,47,14,14,22,0,129,18,7,0,0,42,12,0,8,6,67,0,118,69,112,0,5
90497546,0,Anton Shaniuk,win,21,0,504,47003.0,3601.0,0,0,"NE,NW,SW",3,61,14,0,14,0,50,7,342191.0,17089.0,56,14,14,14,7,161,19,7,0,0,42,12,0,8,6,23,0,56,12,21,0,0
90497546,0,Anton Shaniuk,win,22,0,528,66040.0,19037.0,0,0,"NE,NW,SW",3,56,14,0,14,0,10,7,443276.0,100712.0,21,14,14,43,0,164,13,7,0,0,42,7,0,8,6,30,222,208,66,63,0,6
90497546,0,Anton Shaniuk,win,23,0,552,70089.0,4049.0,0,0,"NE,NW,SW",3,57,14,0,14,0,16,7,482362.0,33366.0,55,14,14,27,7,172,5,14,0,0,42,1,0,8,6,42,54,85,27,35,0,0
90497546,0,Anton Shaniuk,win,24,0,576,80289.0,10200.0,0,0,"NE,NW,SW",3,57,14,0,14,0,2,8,566296.0,82100.0,25,14,14,47,5,174,23,19,0,0,38,0,0,8,6,0,66,302,105,40,0,1
90497546,0,Anton Shaniuk,win,25,0,600,85944.0,5655.0,0,0,"NE,NW,SW",3,55,14,2,14,1,40,8,582785.0,24770.0,55,14,14,20,10,153,5,22,0,0,33,0,0,8,6,32,30,97,78,20,0,0
90497546,0,Anton Shaniuk,win,26,0,624,89740.0,3796.0,0,0,"NE,NW,SW",3,50,14,0,14,1,16,8,613787.0,32353.0,24,14,14,36,5,158,18,27,0,0,23,0,0,8,6,16,6,302,69,44,0,0
90497546,0,Anton Shaniuk,win,27,0,648,89862.0,122.0,0,0,"NE,NW,SW",3,60,14,0,14,1,44,8,620537.0,6114.0,62,14,14,11,17,165,21,37,0,0,23,0,0,8,6,28,0,82,12,12,0,0
90497546,0,Anton Shaniuk,win,28,0,672,96449.0,6587.0,0,0,"NE,NW,SW",3,52,14,0,14,1,28,8,660206.0,37284.0,35,14,14,37,5,148,26,37,0,0,15,0,0,8,6,22,0,123,117,12,0,27
90497546,0,Anton Shaniuk,win,29,0,696,105314.0,8865.0,0,0,"NE,NW,SW",3,8,14,1,14,1,38,8,683121.0,25266.0,34,14,14,39,0,160,20,8,0,0,0,0,0,8,6,48,0,82,24,72,0,17
90497546,0,Anton Shaniuk,win,29,23,719,114599.0,9285.0,5,5,"NE,NW,SW",3,0,14,0,14,1,0,8,705020.0,25266.0,34,14,14,39,0,160,20,0,0,0,0,0,0,8,6,48,0,82,24,72,0,17
90497546,1,lucaskna,loss,0,0,0,3000.0,0.0,0,0,NW,1,0,0,0,0,0,0,0,0.0,0.0,0,0,0,0,0,0,0,0,0,0,0,0,0,0,0,0,0,0,0,0,0,0
90497546,1,lucaskna,loss,1,0,24,105.0,-2895.0,0,0,NW,1,19,4,0,6,0,0,0,0.0,0.0,19,2,2,0,19,33,46,7,0,0,0,12,0,2,2,0,0,0,0,0,0,0
90497546,1,lucaskna,loss,2,0,48,14.0,-91.0,0,0,NW,1,19,4,0,6,0,6,0,198.0,198.0,0,4,4,0,0,9,6,7,0,0,0,12,0,2,2,0,0,0,0,0,0,2
90497546,1,lucaskna,loss,3,0,72,175.0,161.0,0,0,NW,1,19,4,0,6,0,5,1,1417.0,1219.0,19,2,4,0,0,33,48,7,0,0,0,12,0,2,2,33,0,0,0,0,0,2
90497546,1,lucaskna,loss,4,0,96,61.0,-114.0,0,0,NW,1,19,5,0,6,0,4,1,2115.0,698.0,7,4,4,0,0,31,85,7,0,0,0,12,0,3,2,10,0,0,0,0,0,4
90497546,1,lucaskna,loss,5,0,120,301.0,240.0,0,0,NW,1,19,5,0,6,0,35,1,2947.0,832.0,28,5,5,7,7,52,29,7,0,0,0,12,0,3,2,8,0,0,0,0,0,6
90497546,1,lucaskna,loss,6,0,144,947.0,646.0,0,0,NW,1,19,6,0,6,0,6,2,3926.0,979.0,0,4,5,0,0,14,18,7,0,0,0,12,0,4,2,25,0,0,0,0,0,3
90497546,1,lucaskna,loss,7,0,168,1015.0,68.0,0,0,NW,1,19,6,0,6,0,13,2,4691.0,765.0,19,6,6,2,0,38,36,7,0,0,0,12,0,4,2,10,0,0,0,0,0,5
90497546,1,lucaskna,loss,8,0,192,305.0,-710.0,0,0,"NE,NW",2,26,10,0,12,0,11,2,9125.0,4434.0,26,7,8,0,7,54,36,7,0,0,7,12,0,6,4,50,0,0,0,12,0,5
90497546,1,lucaskna,loss,9,0,216,2595.0,2290.0,0,0,"NE,NW",2,30,10,0,12,0,40,3,12276.0,1903.0,31,10,10,9,11,90,49,7,0,0,11,12,0,6,4,0,0,0,6,0,0,7
90497546,1,lucaskna,loss,10,0,240,2019.0,-576.0,0,0,"NE,NW",2,38,12,0,12,0,18,3,13506.0,2478.0,27,8,10,1,8,88,108,7,0,0,19,12,0,8,4,14,0,0,6,4,0,0
90497546,1,lucaskna,loss,11,0,264,10587.0,8568.0,0,0,"NE,NW",2,28,12,0,12,0,20,3,23816.0,10310.0,22,12,12,12,0,115,18,7,0,0,19,2,0,8,4,44,30,0,3,4,0,0
90497546,1,lucaskna,loss,12,0,288,11338.0,751.0,0,0,"NE,NW,SW",3,58,14,0,14,0,22,4,33862.0,10046.0,56,12,14,4,32,120,63,7,0,0,39,12,0,8,6,77,36,0,3,0,0,9
90497546,1,lucaskna,loss,13,0,312,16620.0,5282.0,0,0,"NE,NW,SW",3,61,14,0,14,0,52,4,40627.0,6611.0,20,14,14,11,10,66,35,7,0,0,42,12,0,8,6,26,6,0,12,8,0,12
90497546,1,lucaskna,loss,14,0,336,17766.0,1146.0,0,0,"NE,NW,SW",3,61,14,0,14,0,24,4,41839.0,1366.0,51,14,14,1,0,104,27,7,0,0,42,12,0,8,6,14,0,0,0,0,0,11
90497546,1,lucaskna,loss,15,0,360,21048.0,3282.0,0,0,"NE,NW,SW",3,61,14,0,14,0,38,5,47820.0,5981.0,14,14,14,3,0,69,16,7,0,0,42,12,0,8,6,46,0,0,9,12,0,9
90497546,1,lucaskna,loss,16,0,384,22351.0,1303.0,0,0,"NE,NW,SW",3,61,14,0,14,0,24,5,49712.0,1758.0,59,14,14,7,0,133,58,7,0,0,42,12,0,8,6,0,0,0,6,0,0,6
90497546,1,lucaskna,loss,17,0,408,27311.0,4960.0,0,0,"NE,NW,SW",3,61,14,0,14,0,52,5,56380.0,6802.0,28,14,14,11,7,93,14,7,0,0,42,12,0,8,6,25,0,0,24,0,0,11
90497546,1,lucaskna,loss,18,0,432,32993.0,5682.0,0,0,"NE,NW,SW",3,61,14,0,14,0,24,6,61575.0,3989.0,47,14,14,13,0,129,26,7,0,0,42,12,0,8,6,14,0,6,3,16,0,2
90497546,1,lucaskna,loss,19,0,456,39418.0,6425.0,0,0,"NE,NW,SW",3,61,14,0,14,0,10,6,68223.0,6930.0,36,14,14,10,0,137,68,7,0,0,42,12,0,8,6,0,0,8,27,8,0,6
90497546,1,lucaskna,loss,20,0,480,44717.0,5299.0,0,0,"NE,NW,SW",3,61,14,0,14,0,24,6,77798.0,9142.0,47,14,14,22,0,139,32,7,0,0,42,12,0,8,6,67,0,14,12,19,0,5
90497546,1,lucaskna,loss,21,0,504,47978.0,3261.0,0,0,"NE,NW,SW",3,61,14,0,14,0,58,7,84256.0,6315.0,56,14,14,13,7,159,25,7,0,0,42,12,0,8,6,23,0,22,3,1,0,0
90497546,1,lucaskna,loss,22,0,528,65753.0,17775.0,0,0,"NE,NW,SW",3,56,14,0,14,0,18,7,100852.0,18096.0,21,14,14,32,0,176,20,7,0,0,42,7,0,8,6,30,30,47,15,12,0,6
90497546,1,lucaskna,loss,23,0,552,67275.0,1522.0,0,0,"NE,NW,SW",3,57,14,0,14,0,24,7,106250.0,4372.0,55,14,14,25,7,176,6,14,0,0,42,1,0,8,6,42,0,8,3,4,0,0
90497546,1,lucaskna,loss,24,0,576,79509.0,12234.0,0,0,"NE,NW,SW",3,57,14,0,14,0,10,8,118846.0,13174.0,22,14,14,39,5,177,34,19,0,0,38,0,0,8,6,0,36,47,18,8,0,1
90497546,1,lucaskna,loss,25,0,600,84175.0,4666.0,0,0,"NE,NW,SW",3,56,14,2,14,0,48,8,124804.0,6100.0,57,14,14,19,11,163,14,23,0,0,33,0,0,8,6,32,6,37,21,8,0,0
90497546,1,lucaskna,loss,26,0,624,88624.0,4449.0,0,0,"NE,NW,SW",3,51,14,0,14,0,24,8,129010.0,4512.0,23,14,14,32,5,165,21,28,0,0,23,0,0,8,6,16,0,35,9,12,0,0
90497546,1,lucaskna,loss,27,0,648,88230.0,-394.0,0,0,"NE,NW,SW",3,61,14,0,14,0,52,8,132390.0,3380.0,60,14,14,11,17,155,36,38,0,0,23,0,0,8,6,28,0,32,6,4,0,0
90497546,1,lucaskna,loss,28,0,672,95421.0,7191.0,0,0,"NE,NW,SW",3,53,14,0,14,0,38,8,140025.0,7635.0,31,14,14,32,5,139,45,38,0,0,15,0,0,8,6,22,0,11,21,4,0,27
90497546,1,lucaskna,loss,29,0,696,104221.0,8800.0,0,0,"NE,NW,SW",3,8,14,1,14,0,52,8,148720.0,8028.0,33,14,14,38,0,167,15,8,0,0,0,0,0,8,6,48,0,33,9,16,0,17
90497546,1,lucaskna,loss,29,23,719,114217.0,9996.0,5,5,"NE,NW,SW",3,0,14,0,14,0,0,8,158332.0,8028.0,33,14,14,38,0,167,15,0,0,0,0,0,0,8,6,48,0,33,9,16,0,17
90497592,0,Seb (allegedly),win,0,0,0,3000.0,0.0,0,0,NW,1,0,0,0,0,0,0,0,0.0,0.0,0,0,0,0,0,0,0,0,0,0,0,0,0,0,0,0,0,0,0,0,0,0
90497592,0,Seb (allegedly),win,1,0,24,566.0,-2434.0,0,0,NW,1,17,4,0,8,0,4,0,0.0,0.0,17,4,4,0,17,60,58,14,0,0,0,3,0,2,2,0,0,0,0,0,0,0
90497592,0,Seb (allegedly),win,2,0,48,356.0,-210.0,0,0,NW,1,17,5,0,8,0,5,0,398.0,398.0,0,5,5,0,0,30,130,14,0,0,0,3,0,3,2,0,0,0,0,0,0,4
90497592,0,Seb (allegedly),win,3,0,72,658.0,302.0,0,0,NW,1,17,5,0,8,0,5,1,886.0,488.0,17,5,5,0,0,64,83,14,0,0,0,3,0,3,2,0,0,0,0,0,0,5
90497592,0,Seb (allegedly),win,4,0,96,482.0,-176.0,0,0,NW,1,17,6,0,8,0,6,1,1366.0,480.0,14,6,6,0,0,47,101,14,0,0,0,3,0,4,2,0,0,0,0,0,0,5
90497592,0,Seb (allegedly),win,5,0,120,1097.0,615.0,0,0,"NE,NW",2,3,7,0,8,0,7,1,3410.0,1391.0,17,7,7,14,0,88,37,0,0,0,0,3,0,5,2,29,0,0,0,0,0,5
90497592,0,Seb (allegedly),win,6,0,144,25.0,-1072.0,0,0,"NE,NW",2,16,7,0,10,0,7,2,4051.0,1294.0,12,4,2,0,13,100,55,1,0,0,10,5,0,5,2,20,0,0,0,0,0,8
90497592,0,Seb (allegedly),win,7,0,168,1236.0,1211.0,0,0,"NE,NW,SW",3,21,7,0,10,0,7,2,7460.0,3231.0,9,7,8,2,5,77,41,1,0,0,10,10,0,5,2,0,0,0,0,12,0,5
90497592,0,Seb (allegedly),win,8,0,192,276.0,-960.0,0,0,"NE,NW,SW",3,32,7,0,15,0,7,2,8066.0,440.0,27,4,4,0,11,131,30,1,0,0,21,10,0,5,2,0,0,0,0,0,0,5
90497592,0,Seb (allegedly),win,9,0,216,2269.0,1993.0,0,0,"NE,NW,SW",3,41,7,0,15,0,7,3,10680.0,1908.0,17,7,7,2,9,118,55,2,0,0,24,15,0,5,2,0,0,0,6,0,0,9
90497592,0,Seb (allegedly),win,10,0,240,2222.0,-47.0,0,0,"NE,NW,SW",3,50,9,0,15,0,9,3,12877.0,2330.0,38,5,5,4,10,154,32,1,0,0,32,17,0,5,4,0,0,0,6,4,0,6
90497592,0,Seb (allegedly),win,11,0,264,3695.0,1473.0,0,0,"NE,NW,SE,SW",4,49,11,0,15,0,11,3,20234.0,8194.0,19,11,10,5,2,142,74,1,0,0,32,16,0,5,6,0,18,0,12,4,0,11
90497592,0,Seb (allegedly),win,12,0,288,969.0,-2726.0,0,0,"NE,NW,SE,SW",4,62,13,0,19,0,13,4,20468.0,314.0,46,9,9,2,13,177,13,2,0,0,41,19,0,5,8,0,0,0,0,0,0,4
90497592,0,Seb (allegedly),win,13,0,312,4249.0,3280.0,0,0,"NE,NW,SE,SW",4,62,14,0,19,0,14,4,25083.0,4615.0,20,14,13,5,1,146,66,1,0,0,42,19,0,5,9,3,0,0,10,8,0,20
90497592,0,Seb (allegedly),win,14,0,336,4098.0,-151.0,0,0,"NE,NW,SE,SW",4,62,16,1,19,0,16,4,26779.0,1696.0,51,11,11,3,0,166,23,1,0,0,42,19,0,5,11,0,0,0,8,0,0,12
90497592,0,Seb (allegedly),win,15,0,360,3102.0,-996.0,0,0,"NE,NW,SE,SW",4,62,18,1,19,0,18,5,27874.0,1030.0,29,16,16,3,0,174,17,1,0,0,42,19,0,5,13,0,0,0,8,0,0,2
90497592,0,Seb (allegedly),win,16,0,384,5047.0,1945.0,0,0,"NE,NW,SE,SW",4,60,18,1,19,0,22,5,31394.0,2497.0,45,18,16,17,0,169,6,0,0,0,42,18,0,5,13,0,0,0,2,8,0,6
90497592,0,Seb (allegedly),win,17,0,408,18651.0,13604.0,0,0,"NE,NW,SE,SW",4,55,18,2,19,0,18,5,45549.0,14055.0,37,14,14,12,1,173,1,1,0,0,42,12,0,5,13,0,24,18,6,19,0,15
90497592,0,Seb (allegedly),win,18,0,432,25627.0,6976.0,0,0,"NE,NW,SE,SW",4,57,19,2,19,0,19,6,53686.0,9269.0,37,18,18,24,2,164,0,1,0,0,42,14,0,5,14,0,18,16,7,11,0,3
90497592,0,Seb (allegedly),win,19,0,456,35164.0,9537.0,0,0,"NE,NW,SE,SW",4,52,19,2,19,0,19,6,63346.0,9716.0,37,18,17,17,0,167,1,1,0,0,42,9,0,5,14,0,12,26,0,16,0,13
90497592,0,Seb (allegedly),win,20,0,480,44833.0,9669.0,0,0,"NE,NW,SE,SW",4,51,19,2,19,0,19,6,73736.0,10390.0,28,17,16,36,0,169,1,1,0,0,42,8,0,5,14,0,18,17,15,22,0,8
90497592,0,Seb (allegedly),win,21,0,504,50992.0,6159.0,0,0,"NE,NW,SE,SW",4,47,19,2,19,0,20,7,79646.0,4482.0,33,19,18,14,0,171,1,0,0,0,42,5,0,5,14,0,18,39,0,4,0,14
90497592,0,Seb (allegedly),win,22,0,528,59522.0,8530.0,0,0,"NE,NW,SE,SW",4,45,19,2,19,1,19,7,88916.0,10698.0,21,16,16,47,1,152,1,1,0,0,42,2,0,5,14,0,21,23,8,30,0,11
90497592,0,Seb (allegedly),win,23,0,552,61616.0,2094.0,0,0,"NE,NW,SE,SW",4,36,19,12,19,0,19,7,92773.0,3857.0,29,18,18,11,1,159,12,2,0,0,32,2,0,5,14,0,0,40,0,12,0,11
90497592,0,Seb (allegedly),win,24,0,576,68601.0,6985.0,0,0,"NE,NW,SE,SW",4,36,19,12,19,0,19,8,100883.0,8072.0,9,17,17,36,0,157,16,2,0,0,32,2,0,5,14,0,3,57,15,28,0,15
90497592,0,Seb (allegedly),win,25,0,600,72561.0,3960.0,0,0,"NE,NW,SE,SW",4,27,19,24,19,0,19,8,106265.0,4309.0,23,19,19,12,2,160,24,4,0,0,21,2,0,5,14,0,0,8,0,16,0,12
90497592,0,Seb (allegedly),win,26,0,624,76457.0,3896.0,0,0,"NE,NW,SE,SW",4,23,19,27,19,0,19,8,111338.0,4295.0,5,19,19,24,0,161,27,3,0,0,18,2,0,5,14,0,0,28,10,12,0,23
90497592,0,Seb (allegedly),win,27,0,648,79122.0,2665.0,0,0,"NE,NW,SE,SW",4,15,19,35,19,0,20,8,115239.0,5790.0,15,19,19,10,1,134,57,3,0,0,10,2,0,5,14,3,0,12,0,22,0,16
90497592,0,Seb (allegedly),win,28,0,672,85019.0,5897.0,0,0,"NE,NW,SE,SW",4,14,19,35,19,0,19,8,122305.0,7066.0,6,19,19,18,1,142,53,4,0,0,10,0,0,5,14,0,0,14,12,24,0,16
90497592,0,Seb (allegedly),win,29,0,696,89228.0,4209.0,0,0,"NE,NW,SE,SW",4,3,19,44,19,0,19,8,127911.0,5606.0,3,19,19,10,0,122,83,2,0,0,1,0,0,5,14,8,0,6,10,16,0,23
90497592,0,Seb (allegedly),win,29,23,719,94235.0,5007.0,0,0,"NE,NW,SE,SW",4,2,19,45,19,0,0,8,132857.0,5606.0,3,19,19,10,0,122,83,2,0,0,0,0,0,5,14,8,0,6,10,16,0,23
90497592,1,i3,loss,0,0,0,3000.0,0.0,0,0,NW,1,0,0,0,0,0,0,0,0.0,0.0,0,0,0,0,0,0,0,0,0,0,0,0,0,0,0,0,0,0,0,0,0,0
90497592,1,i3,loss,1,0,24,105.0,-2895.0,0,0,NW,1,19,4,0,6,0,0,0,0.0,0.0,19,2,2,0,19,33,46,7,0,0,0,12,0,2,2,0,0,0,0,0,0,0
90497592,1,i3,loss,2,0,48,6.0,-99.0,0,0,NW,1,19,4,0,6,0,6,0,198.0,198.0,0,4,4,0,0,9,6,7,0,0,0,12,0,2,2,0,0,0,0,0,0,2
90497592,1,i3,loss,3,0,72,166.0,160.0,0,0,NW,1,19,4,0,6,0,5,1,1417.0,1219.0,19,2,4,0,0,33,48,7,0,0,0,12,0,2,2,33,0,0,0,0,0,2
90497592,1,i3,loss,4,0,96,50.0,-116.0,0,0,NW,1,19,5,0,6,0,4,1,2125.0,708.0,7,4,4,0,0,31,85,7,0,0,0,12,0,3,2,10,0,0,0,0,0,4
90497592,1,i3,loss,5,0,120,308.0,258.0,0,0,NW,1,19,5,0,6,0,34,1,2949.0,824.0,28,5,5,7,7,52,29,7,0,0,0,12,0,3,2,8,0,0,0,0,0,6
90497592,1,i3,loss,6,0,144,815.0,507.0,0,0,NW,1,19,6,0,6,0,5,2,3803.0,854.0,0,4,5,0,0,14,18,7,0,0,0,12,0,4,2,25,0,0,0,0,0,3
90497592,1,i3,loss,7,0,168,928.0,113.0,0,0,NW,1,19,6,0,6,0,12,2,4540.0,737.0,19,6,6,2,0,38,36,7,0,0,0,12,0,4,2,10,0,0,0,0,0,5
90497592,1,i3,loss,8,0,192,494.0,-434.0,0,0,"NE,NW",2,26,10,0,12,0,10,2,9313.0,4773.0,26,7,8,0,7,54,36,7,0,0,7,12,0,6,4,50,0,0,0,12,0,5
90497592,1,i3,loss,9,0,216,2302.0,1808.0,0,0,"NE,NW",2,30,10,0,12,0,39,3,12960.0,2765.0,31,10,10,9,11,90,49,7,0,0,11,12,0,6,4,0,0,0,12,0,0,7
90497592,1,i3,loss,10,0,240,1873.0,-429.0,0,0,"NE,NW",2,38,12,0,12,0,17,3,16204.0,4126.0,27,8,10,1,8,88,108,7,0,0,19,12,0,8,4,14,0,0,12,8,0,0
90497592,1,i3,loss,11,0,264,10391.0,8518.0,0,0,"NE,NW",2,28,12,0,12,0,19,3,33805.0,17601.0,22,12,12,12,0,115,18,7,0,0,19,2,0,8,4,44,54,0,6,8,0,0
90497592,1,i3,loss,12,0,288,12145.0,1754.0,0,0,"NE,NW,SW",3,58,14,0,14,0,21,4,47446.0,13641.0,56,12,14,4,32,120,63,7,0,0,39,12,0,8,6,77,42,0,6,0,0,9
90497592,1,i3,loss,13,0,312,17127.0,4982.0,0,0,"NE,NW,SW",3,61,14,0,14,0,49,4,56530.0,6715.0,20,14,14,11,10,66,35,7,0,0,42,12,0,8,6,26,6,0,15,8,0,12
90497592,1,i3,loss,14,0,336,18203.0,1076.0,0,0,"NE,NW,SW",3,61,14,0,14,0,21,4,57683.0,3522.0,51,14,14,1,0,104,27,7,0,0,42,12,0,8,6,14,0,0,3,8,0,11
90497592,1,i3,loss,15,0,360,20561.0,2358.0,0,0,"NE,NW,SW",3,61,14,0,14,0,35,5,64440.0,6757.0,14,14,14,3,0,69,16,7,0,0,42,12,0,8,6,46,0,0,0,18,0,9
90497592,1,i3,loss,16,0,384,22023.0,1462.0,0,0,"NE,NW,SW",3,61,14,0,14,0,21,5,67003.0,2439.0,59,14,14,7,0,133,58,7,0,0,42,12,0,8,6,0,0,0,21,0,0,6
90497592,1,i3,loss,17,0,408,25588.0,3565.0,0,0,"NE,NW,SW",3,61,14,0,14,0,49,5,74667.0,7617.0,28,14,14,11,7,93,14,7,0,0,42,12,0,8,6,25,0,0,33,16,0,11
90497592,1,i3,loss,18,0,432,29590.0,4002.0,0,0,"NE,NW,SW",3,61,14,0,14,0,21,6,82395.0,7629.0,47,14,14,13,0,129,26,7,0,0,42,12,0,8,6,14,0,6,9,22,0,2
90497592,1,i3,loss,19,0,456,31499.0,1909.0,0,0,"NE,NW,SW",3,61,14,0,14,0,7,6,84816.0,2115.0,36,14,14,10,0,137,68,7,0,0,42,12,0,8,6,0,0,8,33,0,0,6
90497592,1,i3,loss,20,0,480,38268.0,6769.0,0,0,"NE,NW,SW",3,61,14,0,14,0,21,6,102499.0,17641.0,47,14,14,22,0,139,32,7,0,0,42,12,0,8,6,67,0,14,21,50,0,5
90497592,1,i3,loss,21,0,504,38646.0,378.0,0,0,"NE,NW,SW",3,61,14,0,14,0,55,7,106091.0,3874.0,56,14,14,13,7,159,25,7,0,0,42,12,0,8,6,23,0,22,2,8,0,0
90497592,1,i3,loss,22,0,528,44784.0,6138.0,0,0,"NE,NW,SW",3,56,14,0,14,0,15,7,116592.0,10786.0,21,14,14,32,0,176,20,7,0,0,42,7,0,8,6,30,60,21,22,21,0,6
90497592,1,i3,loss,23,0,552,44475.0,-309.0,0,0,"NE,NW,SW",3,57,14,0,14,0,21,7,121959.0,5181.0,55,14,14,25,7,176,6,14,0,0,42,1,0,8,6,42,0,19,6,11,0,0
90497592,1,i3,loss,24,0,576,47222.0,2747.0,0,0,"NE,NW,SW",3,57,14,0,14,0,7,8,125885.0,3149.0,22,14,14,39,5,177,34,19,0,0,38,0,0,8,6,0,19,24,21,8,0,1
90497592,1,i3,loss,25,0,600,46776.0,-446.0,0,0,"NE,NW,SW",3,56,14,2,14,0,37,8,130081.0,4766.0,57,14,14,19,11,163,14,23,0,0,33,0,0,8,6,32,0,19,31,8,0,0
90497592,1,i3,loss,26,0,624,50572.0,3796.0,0,0,"NE,NW,SW",3,51,14,0,14,0,13,8,135888.0,6251.0,23,14,14,32,5,165,21,28,0,0,23,0,0,8,6,16,2,24,21,16,0,0
90497592,1,i3,loss,27,0,648,50826.0,254.0,0,0,"NE,NW,SW",3,61,14,0,14,0,30,8,139442.0,3554.0,60,14,14,11,17,155,36,38,0,0,23,0,0,8,6,28,8,20,6,4,0,0
90497592,1,i3,loss,28,0,672,55673.0,4847.0,0,0,"NE,NW,SW",3,53,14,0,14,0,14,8,146842.0,7400.0,31,14,14,32,5,139,45,38,0,0,15,0,0,8,6,22,25,24,30,4,0,27
90497592,1,i3,loss,29,0,696,63626.0,7953.0,0,0,"NE,NW,SW",3,8,14,1,14,0,40,8,155426.0,7947.0,33,14,14,38,0,167,15,8,0,0,0,0,0,8,6,48,0,24,9,16,0,17
90497592,1,i3,loss,29,23,719,70264.0,6638.0,5,5,"NE,NW,SW",3,0,14,0,14,0,0,8,166169.0,7947.0,33,14,14,38,0,167,15,0,0,0,0,0,0,8,6,48,0,24,9,16,0,17
90500613,0,SALAH ELDIN ELNABARAWY,win,0,0,0,3000.0,0.0,0,0,NW,1,0,0,0,0,0,0,0,0.0,0.0,0,0,0,0,0,0,0,0,0,0,0,0,0,0,0,0,0,0,0,0,0,0
90500613,0,SALAH ELDIN ELNABARAWY,win,1,0,24,105.0,-2895.0,0,0,NW,1,19,4,0,6,0,0,0,0.0,0.0,20,2,2,0,19,48,30,7,0,0,0,12,0,2,2,0,0,0,0,0,0,0
90500613,0,SALAH ELDIN ELNABARAWY,win,2,0,48,14.0,-91.0,0,0,NW,1,19,4,0,6,0,6,0,198.0,198.0,0,4,4,0,0,7,8,7,0,0,0,12,0,2,2,0,0,0,0,0,0,2
90500613,0,SALAH ELDIN ELNABARAWY,win,3,0,72,175.0,161.0,0,0,NW,1,19,4,0,6,0,5,1,1417.0,1219.0,23,2,4,0,0,52,25,7,0,0,0,12,0,2,2,33,0,0,0,0,0,2
90500613,0,SALAH ELDIN ELNABARAWY,win,4,0,96,61.0,-114.0,0,0,NW,1,19,5,0,6,0,4,1,2115.0,698.0,8,4,4,0,0,44,71,7,0,0,0,12,0,3,2,10,0,0,0,0,0,4
90500613,0,SALAH ELDIN ELNABARAWY,win,5,0,120,301.0,240.0,0,0,NW,1,19,5,0,6,0,35,1,2947.0,832.0,33,5,5,7,7,67,9,7,0,0,0,12,0,3,2,8,0,0,0,0,0,6
90500613,0,SALAH ELDIN ELNABARAWY,win,6,0,144,947.0,646.0,0,0,NW,1,19,6,0,6,0,6,2,3926.0,979.0,0,4,5,0,0,14,18,7,0,0,0,12,0,4,2,25,0,0,0,0,0,3
90500613,0,SALAH ELDIN ELNABARAWY,win,7,0,168,1015.0,68.0,0,0,NW,1,19,6,0,6,0,13,2,4691.0,765.0,24,6,6,2,0,52,17,7,0,0,0,12,0,4,2,10,0,0,0,0,0,5
90500613,0,SALAH ELDIN ELNABARAWY,win,8,0,192,593.0,-422.0,0,0,"NE,NW",2,26,10,0,12,0,11,2,9569.0,4878.0,26,7,8,0,7,61,29,7,0,0,7,12,0,6,4,50,0,0,0,12,0,5
90500613,0,SALAH ELDIN ELNABARAWY,win,9,0,216,2324.0,1731.0,0,0,"NE,NW",2,30,10,0,12,0,43,3,12144.0,1693.0,34,10,10,9,11,109,27,7,0,0,11,12,0,6,4,0,0,0,6,0,0,7
90500613,0,SALAH ELDIN ELNABARAWY,win,10,0,240,1917.0,-407.0,0,0,"NE,NW",2,38,12,0,12,0,21,3,13554.0,2292.0,29,8,10,1,8,97,97,7,0,0,19,12,0,8,4,14,0,0,6,4,0,0
90500613,0,SALAH ELDIN ELNABARAWY,win,11,0,264,10489.0,8572.0,0,0,"NE,NW",2,28,12,0,12,0,23,3,23865.0,10311.0,25,12,12,12,0,107,23,7,0,0,19,2,0,8,4,44,30,0,3,4,0,0
90500613,0,SALAH ELDIN ELNABARAWY,win,12,0,288,11045.0,556.0,0,0,"NE,NW,SW",3,58,14,0,14,0,25,4,33679.0,9814.0,57,12,14,4,32,135,46,7,0,0,39,12,0,8,6,77,36,0,3,0,0,9
90500613,0,SALAH ELDIN ELNABARAWY,win,13,0,312,15823.0,4778.0,0,0,"NE,NW,SW",3,61,14,0,14,0,53,4,39889.0,6056.0,21,14,14,11,10,76,24,7,0,0,42,12,0,8,6,26,6,0,12,8,0,12
90500613,0,SALAH ELDIN ELNABARAWY,win,14,0,336,16988.0,1165.0,0,0,"NE,NW,SW",3,61,14,0,14,0,25,4,41087.0,1352.0,49,14,14,1,0,103,9,7,0,0,42,12,0,8,6,14,0,0,0,0,0,11
90500613,0,SALAH ELDIN ELNABARAWY,win,15,0,360,20448.0,3460.0,0,0,"NE,NW,SW",3,61,14,0,14,0,39,5,47364.0,6277.0,15,14,14,3,0,72,11,7,0,0,42,12,0,8,6,46,0,0,9,12,0,9
90500613,0,SALAH ELDIN ELNABARAWY,win,16,0,384,22394.0,1946.0,0,0,"NE,NW,SW",3,61,14,0,14,0,25,5,49629.0,2131.0,58,14,14,7,0,146,26,7,0,0,42,12,0,8,6,0,0,0,6,4,0,6
90500613,0,SALAH ELDIN ELNABARAWY,win,17,0,408,25335.0,2941.0,0,0,"NE,NW,SW",3,61,14,0,14,0,53,5,54014.0,4519.0,29,14,14,11,7,94,11,7,0,0,42,12,0,8,6,25,0,0,24,4,0,11
90500613,0,SALAH ELDIN ELNABARAWY,win,18,0,432,29589.0,4254.0,0,0,"NE,NW,SW",3,61,14,0,14,0,25,6,58385.0,4155.0,48,14,14,13,0,135,19,7,0,0,42,12,0,8,6,14,0,6,3,8,0,2
90500613,0,SALAH ELDIN ELNABARAWY,win,19,0,456,34775.0,5186.0,0,0,"NE,NW,SW",3,61,14,0,14,0,11,6,64110.0,5057.0,39,14,14,10,0,147,55,7,0,0,42,12,0,8,6,0,0,8,27,10,0,6
90500613,0,SALAH ELDIN ELNABARAWY,win,20,0,480,41930.0,7155.0,0,0,"NE,NW,SW",3,61,14,0,14,0,25,6,75636.0,11108.0,47,14,14,22,0,129,18,7,0,0,42,12,0,8,6,67,0,14,12,18,0,5
90500613,0,SALAH ELDIN ELNABARAWY,win,21,0,504,44654.0,2724.0,0,0,"NE,NW,SW",3,61,14,0,14,0,59,7,81550.0,5768.0,56,14,14,14,7,161,19,7,0,0,42,12,0,8,6,23,0,22,3,0,0,0
90500613,0,SALAH ELDIN ELNABARAWY,win,22,0,528,63276.0,18622.0,0,0,"NE,NW,SW",3,56,14,0,14,0,19,7,98369.0,18267.0,21,14,14,43,0,164,13,7,0,0,42,7,0,8,6,30,30,50,15,12,0,6
90500613,0,SALAH ELDIN ELNABARAWY,win,23,0,552,66810.0,3534.0,0,0,"NE,NW,SW",3,57,14,0,14,0,25,7,105680.0,6615.0,55,14,14,27,7,172,5,14,0,0,42,1,0,8,6,42,0,21,3,4,0,0
90500613,0,SALAH ELDIN ELNABARAWY,win,24,0,576,76043.0,9233.0,0,0,"NE,NW,SW",3,57,14,0,14,0,11,8,115268.0,10284.0,25,14,14,47,5,174,23,19,0,0,38,0,0,8,6,0,36,35,18,12,0,1
90500613,0,SALAH ELDIN ELNABARAWY,win,25,0,600,79444.0,3401.0,0,0,"NE,NW,SW",3,55,14,2,14,1,49,8,120897.0,4359.0,55,14,14,20,10,153,5,22,0,0,33,0,0,8,6,32,6,41,21,4,0,0
90500613,0,SALAH ELDIN ELNABARAWY,win,26,0,624,83516.0,4072.0,0,0,"NE,NW,SW",3,50,14,0,14,1,25,8,125225.0,5598.0,24,14,14,36,5,158,18,27,0,0,23,0,0,8,6,16,0,33,9,12,0,0
90500613,0,SALAH ELDIN ELNABARAWY,win,27,0,648,83111.0,-405.0,0,0,"NE,NW,SW",3,60,14,0,14,1,53,8,128607.0,3184.0,62,14,14,11,17,165,21,37,0,0,23,0,0,8,6,28,0,38,6,4,0,0
90500613,0,SALAH ELDIN ELNABARAWY,win,28,0,672,88104.0,4993.0,0,0,"NE,NW,SW",3,52,14,0,14,1,37,8,134098.0,5689.0,35,14,14,37,5,148,26,37,0,0,15,0,0,8,6,22,0,7,21,4,0,27
90500613,0,SALAH ELDIN ELNABARAWY,win,29,0,696,96926.0,8822.0,0,0,"NE,NW,SW",3,8,14,1,14,1,47,8,142695.0,7930.0,34,14,14,39,0,160,20,8,0,0,0,0,0,8,6,48,0,33,9,16,0,17
90500613,0,SALAH ELDIN ELNABARAWY,win,29,23,719,105238.0,8312.0,5,5,"NE,NW,SW",3,0,14,0,14,1,0,8,150796.0,7930.0,34,14,14,39,0,160,20,0,0,0,0,0,0,8,6,48,0,33,9,16,0,17
90500613,1,Yaroslav,loss,0,0,0,3000.0,0.0,0,0,NW,1,0,0,0,0,0,0,0,0.0,0.0,0,0,0,0,0,0,0,0,0,0,0,0,0,0,0,0,0,0,0,0,0,0
90500613,1,Yaroslav,loss,1,0,24,105.0,-2895.0,0,0,NW,1,19,4,0,6,0,0,0,0.0,0.0,20,2,2,0,19,48,30,7,0,0,0,12,0,2,2,0,0,0,0,0,0,0
90500613,1,Yaroslav,loss,2,0,48,14.0,-91.0,0,0,NW,1,19,4,0,6,0,6,0,198.0,198.0,0,4,4,0,0,7,8,7,0,0,0,12,0,2,2,0,0,0,0,0,0,2
90500613,1,Yaroslav,loss,3,0,72,175.0,161.0,0,0,NW,1,19,4,0,6,0,5,1,1417.0,1219.0,23,2,4,0,0,52,25,7,0,0,0,12,0,2,2,33,0,0,0,0,0,2
90500613,1,Yaroslav,loss,4,0,96,61.0,-114.0,0,0,NW,1,19,5,0,6,0,4,1,2115.0,698.0,8,4,4,0,0,44,71,7,0,0,0,12,0,3,2,10,0,0,0,0,0,4
90500613,1,Yaroslav,loss,5,0,120,301.0,240.0,0,0,NW,1,19,5,0,6,0,35,1,2947.0,832.0,33,5,5,7,7,67,9,7,0,0,0,12,0,3,2,8,0,0,0,0,0,6
90500613,1,Yaroslav,loss,6,0,144,947.0,646.0,0,0,NW,1,19,6,0,6,0,6,2,3926.0,979.0,0,4,5,0,0,14,18,7,0,0,0,12,0,4,2,25,0,0,0,0,0,3
90500613,1,Yaroslav,loss,7,0,168,1015.0,68.0,0,0,NW,1,19,6,0,6,0,13,2,10355.0,3597.0,24,6,6,2,0,52,17,7,0,0,0,12,0,4,2,10,0,0,0,12,0,5
90500613,1,Yaroslav,loss,8,0,192,493.0,-522.0,0,0,"NE,NW",2,27,10,0,12,0,11,2,15233.0,7710.0,28,7,8,0,8,61,26,7,0,0,8,12,0,6,4,50,0,0,0,24,0,5
90500613,1,Yaroslav,loss,9,0,216,2326.0,1833.0,0,0,"NE,NW",2,31,10,0,12,0,40,3,21162.0,5047.0,36,10,10,9,11,106,28,7,0,0,12,12,0,6,4,0,0,0,24,0,0,7
90500613,1,Yaroslav,loss,10,0,240,2075.0,-251.0,0,0,"NE,NW",2,38,12,0,12,0,19,3,25335.0,5055.0,30,8,10,1,7,93,81,7,0,0,19,12,0,8,4,13,0,0,12,12,0,0
90500613,1,Yaroslav,loss,11,0,264,10647.0,8572.0,0,0,"NE,NW",2,28,12,0,12,0,21,3,110611.0,78166.0,25,12,12,12,0,107,22,7,0,0,19,2,0,8,4,44,288,0,9,12,0,0
90500613,1,Yaroslav,loss,12,0,288,11182.0,535.0,0,0,"NE,NW,SW",3,58,14,0,14,0,23,4,128855.0,23644.0,58,12,14,4,32,136,45,7,0,0,39,12,0,8,6,77,96,0,18,0,0,9
90500613,1,Yaroslav,loss,13,0,312,15898.0,4716.0,0,0,"NE,NW,SW",3,61,14,0,14,0,51,4,140414.0,10861.0,21,14,14,11,10,76,24,7,0,0,42,12,0,8,6,26,12,0,27,16,0,12
90500613,1,Yaroslav,loss,14,0,336,17063.0,1165.0,0,0,"NE,NW,SW",3,61,14,0,14,0,23,4,146934.0,6267.0,49,14,14,1,0,103,9,7,0,0,42,12,0,8,6,14,0,0,12,14,0,11
90500613,1,Yaroslav,loss,15,0,360,20534.0,3471.0,0,0,"NE,NW,SW",3,61,14,0,14,0,37,5,155617.0,10864.0,15,14,14,3,0,72,11,7,0,0,42,12,0,8,6,46,0,0,18,26,0,9
90500613,1,Yaroslav,loss,16,0,384,21515.0,981.0,0,0,"NE,NW,SW",3,61,14,0,14,0,23,5,162873.0,6090.0,58,14,14,7,0,146,26,7,0,0,42,12,0,8,6,0,0,0,33,6,0,6
90500613,1,Yaroslav,loss,17,0,408,23508.0,1993.0,0,0,"NE,NW,SW",3,61,14,0,14,0,51,5,168025.0,6621.0,30,14,14,12,7,89,11,7,0,0,42,12,0,8,6,25,0,0,57,0,0,11
90500613,1,Yaroslav,loss,18,0,432,27423.0,3915.0,0,0,"NE,NW,SW",3,61,14,0,14,0,23,6,188853.0,18913.0,47,14,14,13,0,134,20,7,0,0,42,12,0,8,6,14,0,64,60,0,0,2
90500613,1,Yaroslav,loss,19,0,456,34621.0,7198.0,0,0,"NE,NW,SW",3,61,14,0,14,0,23,6,216347.0,28702.0,39,14,14,10,0,137,26,7,0,0,42,12,0,8,6,41,0,38,36,72,0,3
90500613,1,Yaroslav,loss,20,0,480,42616.0,7995.0,0,0,"NE,NW,SW",3,61,14,0,14,0,23,6,265063.0,44775.0,48,14,14,22,0,129,16,7,0,0,42,12,0,8,6,67,0,114,54,58,0,9
90500613,1,Yaroslav,loss,21,0,504,45340.0,2724.0,0,0,"NE,NW,SW",3,61,14,0,14,0,57,7,276185.0,13515.0,56,14,14,14,7,160,19,7,0,0,42,12,0,8,6,23,0,56,12,0,0,0
90500613,1,Yaroslav,loss,22,0,528,62906.0,17566.0,0,0,"NE,NW,SW",3,56,14,0,14,0,17,7,353368.0,76761.0,21,14,14,43,0,164,13,7,0,0,42,7,0,8,6,30,138,208,39,36,0,5
90500613,1,Yaroslav,loss,23,0,552,66723.0,3817.0,0,0,"NE,NW,SW",3,57,14,0,14,0,23,7,384818.0,25440.0,57,14,14,24,7,166,11,14,0,0,42,1,0,8,6,43,34,51,18,40,0,0
90500613,1,Yaroslav,loss,24,0,576,75445.0,8722.0,0,0,"NE,NW,SW",3,56,14,0,14,0,9,8,441030.0,57246.0,22,14,14,49,5,157,21,19,0,0,37,0,0,8,6,0,70,274,63,28,0,0
90500613,1,Yaroslav,loss,25,0,600,78553.0,3108.0,0,0,"NE,NW,SW",3,55,14,2,14,0,47,8,454871.0,18305.0,56,14,14,21,12,164,9,24,0,0,31,0,0,8,6,37,18,138,57,12,0,0
90500613,1,Yaroslav,loss,26,0,624,82558.0,4005.0,0,0,"NE,NW,SW",3,54,14,0,14,2,21,8,474692.0,20921.0,20,14,14,41,4,165,20,28,0,0,26,0,0,8,6,12,0,144,78,38,0,0
90500613,1,Yaroslav,loss,27,0,648,81654.0,-904.0,0,0,"NE,NW,SW",3,56,14,0,14,2,39,8,484656.0,8557.0,58,14,14,13,12,177,14,33,0,0,23,0,0,8,6,25,0,115,12,16,0,0
90500613,1,Yaroslav,loss,28,0,672,87304.0,5650.0,0,0,"NE,NW,SW",3,50,14,0,14,2,31,8,512897.0,25288.0,33,14,14,32,8,153,15,36,0,0,14,0,0,8,6,32,0,115,51,33,0,25
90500613,1,Yaroslav,loss,29,0,696,94747.0,7443.0,0,0,"NE,NW,SW",3,9,14,1,14,2,46,8,526234.0,18579.0,32,14,14,37,0,164,17,9,0,0,0,0,0,8,6,51,0,80,39,36,0,16
90500613,1,Yaroslav,loss,29,23,719,102892.0,8145.0,6,6,"NE,NW,SW",3,0,14,1,14,2,1,8,541526.0,18579.0,32,14,14,37,0,164,17,0,0,0,0,0,0,8,6,51,0,80,39,36,0,16
90503598,0,Seb (allegedly),win,0,0,0,3000.0,0.0,0,0,NW,1,0,0,0,0,0,0,0,0.0,0.0,0,0,0,0,0,0,0,0,0,0,0,0,0,0,0,0,0,0,0,0,0,0
90503598,0,Seb (allegedly),win,1,0,24,566.0,-2434.0,0,0,NW,1,17,4,0,8,0,4,0,0.0,0.0,17,4,4,0,17,60,58,14,0,0,0,3,0,2,2,0,0,0,0,0,0,0
90503598,0,Seb (allegedly),win,2,0,48,356.0,-210.0,0,0,NW,1,17,5,0,8,0,5,0,398.0,398.0,0,5,5,0,0,30,130,14,0,0,0,3,0,3,2,0,0,0,0,0,0,4
90503598,0,Seb (allegedly),win,3,0,72,658.0,302.0,0,0,NW,1,17,5,0,8,0,5,1,886.0,488.0,17,5,5,0,0,64,83,14,0,0,0,3,0,3,2,0,0,0,0,0,0,5
90503598,0,Seb (allegedly),win,4,0,96,482.0,-176.0,0,0,NW,1,17,6,0,8,0,6,1,1366.0,480.0,14,6,6,0,0,47,101,14,0,0,0,3,0,4,2,0,0,0,0,0,0,5
90503598,0,Seb (allegedly),win,5,0,120,1143.0,661.0,0,0,"NE,NW",2,3,7,0,8,0,7,1,3474.0,1415.0,17,7,7,14,0,88,37,0,0,0,0,3,0,5,2,29,0,0,0,0,0,5
90503598,0,Seb (allegedly),win,6,0,144,43.0,-1100.0,0,0,"NE,NW",2,17,7,0,9,0,7,2,4116.0,1335.0,13,3,2,0,14,96,38,2,0,0,11,4,0,5,2,20,0,0,0,0,0,8
90503598,0,Seb (allegedly),win,7,0,168,1104.0,1061.0,0,0,"NE,NW,SW",3,22,7,0,9,0,7,2,7405.0,3289.0,9,8,8,2,5,70,69,2,0,0,11,9,0,5,2,0,0,0,0,12,0,7
90503598,0,Seb (allegedly),win,8,0,192,274.0,-830.0,0,0,"NE,NW,SW",3,33,7,0,14,0,7,2,8013.0,608.0,27,4,4,0,11,122,18,2,0,0,22,9,0,5,2,0,0,0,0,0,0,7
90503598,0,Seb (allegedly),win,9,0,216,2731.0,2457.0,0,0,"NE,NW,SW",3,39,7,0,14,1,7,3,11214.0,3201.0,17,7,7,2,6,115,57,2,0,0,23,14,0,5,2,0,0,0,12,0,0,7
90503598,0,Seb (allegedly),win,10,0,240,1521.0,-1210.0,0,0,"NE,NW,SW",3,49,10,0,14,1,10,3,13220.0,2006.0,40,9,9,5,12,157,15,0,0,0,33,16,0,7,3,0,0,0,0,8,0,2
90503598,0,Seb (allegedly),win,11,0,264,3942.0,2421.0,0,0,"NE,NW,SE,SW",4,48,13,0,15,1,13,3,21901.0,8681.0,16,11,11,5,2,135,84,0,0,0,34,14,0,8,5,0,18,0,12,0,0,15
90503598,0,Seb (allegedly),win,12,0,288,2845.0,-1097.0,0,0,"NE,NW,SE,SW",4,62,16,0,19,1,16,4,24046.0,2067.0,49,14,13,2,14,159,14,1,0,0,44,17,0,9,7,0,0,0,9,0,0,1
90503598,0,Seb (allegedly),win,13,0,312,7169.0,4324.0,0,0,"NE,NW,SE,SW",4,63,18,0,19,0,18,4,30336.0,6368.0,15,15,15,5,1,145,62,2,0,0,44,17,0,9,9,0,0,0,12,8,0,25
90503598,0,Seb (allegedly),win,14,0,336,6047.0,-1122.0,0,0,"NE,NW,SE,SW",4,63,18,0,19,0,18,4,30676.0,204.0,54,14,12,2,0,187,10,2,0,0,44,17,0,9,9,0,0,0,0,0,0,3
90503598,0,Seb (allegedly),win,15,0,360,6950.0,903.0,0,0,"NE,NW,SE,SW",4,63,19,0,19,0,19,5,32742.0,2202.0,25,20,20,3,0,179,6,2,0,0,44,17,0,9,10,0,0,0,6,0,0,13
90503598,0,Seb (allegedly),win,16,0,384,10105.0,3155.0,0,0,"NE,NW,SE,SW",4,61,19,0,19,0,19,5,36901.0,4159.0,51,19,18,18,0,163,4,1,0,0,44,16,0,9,10,0,0,4,8,4,0,7
90503598,0,Seb (allegedly),win,17,0,408,24753.0,14648.0,0,0,"NE,NW,SE,SW",4,56,19,0,19,0,22,5,52488.0,15532.0,35,18,19,11,1,162,4,0,0,0,44,12,0,9,10,0,30,16,6,14,0,17
90503598,0,Seb (allegedly),win,18,0,432,35407.0,10654.0,0,0,"NE,NW,SE,SW",4,56,19,0,19,1,19,6,64263.0,11777.0,36,19,19,26,0,161,4,0,0,0,44,12,0,9,10,0,6,11,17,15,0,11
90503598,0,Seb (allegedly),win,19,0,456,53838.0,18431.0,0,0,"NE,NW,SE,SW",4,53,19,0,19,0,19,6,83363.0,19153.0,36,14,11,17,2,174,1,1,0,0,44,8,0,9,10,0,17,31,17,21,0,13
90503598,0,Seb (allegedly),win,20,0,480,70297.0,16459.0,0,0,"NE,NW,SE,SW",4,53,19,0,19,0,19,6,100807.0,15412.0,29,19,15,40,2,166,0,1,0,0,45,7,0,9,10,0,25,27,21,4,0,6
90503598,0,Seb (allegedly),win,21,0,504,77037.0,6740.0,0,0,"NE,NW,SE,SW",4,52,19,0,19,0,19,7,108728.0,8316.0,35,19,19,11,0,169,2,1,0,0,45,6,0,9,10,0,0,27,0,12,0,3
90503598,0,Seb (allegedly),win,22,0,528,92355.0,15318.0,0,0,"NE,NW,SE,SW",4,50,19,0,19,0,19,7,125000.0,16461.0,22,17,17,49,0,161,3,1,0,0,45,4,0,9,10,0,18,25,18,20,0,4
90503598,0,Seb (allegedly),win,23,0,552,99333.0,6978.0,0,0,"NE,NW,SE,SW",4,37,19,11,19,0,19,7,132960.0,9408.0,27,19,18,9,0,166,11,0,0,0,34,3,0,9,10,0,0,37,5,7,0,10
90503598,0,Seb (allegedly),win,24,0,576,111603.0,12270.0,0,0,"NE,NW,SE,SW",4,38,19,11,19,0,19,8,146152.0,13192.0,15,16,17,38,1,171,2,1,0,0,34,3,0,9,10,0,6,38,20,8,0,8
90503598,0,Seb (allegedly),win,25,0,600,119885.0,8282.0,0,0,"NE,NW,SE,SW",4,28,19,22,19,0,19,8,154801.0,8649.0,22,19,18,14,1,154,19,2,0,0,23,3,0,9,10,0,0,19,9,23,0,19
90503598,0,Seb (allegedly),win,26,0,624,125971.0,6086.0,0,0,"NE,NW,SE,SW",4,27,19,23,19,0,19,8,162089.0,7247.0,7,17,18,27,0,145,42,2,0,0,22,3,0,9,10,0,0,29,19,5,0,15
90503598,0,Seb (allegedly),win,27,0,648,130357.0,4386.0,0,0,"NE,NW,SE,SW",4,16,19,33,19,0,19,8,167941.0,5893.0,15,20,19,9,0,140,51,2,0,0,12,2,0,9,10,0,0,14,9,13,0,20
90503598,0,Seb (allegedly),win,28,0,672,139870.0,9513.0,0,0,"NE,NW,SE,SW",4,14,19,34,19,0,19,8,178643.0,10627.0,5,19,19,21,0,142,47,1,0,0,11,2,0,9,10,1,1,22,17,20,0,19
90503598,0,Seb (allegedly),win,29,0,696,143358.0,3488.0,0,0,"NE,NW,SE,SW",4,2,19,44,19,0,19,8,183303.0,4735.0,4,19,19,8,0,141,69,0,0,0,1,1,0,9,10,1,0,0,12,7,0,17
90503598,0,Seb (allegedly),win,29,23,719,148637.0,5279.0,0,0,"NE,NW,SE,SW",4,2,19,44,19,0,0,8,188511.0,4735.0,4,19,19,8,0,141,69,0,0,0,1,1,0,9,10,1,0,0,12,7,0,17
90503598,1,Scorpi,loss,0,0,0,3000.0,0.0,0,0,NW,1,0,0,0,0,0,0,0,0.0,0.0,0,0,0,0,0,0,0,0,0,0,0,0,0,0,0,0,0,0,0,0,0,0
90503598,1,Scorpi,loss,1,0,24,105.0,-2895.0,0,0,NW,1,19,4,0,6,0,0,0,0.0,0.0,19,2,2,0,19,33,46,7,0,0,0,12,0,2,2,0,0,0,0,0,0,0
90503598,1,Scorpi,loss,2,0,48,6.0,-99.0,0,0,NW,1,19,4,0,6,0,6,0,198.0,198.0,0,4,4,0,0,9,6,7,0,0,0,12,0,2,2,0,0,0,0,0,0,2
90503598,1,Scorpi,loss,3,0,72,166.0,160.0,0,0,NW,1,19,4,0,6,0,5,1,1417.0,1219.0,19,2,4,0,0,33,48,7,0,0,0,12,0,2,2,33,0,0,0,0,0,2
90503598,1,Scorpi,loss,4,0,96,50.0,-116.0,0,0,NW,1,19,5,0,6,0,4,1,2125.0,708.0,7,4,4,0,0,31,85,7,0,0,0,12,0,3,2,10,0,0,0,0,0,4
90503598,1,Scorpi,loss,5,0,120,304.0,254.0,0,0,NW,1,19,5,0,6,0,34,1,2952.0,827.0,28,5,5,7,7,52,28,7,0,0,0,12,0,3,2,8,0,0,0,0,0,6
90503598,1,Scorpi,loss,6,0,144,881.0,577.0,0,0,NW,1,19,6,0,6,0,5,2,3856.0,904.0,0,4,5,0,0,14,17,7,0,0,0,12,0,4,2,25,0,0,0,0,0,3
90503598,1,Scorpi,loss,7,0,168,945.0,64.0,0,0,NW,1,19,6,0,6,0,12,2,4606.0,750.0,19,6,6,2,0,38,36,7,0,0,0,12,0,4,2,10,0,0,0,0,0,5
90503598,1,Scorpi,loss,8,0,192,333.0,-612.0,0,0,"NE,NW",2,26,10,0,12,0,10,2,9225.0,4619.0,26,7,8,0,7,54,36,7,0,0,7,12,0,6,4,50,0,0,0,12,0,5
90503598,1,Scorpi,loss,9,0,216,2724.0,2391.0,0,0,"NE,NW",2,30,10,0,12,0,34,3,13610.0,3137.0,31,10,10,9,11,90,48,7,0,0,11,12,0,6,4,0,0,0,12,0,0,7
90503598,1,Scorpi,loss,10,0,240,2278.0,-446.0,0,0,"NE,NW",2,38,12,0,12,0,12,3,17168.0,4806.0,27,8,12,1,8,88,93,7,0,0,19,12,0,8,4,14,0,0,12,8,0,0
90503598,1,Scorpi,loss,11,0,264,10872.0,8594.0,0,0,"NE,NW",2,28,12,0,12,0,14,3,35247.0,18079.0,22,12,12,12,0,115,17,7,0,0,19,2,0,8,4,44,54,0,6,8,0,0
90503598,1,Scorpi,loss,12,0,288,12887.0,2015.0,0,0,"NE,NW,SW",3,58,14,0,14,0,16,4,49468.0,14221.0,56,12,14,4,32,120,63,7,0,0,39,12,0,8,6,77,42,0,6,0,0,9
90503598,1,Scorpi,loss,13,0,312,19113.0,6226.0,0,0,"NE,NW,SW",3,61,14,0,14,0,44,4,60514.0,8366.0,20,14,14,11,10,66,35,7,0,0,42,12,0,8,6,26,6,0,15,8,0,12
90503598,1,Scorpi,loss,14,0,336,20194.0,1081.0,0,0,"NE,NW,SW",3,61,14,0,14,0,16,4,61672.0,3838.0,51,14,14,1,0,104,26,7,0,0,42,12,0,8,6,14,0,0,3,8,0,11
90503598,1,Scorpi,loss,15,0,360,24542.0,4348.0,0,0,"NE,NW,SW",3,61,14,0,14,0,30,5,70455.0,8783.0,14,14,14,3,0,69,16,7,0,0,42,12,0,8,6,46,0,0,9,18,0,9
90503598,1,Scorpi,loss,16,0,384,25870.0,1328.0,0,0,"NE,NW,SW",3,61,14,0,14,0,16,5,73805.0,3228.0,59,14,14,7,0,133,57,7,0,0,42,12,0,8,6,0,0,0,12,0,0,6
90503598,1,Scorpi,loss,17,0,408,31341.0,5471.0,0,0,"NE,NW,SW",3,61,14,0,14,0,44,5,83827.0,9436.0,28,14,14,11,7,93,14,7,0,0,42,12,0,8,6,25,0,0,33,0,0,11
90503598,1,Scorpi,loss,18,0,432,39157.0,7816.0,0,0,"NE,NW,SW",3,61,14,0,14,0,16,6,96365.0,8034.0,48,14,14,13,0,129,25,7,0,0,42,12,0,8,6,14,0,6,9,16,0,2
90503598,1,Scorpi,loss,19,0,456,47679.0,8522.0,0,0,"NE,NW,SW",3,61,14,0,14,0,2,6,106722.0,14693.0,41,14,14,10,0,137,63,7,0,0,42,12,0,8,6,0,0,8,33,22,0,6
90503598,1,Scorpi,loss,20,0,480,56692.0,9013.0,0,0,"NE,NW,SW",3,61,14,0,14,0,16,6,130036.0,22936.0,47,14,14,22,0,139,30,7,0,0,42,12,0,8,6,67,0,14,21,50,0,5
90503598,1,Scorpi,loss,21,0,504,60748.0,4056.0,0,0,"NE,NW,SW",3,61,14,0,14,0,50,7,138225.0,8045.0,56,14,14,13,7,159,23,7,0,0,42,12,0,8,6,23,0,22,3,8,0,0
90503598,1,Scorpi,loss,22,0,528,78826.0,18078.0,0,0,"NE,NW,SW",3,56,14,0,14,0,10,7,162003.0,24492.0,21,14,14,32,0,176,15,7,0,0,42,7,0,8,6,30,60,47,21,21,0,6
90503598,1,Scorpi,loss,23,0,552,80958.0,2132.0,0,0,"NE,NW,SW",3,57,14,0,14,0,16,7,169800.0,7413.0,55,14,14,25,7,176,3,14,0,0,42,1,0,8,6,42,0,8,6,11,0,0
90503598,1,Scorpi,loss,24,0,576,94038.0,13080.0,0,0,"NE,NW,SW",3,57,14,0,14,0,2,8,184531.0,14162.0,23,14,14,39,5,177,33,19,0,0,38,0,0,8,6,0,36,47,21,8,0,1
90503598,1,Scorpi,loss,25,0,600,99345.0,5307.0,0,0,"NE,NW,SW",3,56,14,2,14,0,40,8,195412.0,11435.0,57,14,14,19,11,163,13,23,0,0,33,0,0,8,6,32,12,37,31,8,0,0
90503598,1,Scorpi,loss,26,0,624,105512.0,6167.0,0,0,"NE,NW,SW",3,51,14,0,14,0,16,8,204839.0,10510.0,25,14,14,32,5,165,17,28,0,0,23,0,0,8,6,16,6,35,21,16,0,0
90503598,1,Scorpi,loss,27,0,648,105932.0,420.0,0,0,"NE,NW,SW",3,61,14,0,14,0,44,8,209180.0,4341.0,60,14,14,11,17,155,35,38,0,0,23,0,0,8,6,28,0,32,6,4,0,0
90503598,1,Scorpi,loss,28,0,672,113702.0,7770.0,0,0,"NE,NW,SW",3,53,14,0,14,0,28,8,219590.0,10410.0,31,14,14,32,5,139,36,38,0,0,15,0,0,8,6,22,0,11,30,4,0,27
90503598,1,Scorpi,loss,29,0,696,123592.0,9890.0,0,0,"NE,NW,SW",3,8,14,1,14,0,42,8,229592.0,9279.0,33,14,14,38,0,167,10,8,0,0,0,0,0,8,6,48,0,33,9,16,0,17
90503598,1,Scorpi,loss,29,23,719,135164.0,11572.0,5,5,"NE,NW,SW",3,0,14,0,14,0,0,8,241152.0,9279.0,33,14,14,38,0,167,10,0,0,0,0,0,0,8,6,48,0,33,9,16,0,17
90505160,0,MD Concepcion,loss,0,0,0,3000.0,0.0,0,0,NW,1,0,0,0,0,0,0,0,0.0,0.0,0,0,0,0,0,0,0,0,0,0,0,0,0,0,0,0,0,0,0,0,0,0
90505160,0,MD Concepcion,loss,1,0,24,105.0,-2895.0,0,0,NW,1,19,4,0,6,0,0,0,0.0,0.0,19,2,2,0,19,33,46,7,0,0,0,12,0,2,2,0,0,0,0,0,0,0
90505160,0,MD Concepcion,loss,2,0,48,14.0,-91.0,0,0,NW,1,19,4,0,6,0,6,0,198.0,198.0,0,4,4,0,0,9,6,7,0,0,0,12,0,2,2,0,0,0,0,0,0,2
90505160,0,MD Concepcion,loss,3,0,72,175.0,161.0,0,0,NW,1,19,4,0,6,0,5,1,1417.0,1219.0,19,2,4,0,0,33,48,7,0,0,0,12,0,2,2,33,0,0,0,0,0,2
90505160,0,MD Concepcion,loss,4,0,96,62.0,-113.0,0,0,NW,1,19,5,0,6,0,4,1,2125.0,708.0,7,4,4,0,0,31,85,7,0,0,0,12,0,3,2,10,0,0,0,0,0,4
90505160,0,MD Concepcion,loss,5,0,120,298.0,236.0,0,0,NW,1,19,5,0,6,0,35,1,2957.0,832.0,28,5,5,7,7,52,29,7,0,0,0,12,0,3,2,8,0,0,0,0,0,6
90505160,0,MD Concepcion,loss,6,0,144,970.0,672.0,0,0,NW,1,19,6,0,6,0,6,2,3986.0,1029.0,0,4,5,0,0,14,18,7,0,0,0,12,0,4,2,25,0,0,0,0,0,3
90505160,0,MD Concepcion,loss,7,0,168,1016.0,46.0,0,0,NW,1,19,6,0,6,0,13,2,7437.0,775.0,19,6,6,2,0,38,36,7,0,0,0,12,0,4,2,10,0,0,0,0,0,5
90505160,0,MD Concepcion,loss,8,0,192,300.0,-716.0,0,0,"NE,NW",2,26,10,0,12,0,11,2,11921.0,7160.0,26,7,8,0,7,54,36,7,0,0,7,12,0,6,4,50,0,0,0,24,0,5
90505160,0,MD Concepcion,loss,9,0,216,2921.0,2621.0,0,0,"NE,NW",2,30,10,0,12,0,34,3,17976.0,4735.0,31,10,10,9,11,90,49,7,0,0,11,12,0,6,4,0,0,0,18,0,0,7
90505160,0,MD Concepcion,loss,10,0,240,2408.0,-513.0,0,0,"NE,NW",2,38,12,0,12,0,12,3,22238.0,5582.0,27,8,10,1,8,88,108,7,0,0,19,12,0,8,4,14,0,0,12,12,0,0
90505160,0,MD Concepcion,loss,11,0,264,11136.0,8728.0,0,0,"NE,NW",2,28,12,0,12,0,14,3,52190.0,22842.0,22,12,12,12,0,115,18,7,0,0,19,2,0,8,4,44,66,0,9,12,0,0
90505160,0,MD Concepcion,loss,12,0,288,11894.0,758.0,0,0,"NE,NW,SW",3,58,14,0,14,0,16,4,67857.0,20491.0,56,12,14,4,32,120,63,7,0,0,39,12,0,8,6,77,78,0,9,0,0,9
90505160,0,MD Concepcion,loss,13,0,312,17854.0,5960.0,0,0,"NE,NW,SW",3,61,14,0,14,0,44,4,81163.0,12909.0,20,14,14,11,10,66,35,7,0,0,42,12,0,8,6,26,12,0,24,16,0,12
90505160,0,MD Concepcion,loss,14,0,336,18986.0,1132.0,0,0,"NE,NW,SW",3,61,14,0,14,0,16,4,85931.0,3881.0,51,14,14,1,0,104,27,7,0,0,42,12,0,8,6,14,0,0,3,8,0,11
90505160,0,MD Concepcion,loss,15,0,360,23426.0,4440.0,0,0,"NE,NW,SW",3,61,14,0,14,0,30,5,96064.0,13703.0,14,14,14,3,0,69,16,7,0,0,42,12,0,8,6,46,0,0,18,30,0,9
90505160,0,MD Concepcion,loss,16,0,384,24836.0,1410.0,0,0,"NE,NW,SW",3,61,14,0,14,0,16,5,103917.0,4803.0,59,14,14,7,0,133,58,7,0,0,42,12,0,8,6,0,0,0,18,0,0,6
90505160,0,MD Concepcion,loss,17,0,408,30332.0,5496.0,0,0,"NE,NW,SW",3,61,14,0,14,0,44,5,115954.0,14406.0,28,14,14,11,7,93,14,7,0,0,42,12,0,8,6,25,0,0,54,0,0,11
90505160,0,MD Concepcion,loss,18,0,432,38003.0,7671.0,0,0,"NE,NW,SW",3,61,14,0,14,0,16,6,133437.0,11304.0,47,14,14,13,0,129,26,7,0,0,42,12,0,8,6,14,0,12,18,16,0,2
90505160,0,MD Concepcion,loss,19,0,456,46344.0,8341.0,0,0,"NE,NW,SW",3,61,14,0,14,0,2,6,145022.0,17561.0,36,14,14,10,0,137,68,7,0,0,42,12,0,8,6,0,0,20,36,22,0,6
90505160,0,MD Concepcion,loss,20,0,480,55322.0,8978.0,0,0,"NE,NW,SW",3,61,14,0,14,0,16,6,172634.0,26579.0,47,14,14,22,0,139,32,7,0,0,42,12,0,8,6,67,0,26,24,54,0,5
90505160,0,MD Concepcion,loss,21,0,504,59565.0,4243.0,0,0,"NE,NW,SW",3,61,14,0,14,0,50,7,184682.0,11227.0,56,14,14,13,7,159,25,7,0,0,42,12,0,8,6,23,0,28,6,13,0,0
90505160,0,MD Concepcion,loss,22,0,528,78992.0,19427.0,0,0,"NE,NW,SW",3,56,14,0,14,0,10,7,218119.0,34813.0,21,14,14,32,0,176,20,7,0,0,42,7,0,8,6,30,66,55,36,30,0,6
90505160,0,MD Concepcion,loss,23,0,552,81268.0,2276.0,0,0,"NE,NW,SW",3,57,14,0,14,0,16,7,234143.0,11538.0,55,14,14,25,7,176,6,14,0,0,42,1,0,8,6,42,6,16,9,17,0,0
90505160,0,MD Concepcion,loss,24,0,576,95257.0,13989.0,0,0,"NE,NW,SW",3,57,14,0,14,0,2,8,258797.0,23889.0,22,14,14,39,5,177,34,19,0,0,38,0,0,8,6,0,36,75,27,20,0,1
90505160,0,MD Concepcion,loss,25,0,600,101164.0,5907.0,0,0,"NE,NW,SW",3,56,14,2,14,0,40,8,271468.0,15543.0,57,14,14,19,11,163,14,23,0,0,33,0,0,8,6,32,12,74,34,8,0,0
90505160,0,MD Concepcion,loss,26,0,624,105837.0,4673.0,0,0,"NE,NW,SW",3,51,14,0,14,0,16,8,283689.0,13808.0,23,14,14,32,5,165,21,28,0,0,23,0,0,8,6,16,6,52,24,28,0,0
90505160,0,MD Concepcion,loss,27,0,648,106058.0,221.0,0,0,"NE,NW,SW",3,61,14,0,14,0,44,8,289055.0,6204.0,60,14,14,11,17,155,36,38,0,0,23,0,0,8,6,28,0,64,12,8,0,0
90505160,0,MD Concepcion,loss,28,0,672,113980.0,7922.0,0,0,"NE,NW,SW",3,53,14,0,14,0,28,8,305075.0,12508.0,31,14,14,32,5,139,45,38,0,0,15,0,0,8,6,22,0,22,33,8,0,27
90505160,0,MD Concepcion,loss,29,0,696,123634.0,9654.0,0,0,"NE,NW,SW",3,8,14,1,14,0,42,8,320056.0,17596.0,33,14,14,38,0,167,15,8,0,0,0,0,0,8,6,48,0,68,18,32,0,17
90505160,0,MD Concepcion,loss,29,23,719,134380.0,10746.0,5,5,"NE,NW,SW",3,0,14,0,14,0,0,8,336284.0,17596.0,33,14,14,38,0,167,15,0,0,0,0,0,0,8,6,48,0,68,18,32,0,17
90505160,1,Mohit Rao,win,0,0,0,3000.0,0.0,0,0,NW,1,0,0,0,0,0,0,0,0.0,0.0,0,0,0,0,0,0,0,0,0,0,0,0,0,0,0,0,0,0,0,0,0,0
90505160,1,Mohit Rao,win,1,0,24,105.0,-2895.0,0,0,NW,1,19,4,0,6,0,0,0,0.0,0.0,19,2,2,0,19,33,46,7,0,0,0,12,0,2,2,0,0,0,0,0,0,0
90505160,1,Mohit Rao,win,2,0,48,14.0,-91.0,0,0,NW,1,19,4,0,6,0,6,0,198.0,198.0,0,4,4,0,0,9,6,7,0,0,0,12,0,2,2,0,0,0,0,0,0,2
90505160,1,Mohit Rao,win,3,0,72,175.0,161.0,0,0,NW,1,19,4,0,6,0,5,1,456.0,258.0,19,2,4,0,0,33,48,7,0,0,0,12,0,2,2,2,0,0,0,0,0,2
90505160,1,Mohit Rao,win,4,0,96,30.0,-145.0,0,0,NW,1,19,5,0,6,0,5,1,844.0,388.0,7,4,4,0,0,31,85,7,0,0,0,12,0,3,2,0,0,0,0,0,0,4
90505160,1,Mohit Rao,win,5,0,120,299.0,269.0,0,0,NW,1,19,5,0,6,0,35,1,1577.0,733.0,28,5,5,7,7,52,29,7,0,0,0,12,0,3,2,5,0,0,0,0,0,6
90505160,1,Mohit Rao,win,6,0,144,971.0,672.0,0,0,NW,1,19,6,0,6,0,6,2,2606.0,1029.0,0,4,5,0,0,14,18,7,0,0,0,12,0,4,2,25,0,0,0,0,0,3
90505160,1,Mohit Rao,win,7,0,168,1017.0,46.0,0,0,NW,1,19,6,0,6,0,13,2,3157.0,551.0,19,6,6,2,0,38,36,7,0,0,0,12,0,4,2,3,0,0,0,0,0,5
90505160,1,Mohit Rao,win,8,0,192,301.0,-716.0,0,0,"NE,NW",2,26,10,0,12,0,11,2,6145.0,2988.0,26,7,8,0,7,54,36,7,0,0,7,12,0,6,4,6,0,0,0,12,0,5
90505160,1,Mohit Rao,win,9,0,216,2922.0,2621.0,0,0,"NE,NW",2,30,10,0,12,0,34,3,10796.0,3331.0,31,10,10,9,11,90,49,7,0,0,11,12,0,6,4,0,0,0,12,0,0,7
90505160,1,Mohit Rao,win,10,0,240,2409.0,-513.0,0,0,"NE,NW",2,38,12,0,12,0,12,3,14190.0,4714.0,27,8,10,1,8,88,108,7,0,0,19,12,0,8,4,14,0,0,12,8,0,0
90505160,1,Mohit Rao,win,11,0,264,11159.0,8750.0,0,0,"NE,NW",2,28,12,0,12,0,14,3,30692.0,16502.0,22,12,12,12,0,115,18,7,0,0,19,2,0,8,4,5,54,0,6,8,0,0
90505160,1,Mohit Rao,win,12,0,288,12001.0,842.0,0,0,"NE,NW,SW",3,58,14,0,14,0,16,4,40771.0,10079.0,56,12,14,4,32,120,63,7,0,0,39,12,0,8,6,35,42,0,6,0,0,9
90505160,1,Mohit Rao,win,13,0,312,17961.0,5960.0,0,0,"NE,NW,SW",3,61,14,0,14,0,44,4,50721.0,7267.0,20,14,14,11,10,66,35,7,0,0,42,12,0,8,6,6,6,0,15,8,0,12
90505160,1,Mohit Rao,win,14,0,336,19093.0,1132.0,0,0,"NE,NW,SW",3,61,14,0,14,0,16,4,51919.0,3881.0,51,14,14,1,0,104,27,7,0,0,42,12,0,8,6,14,0,0,3,8,0,11
90505160,1,Mohit Rao,win,15,0,360,23533.0,4440.0,0,0,"NE,NW,SW",3,61,14,0,14,0,30,5,59054.0,7135.0,14,14,14,3,0,69,16,7,0,0,42,12,0,8,6,6,0,0,9,18,0,9
90505160,1,Mohit Rao,win,16,0,384,25874.0,2341.0,0,0,"NE,NW,SW",3,61,14,0,14,0,16,5,63447.0,3327.0,59,14,14,7,0,133,58,7,0,0,42,12,0,8,6,0,0,0,12,0,0,6
90505160,1,Mohit Rao,win,17,0,408,32329.0,6455.0,0,0,"NE,NW,SW",3,61,14,0,14,0,44,5,73504.0,10442.0,28,14,14,11,7,93,14,7,0,0,42,12,0,8,6,6,0,0,33,8,0,11
90505160,1,Mohit Rao,win,18,0,432,38138.0,5809.0,0,0,"NE,NW,SW",3,61,14,0,14,0,16,6,83888.0,5981.0,47,14,14,13,0,129,26,7,0,0,42,12,0,8,6,14,0,6,9,8,0,2
90505160,1,Mohit Rao,win,19,0,456,47415.0,9277.0,0,0,"NE,NW,SW",3,61,14,0,14,0,2,6,94861.0,14241.0,36,14,14,10,0,137,68,7,0,0,42,12,0,8,6,0,0,8,33,22,0,6
90505160,1,Mohit Rao,win,20,0,480,56334.0,8919.0,0,0,"NE,NW,SW",3,61,14,0,14,0,16,6,111594.0,17241.0,47,14,14,22,0,139,32,7,0,0,42,12,0,8,6,6,0,14,21,40,0,5
90505160,1,Mohit Rao,win,21,0,504,59648.0,3314.0,0,0,"NE,NW,SW",3,61,14,0,14,0,50,7,118192.0,6452.0,56,14,14,13,7,159,25,7,0,0,42,12,0,8,6,6,0,22,3,4,0,0
90505160,1,Mohit Rao,win,22,0,528,79833.0,20185.0,0,0,"NE,NW,SW",3,56,14,0,14,0,10,7,143352.0,25996.0,21,14,14,32,0,176,20,7,0,0,42,7,0,8,6,30,60,47,23,17,0,6
90505160,1,Mohit Rao,win,23,0,552,82097.0,2264.0,0,0,"NE,NW,SW",3,57,14,0,14,0,16,7,150092.0,6266.0,55,14,14,25,7,176,6,14,0,0,42,1,0,8,6,20,0,8,6,11,0,0
90505160,1,Mohit Rao,win,24,0,576,95218.0,13121.0,0,0,"NE,NW,SW",3,57,14,0,14,0,2,8,165082.0,14538.0,22,14,14,39,5,177,34,19,0,0,38,0,0,8,6,0,36,47,21,8,0,1
90505160,1,Mohit Rao,win,25,0,600,101163.0,5945.0,0,0,"NE,NW,SW",3,56,14,2,14,0,40,8,174029.0,8616.0,57,14,14,19,11,163,14,23,0,0,33,0,0,8,6,6,12,37,31,8,0,0
90505160,1,Mohit Rao,win,26,0,624,105836.0,4673.0,0,0,"NE,NW,SW",3,51,14,0,14,0,16,8,181468.0,9314.0,23,14,14,32,5,165,21,28,0,0,23,0,0,8,6,16,6,35,21,16,0,0
90505160,1,Mohit Rao,win,27,0,648,106105.0,269.0,0,0,"NE,NW,SW",3,61,14,0,14,0,44,8,184374.0,2906.0,60,14,14,11,17,155,36,38,0,0,23,0,0,8,6,6,0,32,6,4,0,0
90505160,1,Mohit Rao,win,28,0,672,113955.0,7850.0,0,0,"NE,NW,SW",3,53,14,0,14,0,28,8,194450.0,10076.0,31,14,14,32,5,139,45,38,0,0,15,0,0,8,6,22,0,11,30,4,0,27
90505160,1,Mohit Rao,win,29,0,696,123699.0,9744.0,0,0,"NE,NW,SW",3,8,14,1,14,0,42,8,204282.0,9172.0,33,14,14,38,0,167,15,8,0,0,0,0,0,8,6,48,0,33,9,16,0,17
90505160,1,Mohit Rao,win,29,23,719,134527.0,10828.0,5,5,"NE,NW,SW",3,0,14,0,14,0,0,8,215021.0,9172.0,33,14,14,38,0,167,15,0,0,0,0,0,0,8,6,48,0,33,9,16,0,17
